split,subject_key,site,threshold,min_size_voxels,dice,predicted_voxels,reference_voxels,volume_ratio,recall_voxelwise
train,training_Amsterdam_GE3T_101,Amsterdam,1.05,0,0.009126895688072421,187569,885,211.94237288135594,0.9717514124293786
train,training_Amsterdam_GE3T_101,Amsterdam,1.05,2,0.009137271568210795,187355,885,211.70056497175142,0.9717514124293786
train,training_Amsterdam_GE3T_101,Amsterdam,1.05,3,0.009143586199564084,187225,885,211.5536723163842,0.9717514124293786
train,training_Amsterdam_GE3T_101,Amsterdam,1.05,5,0.009152343957856648,187045,885,211.3502824858757,0.9717514124293786
train,training_Amsterdam_GE3T_101,Amsterdam,1.1,0,0.011349715594933021,150132,885,169.6406779661017,0.9683615819209039
train,training_Amsterdam_GE3T_101,Amsterdam,1.1,2,0.011372382494227553,149831,885,169.3005649717514,0.9683615819209039
train,training_Amsterdam_GE3T_101,Amsterdam,1.1,3,0.011389612460794216,149603,885,169.04293785310733,0.9683615819209039
train,training_Amsterdam_GE3T_101,Amsterdam,1.1,5,0.011409020714628041,149347,885,168.75367231638418,0.9683615819209039
train,training_Amsterdam_GE3T_101,Amsterdam,1.15,0,0.014399239285471712,116899,885,132.08926553672316,0.9581920903954803
train,training_Amsterdam_GE3T_101,Amsterdam,1.15,2,0.014448552588982979,116497,885,131.63502824858756,0.9581920903954803
train,training_Amsterdam_GE3T_101,Amsterdam,1.15,3,0.014481121603852525,116233,885,131.3367231638418,0.9581920903954803
train,training_Amsterdam_GE3T_101,Amsterdam,1.15,5,0.014524900441056823,115880,885,130.93785310734464,0.9581920903954803
train,training_Amsterdam_GE3T_101,Amsterdam,1.2,0,0.018788142495342015,88746,885,100.27796610169491,0.9514124293785311
train,training_Amsterdam_GE3T_101,Amsterdam,1.2,2,0.018864115562334575,88279,885,99.7502824858757,0.9502824858757062
train,training_Amsterdam_GE3T_101,Amsterdam,1.2,3,0.018938455648884186,87929,885,99.35480225988701,0.9502824858757062
train,training_Amsterdam_GE3T_101,Amsterdam,1.2,5,0.01902671885251465,87517,885,98.88926553672316,0.9502824858757062
train,training_Amsterdam_GE3T_101,Amsterdam,1.25,0,0.024770780099203367,65645,885,74.17514124293785,0.9310734463276836
train,training_Amsterdam_GE3T_101,Amsterdam,1.25,2,0.02498294550140226,65080,885,73.53672316384181,0.9310734463276836
train,training_Amsterdam_GE3T_101,Amsterdam,1.25,3,0.02514917059622457,64644,885,73.04406779661016,0.9310734463276836
train,training_Amsterdam_GE3T_101,Amsterdam,1.25,5,0.025381961557417447,64043,885,72.36497175141243,0.9310734463276836
train,training_Amsterdam_GE3T_101,Amsterdam,1.3,0,0.03343108504398827,46855,885,52.943502824858754,0.9016949152542373
train,training_Amsterdam_GE3T_101,Amsterdam,1.3,2,0.033837858492368436,46222,885,52.22824858757062,0.9005649717514125
train,training_Amsterdam_GE3T_101,Amsterdam,1.3,3,0.03399712760712525,45766,885,51.712994350282486,0.896045197740113
train,training_Amsterdam_GE3T_101,Amsterdam,1.3,5,0.03421515988087733,45118,885,50.980790960451976,0.8892655367231639
train,training_Amsterdam_GE3T_101,Amsterdam,1.35,0,0.045428733674048836,32574,885,36.80677966101695,0.8587570621468926
train,training_Amsterdam_GE3T_101,Amsterdam,1.35,2,0.046301937370537345,31943,885,36.09378531073446,0.8587570621468926
train,training_Amsterdam_GE3T_101,Amsterdam,1.35,3,0.0467803732542331,31479,885,35.56949152542373,0.8553672316384181
train,training_Amsterdam_GE3T_101,Amsterdam,1.35,5,0.04699212598425197,30865,885,34.87570621468927,0.8429378531073446
train,training_Amsterdam_GE3T_101,Amsterdam,1.4,0,0.06115466239334748,22204,885,25.089265536723165,0.7977401129943503
train,training_Amsterdam_GE3T_101,Amsterdam,1.4,2,0.062192254801934084,21658,885,24.47231638418079,0.792090395480226
train,training_Amsterdam_GE3T_101,Amsterdam,1.4,3,0.06294306226576964,21262,885,24.024858757062148,0.7875706214689265
train,training_Amsterdam_GE3T_101,Amsterdam,1.4,5,0.06357261487359292,20791,885,23.492655367231638,0.7785310734463277
train,training_Amsterdam_GE3T_101,Amsterdam,1.5,0,0.10167892850405584,9717,885,10.979661016949153,0.6090395480225989
train,training_Amsterdam_GE3T_101,Amsterdam,1.5,2,0.10441924129839655,9343,885,10.557062146892655,0.6033898305084746
train,training_Amsterdam_GE3T_101,Amsterdam,1.5,3,0.1066773611389613,9089,885,10.27005649717514,0.6011299435028249
train,training_Amsterdam_GE3T_101,Amsterdam,1.5,5,0.10872941907424666,8772,885,9.91186440677966,0.5932203389830508
train,training_Amsterdam_GE3T_101,Amsterdam,1.6,0,0.1491317671092952,4010,885,4.531073446327683,0.4124293785310734
train,training_Amsterdam_GE3T_101,Amsterdam,1.6,2,0.15555082037076498,3808,885,4.302824858757062,0.4124293785310734
train,training_Amsterdam_GE3T_101,Amsterdam,1.6,3,0.1588683351468988,3710,885,4.192090395480226,0.4124293785310734
train,training_Amsterdam_GE3T_101,Amsterdam,1.6,5,0.16363227691616095,3564,885,4.027118644067796,0.41129943502824856
train,training_Amsterdam_GE3T_102,Amsterdam,1.05,0,0.014123829857119395,169253,1239,136.6045197740113,0.9717514124293786
train,training_Amsterdam_GE3T_102,Amsterdam,1.05,2,0.014128967904711612,169191,1239,136.5544794188862,0.9717514124293786
train,training_Amsterdam_GE3T_102,Amsterdam,1.05,3,0.01413278242088459,169145,1239,136.5173527037934,0.9717514124293786
train,training_Amsterdam_GE3T_102,Amsterdam,1.05,5,0.014137760973204011,169085,1239,136.4689265536723,0.9717514124293786
train,training_Amsterdam_GE3T_102,Amsterdam,1.1,0,0.016608121399466068,141101,1239,113.88297013720742,0.9539951573849879
train,training_Amsterdam_GE3T_102,Amsterdam,1.1,2,0.016620264911836664,140997,1239,113.79903147699758,0.9539951573849879
train,training_Amsterdam_GE3T_102,Amsterdam,1.1,3,0.016527879367580038,140945,1239,113.75706214689265,0.9483454398708636
train,training_Amsterdam_GE3T_102,Amsterdam,1.1,5,0.016521714655633426,140877,1239,113.70217917675545,0.9475383373688459
train,training_Amsterdam_GE3T_102,Amsterdam,1.15,0,0.019845644983461964,114857,1239,92.70137207425343,0.9297820823244553
train,training_Amsterdam_GE3T_102,Amsterdam,1.15,2,0.019770380657460042,114692,1239,92.5682001614205,0.9249394673123487
train,training_Amsterdam_GE3T_102,Amsterdam,1.15,3,0.019657802230072293,114542,1239,92.44713478611784,0.9184826472962067
train,training_Amsterdam_GE3T_102,Amsterdam,1.15,5,0.019530506686041484,114375,1239,92.31234866828088,0.9112187247780468
train,training_Amsterdam_GE3T_102,Amsterdam,1.2,0,0.023888171854833416,90187,1239,72.79015334947539,0.8813559322033898
train,training_Amsterdam_GE3T_102,Amsterdam,1.2,2,0.023801428085685142,89932,1239,72.58434221146085,0.8757062146892656
train,training_Amsterdam_GE3T_102,Amsterdam,1.2,3,0.023486722744515916,89706,1239,72.40193704600485,0.8619854721549637
train,training_Amsterdam_GE3T_102,Amsterdam,1.2,5,0.022990534607153102,89407,1239,72.16061339790153,0.841000807102502
train,training_Amsterdam_GE3T_102,Amsterdam,1.25,0,0.028833666515883323,67292,1239,54.31154156577885,0.7974172719935432
train,training_Amsterdam_GE3T_102,Amsterdam,1.25,2,0.02863765734573516,66923,1239,54.013720742534304,0.7877320419693301
train,training_Amsterdam_GE3T_102,Amsterdam,1.25,3,0.028282411230388108,66577,1239,53.73446327683616,0.7740112994350282
train,training_Amsterdam_GE3T_102,Amsterdam,1.25,5,0.027109283370696437,66118,1239,53.364003228410006,0.7368845843422115
train,training_Amsterdam_GE3T_102,Amsterdam,1.3,0,0.036370430341906956,46932,1239,37.87893462469734,0.7070217917675545
train,training_Amsterdam_GE3T_102,Amsterdam,1.3,2,0.0362971831873464,46368,1239,37.42372881355932,0.6973365617433414
train,training_Amsterdam_GE3T_102,Amsterdam,1.3,3,0.03612235812859051,45934,1239,37.07344632768361,0.6876513317191283
train,training_Amsterdam_GE3T_102,Amsterdam,1.3,5,0.03538988860325621,45441,1239,36.67554479418886,0.6666666666666666
train,training_Amsterdam_GE3T_102,Amsterdam,1.35,0,0.047345132743362835,30401,1239,24.536723163841806,0.6045197740112994
train,training_Amsterdam_GE3T_102,Amsterdam,1.35,2,0.04724358768062305,29834,1239,24.07909604519774,0.5924132364810331
train,training_Amsterdam_GE3T_102,Amsterdam,1.35,3,0.04714421159316049,29348,1239,23.68684422921711,0.5819209039548022
train,training_Amsterdam_GE3T_102,Amsterdam,1.35,5,0.046299076019880585,28740,1239,23.196125907990314,0.5601291364003228
train,training_Amsterdam_GE3T_102,Amsterdam,1.4,0,0.06271490890428534,18246,1239,14.72639225181598,0.49313962873284906
train,training_Amsterdam_GE3T_102,Amsterdam,1.4,2,0.06352241342681113,17589,1239,14.196125907990314,0.4826472962066182
train,training_Amsterdam_GE3T_102,Amsterdam,1.4,3,0.06337951347223737,17095,1239,13.797417271993544,0.4689265536723164
train,training_Amsterdam_GE3T_102,Amsterdam,1.4,5,0.06047954866008463,16486,1239,13.30589184826473,0.43260694108151737
train,training_Amsterdam_GE3T_102,Amsterdam,1.5,0,0.11053864168618267,5166,1239,4.169491525423729,0.2857142857142857
train,training_Amsterdam_GE3T_102,Amsterdam,1.5,2,0.11536532352449423,4742,1239,3.8272800645682,0.2784503631961259
train,training_Amsterdam_GE3T_102,Amsterdam,1.5,3,0.11605070523120871,4362,1239,3.5205811138014527,0.2623083131557708
train,training_Amsterdam_GE3T_102,Amsterdam,1.5,5,0.11008822401227465,3975,1239,3.208232445520581,0.23163841807909605
train,training_Amsterdam_GE3T_102,Amsterdam,1.6,0,0.1740216486261449,1163,1239,0.9386602098466506,0.16868442292171107
train,training_Amsterdam_GE3T_102,Amsterdam,1.6,2,0.1763382816014395,984,1239,0.7941888619854721,0.15819209039548024
train,training_Amsterdam_GE3T_102,Amsterdam,1.6,3,0.17316017316017315,840,1239,0.6779661016949152,0.14527845036319612
train,training_Amsterdam_GE3T_102,Amsterdam,1.6,5,0.16210526315789472,661,1239,0.5334947538337369,0.12429378531073447
train,training_Amsterdam_GE3T_104,Amsterdam,1.05,0,0.10736050023846114,142634,8334,17.11471082313415,0.9724022078233742
train,training_Amsterdam_GE3T_104,Amsterdam,1.05,2,0.10756784379832357,142343,8334,17.079793616510678,0.9724022078233742
train,training_Amsterdam_GE3T_104,Amsterdam,1.05,3,0.10775910792534128,142057,8334,17.045476361891048,0.9722822174226062
train,training_Amsterdam_GE3T_104,Amsterdam,1.05,5,0.10795435621073948,141785,8334,17.012838972882168,0.9722822174226062
train,training_Amsterdam_GE3T_104,Amsterdam,1.1,0,0.1374439004487964,109314,8334,13.116630669546437,0.9701223902087833
train,training_Amsterdam_GE3T_104,Amsterdam,1.1,2,0.13799107257162854,108833,8334,13.058915286777058,0.9700023998080154
train,training_Amsterdam_GE3T_104,Amsterdam,1.1,3,0.13843532463974106,108457,8334,13.013798896088312,0.9700023998080154
train,training_Amsterdam_GE3T_104,Amsterdam,1.1,5,0.13889414069885359,108028,8334,12.962323014158867,0.9696424286057116
train,training_Amsterdam_GE3T_104,Amsterdam,1.15,0,0.18076910099090082,80575,8334,9.668226541876649,0.9642428605711543
train,training_Amsterdam_GE3T_104,Amsterdam,1.15,2,0.18183464433252222,80021,8334,9.601751859851213,0.9638828893688505
train,training_Amsterdam_GE3T_104,Amsterdam,1.15,3,0.18266419413190138,79565,8334,9.547036237101032,0.9632829373650108
train,training_Amsterdam_GE3T_104,Amsterdam,1.15,5,0.1836048320673561,79082,8334,9.489080873530117,0.962922966162707
train,training_Amsterdam_GE3T_104,Amsterdam,1.2,0,0.24157739954591861,57293,8334,6.874610031197504,0.951163906887449
train,training_Amsterdam_GE3T_104,Amsterdam,1.2,2,0.24369385997292975,56682,8334,6.801295896328294,0.9505639548836093
train,training_Amsterdam_GE3T_104,Amsterdam,1.2,3,0.2451620893581447,56260,8334,6.750659947204223,0.9500839932805376
train,training_Amsterdam_GE3T_104,Amsterdam,1.2,5,0.246802271167405,55774,8334,6.692344612431006,0.949244060475162
train,training_Amsterdam_GE3T_104,Amsterdam,1.25,0,0.3187451109555766,40244,8334,4.82889368850492,0.9289656827453804
train,training_Amsterdam_GE3T_104,Amsterdam,1.25,2,0.3223050960456686,39664,8334,4.759299256059515,0.9281257499400049
train,training_Amsterdam_GE3T_104,Amsterdam,1.25,3,0.3247310020174849,39250,8334,4.709623230141589,0.9270458363330933
train,training_Amsterdam_GE3T_104,Amsterdam,1.25,5,0.32806871709614854,38583,8334,4.629589632829374,0.9234461243100552
train,training_Amsterdam_GE3T_104,Amsterdam,1.3,0,0.4080198316489144,28375,8334,3.404727621790257,0.8986081113510919
train,training_Amsterdam_GE3T_104,Amsterdam,1.3,2,0.41353965183752417,27856,8334,3.342452603791697,0.8978881689464843
train,training_Amsterdam_GE3T_104,Amsterdam,1.3,3,0.41739276139410186,27474,8334,3.296616270698344,0.8966882649388049
train,training_Amsterdam_GE3T_104,Amsterdam,1.3,5,0.42107050864728696,26995,8334,3.2391408687305017,0.892488600911927
train,training_Amsterdam_GE3T_104,Amsterdam,1.35,0,0.49550491323437174,20364,8334,2.4434845212383007,0.8531317494600432
train,training_Amsterdam_GE3T_104,Amsterdam,1.35,2,0.502245006187025,19951,8334,2.3939284857211423,0.8522918166546676
train,training_Amsterdam_GE3T_104,Amsterdam,1.35,3,0.5059827838697003,19663,8334,2.359371250299976,0.8498920086393088
train,training_Amsterdam_GE3T_104,Amsterdam,1.35,5,0.510498355679231,19337,8334,2.320254379649628,0.84749220062395
train,training_Amsterdam_GE3T_104,Amsterdam,1.4,0,0.5752143413873734,14760,8334,1.7710583153347732,0.796976241900648
train,training_Amsterdam_GE3T_104,Amsterdam,1.4,2,0.5830990864371047,14434,8334,1.7319414446844252,0.7964962802975762
train,training_Amsterdam_GE3T_104,Amsterdam,1.4,3,0.5861091424521616,14242,8334,1.708903287736981,0.7938564914806815
train,training_Amsterdam_GE3T_104,Amsterdam,1.4,5,0.5910637535816619,14002,8334,1.6801055915526757,0.7920566354691625
train,training_Amsterdam_GE3T_104,Amsterdam,1.5,0,0.6510164569215876,8194,8334,0.9832013438924886,0.6455483561315095
train,training_Amsterdam_GE3T_104,Amsterdam,1.5,2,0.6562289768209896,8017,8334,0.9619630429565634,0.6437485001199904
train,training_Amsterdam_GE3T_104,Amsterdam,1.5,3,0.6603296092833776,7867,8334,0.9439644828413727,0.6418286537077034
train,training_Amsterdam_GE3T_104,Amsterdam,1.5,5,0.6644650757056515,7715,8334,0.9257259419246461,0.6397888168946484
train,training_Amsterdam_GE3T_104,Amsterdam,1.6,0,0.6279297610972945,4935,8334,0.5921526277897768,0.49988000959923207
train,training_Amsterdam_GE3T_104,Amsterdam,1.6,2,0.6313951723090937,4840,8334,0.5807535397168226,0.4990400767938565
train,training_Amsterdam_GE3T_104,Amsterdam,1.6,3,0.6328553996339231,4778,8334,0.5733141348692105,0.4978401727861771
train,training_Amsterdam_GE3T_104,Amsterdam,1.6,5,0.6331642846165668,4680,8334,0.5615550755939525,0.49436045116390687
train,training_Amsterdam_GE3T_105,Amsterdam,1.05,0,0.04769436855289746,128881,3252,39.63130381303813,0.9689421894218943
train,training_Amsterdam_GE3T_105,Amsterdam,1.05,2,0.047770290245067196,128671,3252,39.566728167281674,0.9689421894218943
train,training_Amsterdam_GE3T_105,Amsterdam,1.05,3,0.04783047580014724,128505,3252,39.51568265682657,0.9689421894218943
train,training_Amsterdam_GE3T_105,Amsterdam,1.05,5,0.047860493048217774,128297,3252,39.45172201722017,0.968019680196802
train,training_Amsterdam_GE3T_105,Amsterdam,1.1,0,0.06287864421666184,96941,3252,29.809655596555967,0.9686346863468634
train,training_Amsterdam_GE3T_105,Amsterdam,1.1,2,0.0630700077085565,96637,3252,29.716174661746617,0.9686346863468634
train,training_Amsterdam_GE3T_105,Amsterdam,1.1,3,0.0631792319348138,96401,3252,29.643603936039362,0.968019680196802
train,training_Amsterdam_GE3T_105,Amsterdam,1.1,5,0.063380210797588,96085,3252,29.546432964329643,0.968019680196802
train,training_Amsterdam_GE3T_105,Amsterdam,1.15,0,0.08677949200897432,68954,3252,21.203567035670357,0.9634071340713407
train,training_Amsterdam_GE3T_105,Amsterdam,1.15,2,0.08727272727272728,68523,3252,21.071033210332104,0.9630996309963099
train,training_Amsterdam_GE3T_105,Amsterdam,1.15,3,0.08762720642786154,68187,3252,20.967712177121772,0.9624846248462484
train,training_Amsterdam_GE3T_105,Amsterdam,1.15,5,0.08806678209946929,67785,3252,20.84409594095941,0.9618696186961869
train,training_Amsterdam_GE3T_105,Amsterdam,1.2,0,0.12273482630371133,47296,3252,14.543665436654367,0.9538745387453874
train,training_Amsterdam_GE3T_105,Amsterdam,1.2,2,0.12392495699827993,46746,3252,14.374538745387454,0.9526445264452644
train,training_Amsterdam_GE3T_105,Amsterdam,1.2,3,0.12481857764876633,46356,3252,14.254612546125461,0.9520295202952029
train,training_Amsterdam_GE3T_105,Amsterdam,1.2,5,0.1258841034630358,45809,3252,14.08640836408364,0.949569495694957
train,training_Amsterdam_GE3T_105,Amsterdam,1.25,0,0.17577978474767003,31405,3252,9.657134071340714,0.9366543665436654
train,training_Amsterdam_GE3T_105,Amsterdam,1.25,2,0.17842055855432998,30836,3252,9.482164821648217,0.9351168511685117
train,training_Amsterdam_GE3T_105,Amsterdam,1.25,3,0.18069851847444518,30362,3252,9.33640836408364,0.9338868388683886
train,training_Amsterdam_GE3T_105,Amsterdam,1.25,5,0.18315974858045123,29681,3252,9.1269987699877,0.9274292742927429
train,training_Amsterdam_GE3T_105,Amsterdam,1.3,0,0.2483221476510067,20588,3252,6.3308733087330875,0.9102091020910209
train,training_Amsterdam_GE3T_105,Amsterdam,1.3,2,0.2532904608788853,20073,3252,6.172509225092251,0.9083640836408364
train,training_Amsterdam_GE3T_105,Amsterdam,1.3,3,0.2567703109327984,19679,3252,6.051353013530135,0.9052890528905289
train,training_Amsterdam_GE3T_105,Amsterdam,1.3,5,0.2613423656297353,19186,3252,5.8997539975399755,0.9015990159901599
train,training_Amsterdam_GE3T_105,Amsterdam,1.35,0,0.3331158431698203,13607,3252,4.184194341943419,0.8634686346863468
train,training_Amsterdam_GE3T_105,Amsterdam,1.35,2,0.34027061464716946,13229,3252,4.067958179581796,0.8622386223862238
train,training_Amsterdam_GE3T_105,Amsterdam,1.35,3,0.34647624961192175,12853,3252,3.9523370233702337,0.8579335793357934
train,training_Amsterdam_GE3T_105,Amsterdam,1.35,5,0.35340497234056084,12475,3252,3.8361008610086103,0.8545510455104551
train,training_Amsterdam_GE3T_105,Amsterdam,1.4,0,0.4238656547715162,9134,3252,2.8087330873308733,0.8071955719557196
train,training_Amsterdam_GE3T_105,Amsterdam,1.4,2,0.4326422730651689,8855,3252,2.722939729397294,0.8053505535055351
train,training_Amsterdam_GE3T_105,Amsterdam,1.4,3,0.43826174665882156,8645,3252,2.658364083640836,0.801660516605166
train,training_Amsterdam_GE3T_105,Amsterdam,1.4,5,0.4463763126183508,8366,3252,2.572570725707257,0.7973554735547356
train,training_Amsterdam_GE3T_105,Amsterdam,1.5,0,0.5707700650759219,4124,3252,1.2681426814268142,0.6472939729397293
train,training_Amsterdam_GE3T_105,Amsterdam,1.5,2,0.5791069459757442,4004,3252,1.2312423124231242,0.6460639606396064
train,training_Amsterdam_GE3T_105,Amsterdam,1.5,3,0.585195530726257,3908,3252,1.2017220172201721,0.6442189421894219
train,training_Amsterdam_GE3T_105,Amsterdam,1.5,5,0.5906824333950705,3767,3252,1.1583640836408364,0.6374538745387454
train,training_Amsterdam_GE3T_105,Amsterdam,1.6,0,0.6010687304219643,2175,3252,0.6688191881918819,0.5015375153751538
train,training_Amsterdam_GE3T_105,Amsterdam,1.6,2,0.6067961165048543,2104,3252,0.6469864698646987,0.49969249692496925
train,training_Amsterdam_GE3T_105,Amsterdam,1.6,3,0.6099397590361446,2060,3252,0.6334563345633456,0.4981549815498155
train,training_Amsterdam_GE3T_105,Amsterdam,1.6,5,0.6098774885145483,1972,3252,0.6063960639606396,0.48985239852398527
train,training_Amsterdam_GE3T_106,Amsterdam,1.05,0,0.00919976041079082,171100,861,198.72241579558653,0.9186991869918699
train,training_Amsterdam_GE3T_106,Amsterdam,1.05,2,0.009205220558713829,170998,861,198.60394889663183,0.9186991869918699
train,training_Amsterdam_GE3T_106,Amsterdam,1.05,3,0.009208971470815943,170928,861,198.5226480836237,0.9186991869918699
train,training_Amsterdam_GE3T_106,Amsterdam,1.05,5,0.009213369286051239,170846,861,198.4274099883856,0.9186991869918699
train,training_Amsterdam_GE3T_106,Amsterdam,1.1,0,0.011135669336787127,141205,861,164.00116144018583,0.9186991869918699
train,training_Amsterdam_GE3T_106,Amsterdam,1.1,2,0.011148382004735596,141043,861,163.8130081300813,0.9186991869918699
train,training_Amsterdam_GE3T_106,Amsterdam,1.1,3,0.011157974919242216,140921,861,163.67131242741,0.9186991869918699
train,training_Amsterdam_GE3T_106,Amsterdam,1.1,5,0.011169082398458074,140780,861,163.5075493612079,0.9186991869918699
train,training_Amsterdam_GE3T_106,Amsterdam,1.15,0,0.013890230303881713,113032,861,131.27990708478512,0.9186991869918699
train,training_Amsterdam_GE3T_106,Amsterdam,1.15,2,0.01391417539600869,112836,861,131.05226480836237,0.9186991869918699
train,training_Amsterdam_GE3T_106,Amsterdam,1.15,3,0.013894881435628307,112706,861,130.90127758420442,0.9163763066202091
train,training_Amsterdam_GE3T_106,Amsterdam,1.15,5,0.013922587589663053,112480,861,130.63879210220674,0.9163763066202091
train,training_Amsterdam_GE3T_106,Amsterdam,1.2,0,0.01784139474933858,87585,861,101.72473867595819,0.9163763066202091
train,training_Amsterdam_GE3T_106,Amsterdam,1.2,2,0.017880847298017904,87278,861,101.36817653890824,0.9152148664343787
train,training_Amsterdam_GE3T_106,Amsterdam,1.2,3,0.01792477508729229,87062,861,101.11730545876887,0.9152148664343787
train,training_Amsterdam_GE3T_106,Amsterdam,1.2,5,0.01795655745185726,86795,861,100.80720092915215,0.9140534262485482
train,training_Amsterdam_GE3T_106,Amsterdam,1.25,0,0.023776988248155235,65001,861,75.49477351916376,0.9094076655052264
train,training_Amsterdam_GE3T_106,Amsterdam,1.25,2,0.02392739273927393,64587,861,75.01393728222996,0.9094076655052264
train,training_Amsterdam_GE3T_106,Amsterdam,1.25,3,0.024020149895564565,64251,861,74.62369337979094,0.908246225319396
train,training_Amsterdam_GE3T_106,Amsterdam,1.25,5,0.024155186260579477,63887,861,74.20092915214866,0.908246225319396
train,training_Amsterdam_GE3T_106,Amsterdam,1.3,0,0.03305397394067345,46032,861,53.46341463414634,0.9001161440185831
train,training_Amsterdam_GE3T_106,Amsterdam,1.3,2,0.033388693570303905,45502,861,52.847851335656216,0.8989547038327527
train,training_Amsterdam_GE3T_106,Amsterdam,1.3,3,0.033685126754433685,45094,861,52.3739837398374,0.8989547038327527
train,training_Amsterdam_GE3T_106,Amsterdam,1.3,5,0.034080401567522345,44561,861,51.75493612078978,0.8989547038327527
train,training_Amsterdam_GE3T_106,Amsterdam,1.35,0,0.047316140757684956,31052,861,36.0650406504065,0.8768873403019745
train,training_Amsterdam_GE3T_106,Amsterdam,1.35,2,0.048259771804787625,30428,861,35.340301974448316,0.8768873403019745
train,training_Amsterdam_GE3T_106,Amsterdam,1.35,3,0.04894175606910187,29992,861,34.83391405342625,0.8768873403019745
train,training_Amsterdam_GE3T_106,Amsterdam,1.35,5,0.05002650410813676,29323,861,34.05691056910569,0.8768873403019745
train,training_Amsterdam_GE3T_106,Amsterdam,1.4,0,0.07095773555641721,19771,861,22.962833914053427,0.8501742160278746
train,training_Amsterdam_GE3T_106,Amsterdam,1.4,2,0.07312322061835073,19160,861,22.253193960511034,0.8501742160278746
train,training_Amsterdam_GE3T_106,Amsterdam,1.4,3,0.07495775945932108,18670,861,21.684088269454122,0.8501742160278746
train,training_Amsterdam_GE3T_106,Amsterdam,1.4,5,0.07702932426689332,17963,861,20.86295005807201,0.8420441347270615
train,training_Amsterdam_GE3T_106,Amsterdam,1.5,0,0.16197094125078965,7054,861,8.192799070847851,0.7444831591173054
train,training_Amsterdam_GE3T_106,Amsterdam,1.5,2,0.17185185185185184,6564,861,7.623693379790941,0.7409988385598142
train,training_Amsterdam_GE3T_106,Amsterdam,1.5,3,0.1792811839323467,6234,861,7.2404181184668985,0.7386759581881533
train,training_Amsterdam_GE3T_106,Amsterdam,1.5,5,0.19206807476067467,5720,861,6.643437862950058,0.7340301974448316
train,training_Amsterdam_GE3T_106,Amsterdam,1.6,0,0.31198283787925224,2402,861,2.7897793263646924,0.5911730545876888
train,training_Amsterdam_GE3T_106,Amsterdam,1.6,2,0.3320079522862823,2157,861,2.505226480836237,0.5818815331010453
train,training_Amsterdam_GE3T_106,Amsterdam,1.6,3,0.3493723849372385,2007,861,2.3310104529616726,0.5818815331010453
train,training_Amsterdam_GE3T_106,Amsterdam,1.6,5,0.3673012318029115,1818,861,2.1114982578397212,0.5714285714285714
train,training_Amsterdam_GE3T_109,Amsterdam,1.05,0,0.0061902500700837,174243,548,317.9616788321168,0.9872262773722628
train,training_Amsterdam_GE3T_109,Amsterdam,1.05,2,0.006197767199949593,174031,548,317.57481751824815,0.9872262773722628
train,training_Amsterdam_GE3T_109,Amsterdam,1.05,3,0.006170467774215932,173831,548,317.20985401459853,0.9817518248175182
train,training_Amsterdam_GE3T_109,Amsterdam,1.05,5,0.006118770735515274,173670,548,316.9160583941606,0.9726277372262774
train,training_Amsterdam_GE3T_109,Amsterdam,1.1,0,0.007721209705398203,134923,548,246.20985401459853,0.9543795620437956
train,training_Amsterdam_GE3T_109,Amsterdam,1.1,2,0.007694527267481004,134613,548,245.6441605839416,0.948905109489051
train,training_Amsterdam_GE3T_109,Amsterdam,1.1,3,0.007677884579754397,134385,548,245.22810218978103,0.9452554744525548
train,training_Amsterdam_GE3T_109,Amsterdam,1.1,5,0.007634721644584398,134100,548,244.7080291970803,0.9379562043795621
train,training_Amsterdam_GE3T_109,Amsterdam,1.15,0,0.01013299556681444,98929,548,180.52737226277372,0.9197080291970803
train,training_Amsterdam_GE3T_109,Amsterdam,1.15,2,0.010178117048346057,98488,548,179.72262773722628,0.9197080291970803
train,training_Amsterdam_GE3T_109,Amsterdam,1.15,3,0.010152798605763385,98144,548,179.09489051094891,0.9142335766423357
train,training_Amsterdam_GE3T_109,Amsterdam,1.15,5,0.009991656661443601,97734,548,178.34671532846716,0.8959854014598541
train,training_Amsterdam_GE3T_109,Amsterdam,1.2,0,0.0134345710553889,69123,548,126.13686131386861,0.8540145985401459
train,training_Amsterdam_GE3T_109,Amsterdam,1.2,2,0.013398929243235422,68562,548,125.11313868613139,0.8448905109489051
train,training_Amsterdam_GE3T_109,Amsterdam,1.2,3,0.013373736196497772,68094,548,124.25912408759125,0.8375912408759124
train,training_Amsterdam_GE3T_109,Amsterdam,1.2,5,0.012906450285176691,67480,548,123.13868613138686,0.801094890510949
train,training_Amsterdam_GE3T_109,Amsterdam,1.25,0,0.01808946138843046,46109,548,84.1405109489051,0.7700729927007299
train,training_Amsterdam_GE3T_109,Amsterdam,1.25,2,0.018295995306490516,45473,548,82.97992700729927,0.7682481751824818
train,training_Amsterdam_GE3T_109,Amsterdam,1.25,3,0.01804887688558066,44995,548,82.10766423357664,0.75
train,training_Amsterdam_GE3T_109,Amsterdam,1.25,5,0.017729469675033967,44349,548,80.92883211678833,0.7262773722627737
train,training_Amsterdam_GE3T_109,Amsterdam,1.3,0,0.02395129007299761,29179,548,53.246350364963504,0.6496350364963503
train,training_Amsterdam_GE3T_109,Amsterdam,1.3,2,0.02416772816469859,28499,548,52.00547445255474,0.6405109489051095
train,training_Amsterdam_GE3T_109,Amsterdam,1.3,3,0.02401432433381315,27935,548,50.97627737226277,0.6240875912408759
train,training_Amsterdam_GE3T_109,Amsterdam,1.3,5,0.023315223257654807,27245,548,49.71715328467153,0.5912408759124088
train,training_Amsterdam_GE3T_109,Amsterdam,1.35,0,0.032619886209699266,17907,548,32.67700729927007,0.5492700729927007
train,training_Amsterdam_GE3T_109,Amsterdam,1.35,2,0.033241927360232806,17321,548,31.607664233576642,0.541970802919708
train,training_Amsterdam_GE3T_109,Amsterdam,1.35,3,0.0323081345214142,16847,548,30.74270072992701,0.5127737226277372
train,training_Amsterdam_GE3T_109,Amsterdam,1.35,5,0.032989201376527826,16306,548,29.755474452554743,0.5072992700729927
train,training_Amsterdam_GE3T_109,Amsterdam,1.4,0,0.04371976348324673,10614,548,19.368613138686133,0.44525547445255476
train,training_Amsterdam_GE3T_109,Amsterdam,1.4,2,0.04390655783844638,10111,548,18.4507299270073,0.42700729927007297
train,training_Amsterdam_GE3T_109,Amsterdam,1.4,3,0.04344874405974202,9763,548,17.815693430656935,0.40875912408759124
train,training_Amsterdam_GE3T_109,Amsterdam,1.4,5,0.04378089377584989,9365,548,17.08941605839416,0.395985401459854
train,training_Amsterdam_GE3T_109,Amsterdam,1.5,0,0.08558329088130413,3378,548,6.164233576642336,0.30656934306569344
train,training_Amsterdam_GE3T_109,Amsterdam,1.5,2,0.08891298454865817,3141,548,5.731751824817518,0.29927007299270075
train,training_Amsterdam_GE3T_109,Amsterdam,1.5,3,0.08757463747512084,2969,548,5.4178832116788325,0.28102189781021897
train,training_Amsterdam_GE3T_109,Amsterdam,1.5,5,0.08433734939759036,2772,548,5.0583941605839415,0.25547445255474455
train,training_Amsterdam_GE3T_109,Amsterdam,1.6,0,0.12125249833444371,953,548,1.739051094890511,0.16605839416058393
train,training_Amsterdam_GE3T_109,Amsterdam,1.6,2,0.1239193083573487,840,548,1.532846715328467,0.15693430656934307
train,training_Amsterdam_GE3T_109,Amsterdam,1.6,3,0.12576687116564417,756,548,1.3795620437956204,0.14963503649635038
train,training_Amsterdam_GE3T_109,Amsterdam,1.6,5,0.11092150170648464,624,548,1.1386861313868613,0.11861313868613138
train,training_Amsterdam_GE3T_110,Amsterdam,1.05,0,0.00868449715599661,205658,917,224.27262813522356,0.9781897491821155
train,training_Amsterdam_GE3T_110,Amsterdam,1.05,2,0.008689881664543443,205530,917,224.1330425299891,0.9781897491821155
train,training_Amsterdam_GE3T_110,Amsterdam,1.05,3,0.008695441436638151,205398,917,223.98909487459105,0.9781897491821155
train,training_Amsterdam_GE3T_110,Amsterdam,1.05,5,0.008691181748518328,205269,917,223.8484187568157,0.9770992366412213
train,training_Amsterdam_GE3T_110,Amsterdam,1.1,0,0.010436664456001955,170977,917,186.4525627044711,0.9781897491821155
train,training_Amsterdam_GE3T_110,Amsterdam,1.1,2,0.010449612944938578,170764,917,186.22028353326064,0.9781897491821155
train,training_Amsterdam_GE3T_110,Amsterdam,1.1,3,0.01044696938781459,170616,917,186.05888767720828,0.9770992366412213
train,training_Amsterdam_GE3T_110,Amsterdam,1.1,5,0.010433503918399263,170454,917,185.88222464558342,0.9749182115594329
train,training_Amsterdam_GE3T_110,Amsterdam,1.15,0,0.013009691783812102,136519,917,148.87568157033806,0.9749182115594329
train,training_Amsterdam_GE3T_110,Amsterdam,1.15,2,0.013030835270710502,136296,917,148.63249727371866,0.9749182115594329
train,training_Amsterdam_GE3T_110,Amsterdam,1.15,3,0.013033927620104068,136110,917,148.42966194111233,0.9738276990185387
train,training_Amsterdam_GE3T_110,Amsterdam,1.15,5,0.012989764533120977,135960,917,148.2660850599782,0.9694656488549618
train,training_Amsterdam_GE3T_110,Amsterdam,1.2,0,0.0166702688480224,105500,917,115.04907306434023,0.9672846237731734
train,training_Amsterdam_GE3T_110,Amsterdam,1.2,2,0.016682217886730567,105184,917,114.70447110141767,0.965103598691385
train,training_Amsterdam_GE3T_110,Amsterdam,1.2,3,0.016603231869138577,104966,917,114.46673936750273,0.9585605234460196
train,training_Amsterdam_GE3T_110,Amsterdam,1.2,5,0.01664079360872364,104727,917,114.20610687022901,0.9585605234460196
train,training_Amsterdam_GE3T_110,Amsterdam,1.25,0,0.021690249326061842,79580,917,86.78298800436205,0.9520174482006543
train,training_Amsterdam_GE3T_110,Amsterdam,1.25,2,0.021774415062301794,79177,917,86.34351145038168,0.95092693565976
train,training_Amsterdam_GE3T_110,Amsterdam,1.25,3,0.021770754953599196,78823,917,85.95747001090513,0.9465648854961832
train,training_Amsterdam_GE3T_110,Amsterdam,1.25,5,0.02176733639856396,78468,917,85.57033805888767,0.9422028353326063
train,training_Amsterdam_GE3T_110,Amsterdam,1.3,0,0.029040873592751613,58241,917,63.51254089422029,0.9367502726281353
train,training_Amsterdam_GE3T_110,Amsterdam,1.3,2,0.029175187457396046,57763,917,62.99127589967284,0.9334787350054525
train,training_Amsterdam_GE3T_110,Amsterdam,1.3,3,0.02921610314793224,57407,917,62.603053435114504,0.9291166848418757
train,training_Amsterdam_GE3T_110,Amsterdam,1.3,5,0.029076308001176897,56862,917,62.00872410032716,0.916030534351145
train,training_Amsterdam_GE3T_110,Amsterdam,1.35,0,0.03919346460782925,41437,917,45.18756815703381,0.9051254089422028
train,training_Amsterdam_GE3T_110,Amsterdam,1.35,2,0.03964041505283795,40909,917,44.61177753544166,0.9040348964013086
train,training_Amsterdam_GE3T_110,Amsterdam,1.35,3,0.0396752525008457,40469,917,44.1319520174482,0.8953107960741549
train,training_Amsterdam_GE3T_110,Amsterdam,1.35,5,0.038937792707745875,39866,917,43.474372955288985,0.8658669574700109
train,training_Amsterdam_GE3T_110,Amsterdam,1.4,0,0.05298281092012133,28753,917,31.355507088331517,0.8571428571428571
train,training_Amsterdam_GE3T_110,Amsterdam,1.4,2,0.05369035358736698,28213,917,30.766630316248637,0.8527808069792803
train,training_Amsterdam_GE3T_110,Amsterdam,1.4,3,0.05376044568245125,27803,917,30.319520174482008,0.8418756815703381
train,training_Amsterdam_GE3T_110,Amsterdam,1.4,5,0.053308692870850806,27221,917,29.68484187568157,0.8178844056706652
train,training_Amsterdam_GE3T_110,Amsterdam,1.5,0,0.09730046089692004,12752,917,13.906215921483097,0.7251908396946565
train,training_Amsterdam_GE3T_110,Amsterdam,1.5,2,0.09969082271321922,12344,917,13.461286804798256,0.7208287895310797
train,training_Amsterdam_GE3T_110,Amsterdam,1.5,3,0.10152441383579665,12006,917,13.092693565976008,0.7153762268266085
train,training_Amsterdam_GE3T_110,Amsterdam,1.5,5,0.10222929936305733,11643,917,12.696837513631406,0.7001090512540894
train,training_Amsterdam_GE3T_110,Amsterdam,1.6,0,0.17926421404682275,5063,917,5.521264994547438,0.5845147219193021
train,training_Amsterdam_GE3T_110,Amsterdam,1.6,2,0.1849912739965096,4813,917,5.248636859323883,0.5779716466739367
train,training_Amsterdam_GE3T_110,Amsterdam,1.6,3,0.18761253150882248,4637,917,5.0567066521265,0.5681570338058888
train,training_Amsterdam_GE3T_110,Amsterdam,1.6,5,0.18576779026217227,4423,917,4.823336968375136,0.5408942202835333
train,training_Amsterdam_GE3T_112,Amsterdam,1.05,0,0.02468613012758683,125883,1638,76.85164835164835,0.960927960927961
train,training_Amsterdam_GE3T_112,Amsterdam,1.05,2,0.02471035197337436,125758,1638,76.77533577533578,0.960927960927961
train,training_Amsterdam_GE3T_112,Amsterdam,1.05,3,0.024728209639917047,125666,1638,76.71916971916971,0.960927960927961
train,training_Amsterdam_GE3T_112,Amsterdam,1.05,5,0.024749011376054467,125559,1638,76.65384615384616,0.960927960927961
train,training_Amsterdam_GE3T_112,Amsterdam,1.1,0,0.03418317724327101,89869,1638,54.86507936507937,0.9548229548229549
train,training_Amsterdam_GE3T_112,Amsterdam,1.1,2,0.034255281844481456,89618,1638,54.71184371184371,0.9542124542124543
train,training_Amsterdam_GE3T_112,Amsterdam,1.1,3,0.03429412540094029,89398,1638,54.57753357753358,0.9529914529914529
train,training_Amsterdam_GE3T_112,Amsterdam,1.1,5,0.0343665322847135,89148,1638,54.42490842490842,0.9523809523809523
train,training_Amsterdam_GE3T_112,Amsterdam,1.15,0,0.05151990390069739,58300,1638,35.592185592185594,0.9426129426129426
train,training_Amsterdam_GE3T_112,Amsterdam,1.15,2,0.05180581219553167,57892,1638,35.343101343101345,0.9413919413919414
train,training_Amsterdam_GE3T_112,Amsterdam,1.15,3,0.05199634876094526,57520,1638,35.11599511599512,0.938949938949939
train,training_Amsterdam_GE3T_112,Amsterdam,1.15,5,0.05219167588730956,57107,1638,34.86385836385836,0.9358974358974359
train,training_Amsterdam_GE3T_112,Amsterdam,1.2,0,0.08232100255025092,34829,1638,21.263125763125764,0.9163614163614163
train,training_Amsterdam_GE3T_112,Amsterdam,1.2,2,0.08346342551293488,34234,1638,20.8998778998779,0.9139194139194139
train,training_Amsterdam_GE3T_112,Amsterdam,1.2,3,0.08388446102538014,33744,1638,20.600732600732602,0.905982905982906
train,training_Amsterdam_GE3T_112,Amsterdam,1.2,5,0.08443499252787677,33158,1638,20.242979242979242,0.8968253968253969
train,training_Amsterdam_GE3T_112,Amsterdam,1.25,0,0.135837874008221,19284,1638,11.772893772893774,0.8675213675213675
train,training_Amsterdam_GE3T_112,Amsterdam,1.25,2,0.1394683631700942,18639,1638,11.37912087912088,0.8632478632478633
train,training_Amsterdam_GE3T_112,Amsterdam,1.25,3,0.1417203102032541,18091,1638,11.044566544566544,0.8534798534798534
train,training_Amsterdam_GE3T_112,Amsterdam,1.25,5,0.14371759283507043,17455,1638,10.656288156288156,0.8376068376068376
train,training_Amsterdam_GE3T_112,Amsterdam,1.3,0,0.22355185570586195,9894,1638,6.04029304029304,0.7869352869352869
train,training_Amsterdam_GE3T_112,Amsterdam,1.3,2,0.23491773308957953,9302,1638,5.678876678876679,0.7844932844932845
train,training_Amsterdam_GE3T_112,Amsterdam,1.3,3,0.24293353705118412,8834,1638,5.3931623931623935,0.7765567765567766
train,training_Amsterdam_GE3T_112,Amsterdam,1.3,5,0.24749367088607596,8237,1638,5.028693528693529,0.746031746031746
train,training_Amsterdam_GE3T_112,Amsterdam,1.35,0,0.35085536547433904,4792,1638,2.9255189255189253,0.6886446886446886
train,training_Amsterdam_GE3T_112,Amsterdam,1.35,2,0.3730397063730397,4356,1638,2.659340659340659,0.6825396825396826
train,training_Amsterdam_GE3T_112,Amsterdam,1.35,3,0.39270538243626063,4010,1638,2.4481074481074483,0.6770451770451771
train,training_Amsterdam_GE3T_112,Amsterdam,1.35,5,0.40845875404839016,3611,1638,2.2045177045177047,0.6544566544566545
train,training_Amsterdam_GE3T_112,Amsterdam,1.4,0,0.47814275129661643,2411,1638,1.471916971916972,0.590964590964591
train,training_Amsterdam_GE3T_112,Amsterdam,1.4,2,0.5052742616033755,2154,1638,1.315018315018315,0.5848595848595849
train,training_Amsterdam_GE3T_112,Amsterdam,1.4,3,0.5266666666666666,1962,1638,1.1978021978021978,0.5787545787545788
train,training_Amsterdam_GE3T_112,Amsterdam,1.4,5,0.5516206482593037,1694,1638,1.0341880341880343,0.561050061050061
train,training_Amsterdam_GE3T_112,Amsterdam,1.5,0,0.547244094488189,902,1638,0.5506715506715507,0.4242979242979243
train,training_Amsterdam_GE3T_112,Amsterdam,1.5,2,0.5524193548387096,842,1638,0.514041514041514,0.4181929181929182
train,training_Amsterdam_GE3T_112,Amsterdam,1.5,3,0.5468622656886716,816,1638,0.4981684981684982,0.40964590964590963
train,training_Amsterdam_GE3T_112,Amsterdam,1.5,5,0.5389072847682119,778,1638,0.47496947496947495,0.3974358974358974
train,training_Amsterdam_GE3T_112,Amsterdam,1.6,0,0.43398812243033347,551,1638,0.3363858363858364,0.28998778998779
train,training_Amsterdam_GE3T_112,Amsterdam,1.6,2,0.4303448275862069,537,1638,0.32783882783882784,0.2857142857142857
train,training_Amsterdam_GE3T_112,Amsterdam,1.6,3,0.42903374942209893,525,1638,0.32051282051282054,0.28327228327228327
train,training_Amsterdam_GE3T_112,Amsterdam,1.6,5,0.42379182156133827,514,1638,0.3137973137973138,0.2783882783882784
train,training_Amsterdam_GE3T_113,Amsterdam,1.05,0,0.08278017425331731,145859,6448,22.620812655086848,0.9776674937965261
train,training_Amsterdam_GE3T_113,Amsterdam,1.05,2,0.08286559316464016,145702,6448,22.596464019851116,0.9776674937965261
train,training_Amsterdam_GE3T_113,Amsterdam,1.05,3,0.08291900139425985,145604,6448,22.581265508684865,0.9776674937965261
train,training_Amsterdam_GE3T_113,Amsterdam,1.05,5,0.08298771576411107,145454,6448,22.55800248138958,0.9775124069478908
train,training_Amsterdam_GE3T_113,Amsterdam,1.1,0,0.11099076251111757,107111,6448,16.611507444168733,0.9773573200992556
train,training_Amsterdam_GE3T_113,Amsterdam,1.1,2,0.1112857369898815,106810,6448,16.56482630272953,0.9773573200992556
train,training_Amsterdam_GE3T_113,Amsterdam,1.1,3,0.1115042995151987,106588,6448,16.530397022332505,0.9773573200992556
train,training_Amsterdam_GE3T_113,Amsterdam,1.1,5,0.11177039264206334,106301,6448,16.485887096774192,0.9772022332506204
train,training_Amsterdam_GE3T_113,Amsterdam,1.15,0,0.15668260133452844,73880,6448,11.457816377171216,0.9759615384615384
train,training_Amsterdam_GE3T_113,Amsterdam,1.15,2,0.15770348837209303,73360,6448,11.377171215880892,0.9759615384615384
train,training_Amsterdam_GE3T_113,Amsterdam,1.15,3,0.15828298086606243,72992,6448,11.320099255583127,0.9750310173697271
train,training_Amsterdam_GE3T_113,Amsterdam,1.15,5,0.15913466409970614,72504,6448,11.244416873449131,0.9742555831265509
train,training_Amsterdam_GE3T_113,Amsterdam,1.2,0,0.2282813845674601,48125,6448,7.46355459057072,0.9660359801488834
train,training_Amsterdam_GE3T_113,Amsterdam,1.2,2,0.23062388855957322,47536,6448,7.3722084367245655,0.9654156327543424
train,training_Amsterdam_GE3T_113,Amsterdam,1.2,3,0.2322956762210845,47070,6448,7.299937965260546,0.9640198511166254
train,training_Amsterdam_GE3T_113,Amsterdam,1.2,5,0.23441283292978207,46416,6448,7.198511166253102,0.9609181141439206
train,training_Amsterdam_GE3T_113,Amsterdam,1.25,0,0.3316468092051575,30314,6448,4.701302729528536,0.9454094292803971
train,training_Amsterdam_GE3T_113,Amsterdam,1.25,2,0.33681122519580436,29685,6448,4.603753101736973,0.9437034739454094
train,training_Amsterdam_GE3T_113,Amsterdam,1.25,3,0.3409263264331657,29155,6448,4.521557071960298,0.9412220843672456
train,training_Amsterdam_GE3T_113,Amsterdam,1.25,5,0.34598214285714285,28496,6448,4.419354838709677,0.9375
train,training_Amsterdam_GE3T_113,Amsterdam,1.3,0,0.4636967565455256,19142,6448,2.9686724565756824,0.9201302729528535
train,training_Amsterdam_GE3T_113,Amsterdam,1.3,2,0.4736021741736941,18573,6448,2.8804280397022333,0.9188895781637717
train,training_Amsterdam_GE3T_113,Amsterdam,1.3,3,0.4800358174935895,18121,6448,2.8103287841191067,0.9145471464019851
train,training_Amsterdam_GE3T_113,Amsterdam,1.3,5,0.48820077412910473,17579,6448,2.726271712158809,0.9095843672456576
train,training_Amsterdam_GE3T_113,Amsterdam,1.35,0,0.5937730093615231,12566,6448,1.9488213399503722,0.8754652605459057
train,training_Amsterdam_GE3T_113,Amsterdam,1.35,2,0.6057019903173749,12142,6448,1.8830645161290323,0.8731389578163772
train,training_Amsterdam_GE3T_113,Amsterdam,1.35,3,0.6144234984655853,11800,6448,1.8300248138957815,0.8694168734491315
train,training_Amsterdam_GE3T_113,Amsterdam,1.35,5,0.6253922008068131,11400,6448,1.7679900744416874,0.8655397022332506
train,training_Amsterdam_GE3T_113,Amsterdam,1.4,0,0.6912698412698413,8672,6448,1.3449131513647643,0.8104838709677419
train,training_Amsterdam_GE3T_113,Amsterdam,1.4,2,0.7030417481621366,8379,6448,1.2994727047146402,0.8083126550868487
train,training_Amsterdam_GE3T_113,Amsterdam,1.4,3,0.7100430122209326,8199,6448,1.2715570719602978,0.8064516129032258
train,training_Amsterdam_GE3T_113,Amsterdam,1.4,5,0.7190948844311793,7959,6448,1.2343362282878412,0.8033498759305211
train,training_Amsterdam_GE3T_113,Amsterdam,1.5,0,0.7378572681045064,4958,6448,0.7689205955334988,0.652605459057072
train,training_Amsterdam_GE3T_113,Amsterdam,1.5,2,0.743403577120595,4846,6448,0.7515508684863523,0.6510545905707196
train,training_Amsterdam_GE3T_113,Amsterdam,1.5,3,0.7467474603457495,4774,6448,0.7403846153846154,0.6498138957816377
train,training_Amsterdam_GE3T_113,Amsterdam,1.5,5,0.7464725442617057,4679,6448,0.725651364764268,0.644075682382134
train,training_Amsterdam_GE3T_113,Amsterdam,1.6,0,0.6388717315215153,3266,6448,0.5065136476426799,0.48123449131513646
train,training_Amsterdam_GE3T_113,Amsterdam,1.6,2,0.6390899689762151,3222,6448,0.4996898263027295,0.4792183622828784
train,training_Amsterdam_GE3T_113,Amsterdam,1.6,3,0.6376811594202898,3212,6448,0.4981389578163772,0.47766749379652607
train,training_Amsterdam_GE3T_113,Amsterdam,1.6,5,0.634207240948814,3164,6448,0.49069478908188585,0.47270471464019853
train,training_Amsterdam_GE3T_114,Amsterdam,1.05,0,0.07876543416289782,114824,4797,23.936627058578278,0.9820721284135918
train,training_Amsterdam_GE3T_114,Amsterdam,1.05,2,0.078983988599212,114493,4797,23.867625599332918,0.9820721284135918
train,training_Amsterdam_GE3T_114,Amsterdam,1.05,3,0.07915518516029303,114235,4797,23.813841984573692,0.9820721284135918
train,training_Amsterdam_GE3T_114,Amsterdam,1.05,5,0.07933246888840241,113969,4797,23.758390660829686,0.9820721284135918
train,training_Amsterdam_GE3T_114,Amsterdam,1.1,0,0.11666314047118269,75554,4797,15.750260579528872,0.9770690014592454
train,training_Amsterdam_GE3T_114,Amsterdam,1.1,2,0.11748192151997093,74994,4797,15.633520950594122,0.9770690014592454
train,training_Amsterdam_GE3T_114,Amsterdam,1.1,3,0.11818399586469483,74520,4797,15.534709193245778,0.9770690014592454
train,training_Amsterdam_GE3T_114,Amsterdam,1.1,5,0.1189270162877201,73974,4797,15.420888055034396,0.9764436105899521
train,training_Amsterdam_GE3T_114,Amsterdam,1.15,0,0.18356338251626209,45627,4797,9.511569731081925,0.964769647696477
train,training_Amsterdam_GE3T_114,Amsterdam,1.15,2,0.18608205953338697,44923,4797,9.364811340421097,0.9643527204502814
train,training_Amsterdam_GE3T_114,Amsterdam,1.15,3,0.18802862719583605,44387,4797,9.253074838440693,0.9639357932040858
train,training_Amsterdam_GE3T_114,Amsterdam,1.15,5,0.190193898974929,43785,4797,9.127579737335834,0.9631019387116948
train,training_Amsterdam_GE3T_114,Amsterdam,1.2,0,0.2924760424760425,26091,4797,5.439024390243903,0.9416301855326246
train,training_Amsterdam_GE3T_114,Amsterdam,1.2,2,0.2982618465402154,25465,4797,5.308526162184699,0.9407963310402335
train,training_Amsterdam_GE3T_114,Amsterdam,1.2,3,0.3032891639200915,24937,4797,5.198457369189076,0.9399624765478424
train,training_Amsterdam_GE3T_114,Amsterdam,1.2,5,0.30864239887466977,24350,4797,5.076089222430686,0.9376693766937669
train,training_Amsterdam_GE3T_114,Amsterdam,1.25,0,0.43638015444405187,15016,4797,3.130289764436106,0.9011882426516573
train,training_Amsterdam_GE3T_114,Amsterdam,1.25,2,0.44773799036119605,14500,4797,3.0227225349176567,0.900562851782364
train,training_Amsterdam_GE3T_114,Amsterdam,1.25,3,0.4548572634689462,14154,4797,2.9505941213258287,0.8984782155513863
train,training_Amsterdam_GE3T_114,Amsterdam,1.25,5,0.4634146341463415,13735,4797,2.8632478632478633,0.895142797581822
train,training_Amsterdam_GE3T_114,Amsterdam,1.3,0,0.5799598047660063,9135,4797,1.9043151969981238,0.8421930373149885
train,training_Amsterdam_GE3T_114,Amsterdam,1.3,2,0.5927013730817241,8822,4797,1.839066082968522,0.8413591828225975
train,training_Amsterdam_GE3T_114,Amsterdam,1.3,3,0.6004329327461372,8600,4797,1.7927871586408173,0.8384406920992287
train,training_Amsterdam_GE3T_114,Amsterdam,1.3,5,0.6092998396579369,8300,4797,1.7302480717114863,0.8317698561601
train,training_Amsterdam_GE3T_114,Amsterdam,1.35,0,0.6833595121500509,6026,4797,1.2562017927871587,0.7708984782155514
train,training_Amsterdam_GE3T_114,Amsterdam,1.35,2,0.6954802259887005,5823,4797,1.2138836772983115,0.7698561601000625
train,training_Amsterdam_GE3T_114,Amsterdam,1.35,3,0.701875239188672,5655,4797,1.1788617886178863,0.7646445695226183
train,training_Amsterdam_GE3T_114,Amsterdam,1.35,5,0.7060194174757282,5503,4797,1.1471753179070252,0.7579737335834896
train,training_Amsterdam_GE3T_114,Amsterdam,1.4,0,0.7270167839740119,4438,4797,0.9251615593079008,0.699812382739212
train,training_Amsterdam_GE3T_114,Amsterdam,1.4,2,0.7336914811972371,4324,4797,0.9013967062747551,0.6975192828851365
train,training_Amsterdam_GE3T_114,Amsterdam,1.4,3,0.7357844760958375,4260,4797,0.8880550343964978,0.6946007921617677
train,training_Amsterdam_GE3T_114,Amsterdam,1.4,5,0.7370897277920914,4130,4797,0.8609547633937877,0.6858453199916614
train,training_Amsterdam_GE3T_114,Amsterdam,1.5,0,0.6789328426862925,2812,4797,0.5861997081509277,0.5384615384615384
train,training_Amsterdam_GE3T_114,Amsterdam,1.5,2,0.6796039603960397,2778,4797,0.5791119449656035,0.5365853658536586
train,training_Amsterdam_GE3T_114,Amsterdam,1.5,3,0.6789257838338405,2762,4797,0.5757765269960392,0.5349176568688764
train,training_Amsterdam_GE3T_114,Amsterdam,1.5,5,0.6757905926122775,2729,4797,0.5688972274338128,0.5301229935376277
train,training_Amsterdam_GE3T_114,Amsterdam,1.6,0,0.5418230965610452,1862,4797,0.3881592662080467,0.37606837606837606
train,training_Amsterdam_GE3T_114,Amsterdam,1.6,2,0.5397923875432526,1850,4797,0.38565770273087346,0.37398373983739835
train,training_Amsterdam_GE3T_114,Amsterdam,1.6,3,0.5355471698113208,1828,4797,0.3810715030227225,0.369814467375443
train,training_Amsterdam_GE3T_114,Amsterdam,1.6,5,0.5297772389756024,1802,4797,0.37565144882218054,0.36439441317490096
train,training_Amsterdam_GE3T_115,Amsterdam,1.05,0,0.01109208665227425,160249,947,169.21752903907074,0.9440337909186906
train,training_Amsterdam_GE3T_115,Amsterdam,1.05,2,0.011106141920095408,160045,947,169.00211193241816,0.9440337909186906
train,training_Amsterdam_GE3T_115,Amsterdam,1.05,3,0.011116637652325291,159893,947,168.8416050686378,0.9440337909186906
train,training_Amsterdam_GE3T_115,Amsterdam,1.05,5,0.011127984266474147,159729,947,168.66842661034846,0.9440337909186906
train,training_Amsterdam_GE3T_115,Amsterdam,1.1,0,0.0145349783521599,121929,947,128.75290390707497,0.9429778247096093
train,training_Amsterdam_GE3T_115,Amsterdam,1.1,2,0.014566511703776201,121663,947,128.47201689545935,0.9429778247096093
train,training_Amsterdam_GE3T_115,Amsterdam,1.1,3,0.014595319037656904,121421,947,128.21647307286167,0.9429778247096093
train,training_Amsterdam_GE3T_115,Amsterdam,1.1,5,0.014631428899120148,121119,947,127.89757127771911,0.9429778247096093
train,training_Amsterdam_GE3T_115,Amsterdam,1.15,0,0.02041192037740191,85963,947,90.7740232312566,0.9366420274551215
train,training_Amsterdam_GE3T_115,Amsterdam,1.15,2,0.020515548565414994,85524,947,90.3104540654699,0.9366420274551215
train,training_Amsterdam_GE3T_115,Amsterdam,1.15,3,0.020502223202572646,85190,947,89.95776135163675,0.9324181626187962
train,training_Amsterdam_GE3T_115,Amsterdam,1.15,5,0.020437445319335085,84778,947,89.52270327349525,0.925026399155227
train,training_Amsterdam_GE3T_115,Amsterdam,1.2,0,0.029962936021337767,56791,947,59.96937697993664,0.9134107708553326
train,training_Amsterdam_GE3T_115,Amsterdam,1.2,2,0.03020228179463848,56201,947,59.34635691657867,0.91129883843717
train,training_Amsterdam_GE3T_115,Amsterdam,1.2,3,0.030398248834910324,55701,947,58.81837381203801,0.9091869060190074
train,training_Amsterdam_GE3T_115,Amsterdam,1.2,5,0.030290056726961362,55111,947,58.19535374868004,0.8965153115100317
train,training_Amsterdam_GE3T_115,Amsterdam,1.25,0,0.045312711979378646,35908,947,37.917634635691655,0.8817317845828934
train,training_Amsterdam_GE3T_115,Amsterdam,1.25,2,0.04589205438649715,35312,947,37.2882787750792,0.8785638859556494
train,training_Amsterdam_GE3T_115,Amsterdam,1.25,3,0.0464582575354734,34784,947,36.73072861668427,0.8764519535374868
train,training_Amsterdam_GE3T_115,Amsterdam,1.25,5,0.04678496034689336,34107,947,36.01583949313622,0.8658922914466737
train,training_Amsterdam_GE3T_115,Amsterdam,1.3,0,0.07005331101026567,21750,947,22.96726504751848,0.839493136219641
train,training_Amsterdam_GE3T_115,Amsterdam,1.3,2,0.07180091564298989,21114,947,22.295670538542765,0.8363252375923971
train,training_Amsterdam_GE3T_115,Amsterdam,1.3,3,0.07305172173428133,20572,947,21.723336853220697,0.8299894403379092
train,training_Amsterdam_GE3T_115,Amsterdam,1.3,5,0.07479144692683862,19911,947,21.025343189017953,0.8236536430834214
train,training_Amsterdam_GE3T_115,Amsterdam,1.35,0,0.10868124585818423,12634,947,13.341077085533263,0.7793030623020063
train,training_Amsterdam_GE3T_115,Amsterdam,1.35,2,0.11273454321747155,12057,947,12.731784582893347,0.7740232312565998
train,training_Amsterdam_GE3T_115,Amsterdam,1.35,3,0.11531732145697471,11627,947,12.277719112988384,0.7655755015839493
train,training_Amsterdam_GE3T_115,Amsterdam,1.35,5,0.11818484042553191,11085,947,11.705385427666315,0.750791974656811
train,training_Amsterdam_GE3T_115,Amsterdam,1.4,0,0.162437780745417,7290,947,7.697993664202746,0.706441393875396
train,training_Amsterdam_GE3T_115,Amsterdam,1.4,2,0.17025089605734767,6865,947,7.249208025343189,0.7022175290390708
train,training_Amsterdam_GE3T_115,Amsterdam,1.4,3,0.17559285904609645,6559,947,6.926082365364309,0.6958817317845829
train,training_Amsterdam_GE3T_115,Amsterdam,1.4,5,0.18348883234379418,6127,947,6.4699049630411825,0.6853220696937699
train,training_Amsterdam_GE3T_115,Amsterdam,1.5,0,0.29556354916067146,2389,947,2.522703273495248,0.5205913410770855
train,training_Amsterdam_GE3T_115,Amsterdam,1.5,2,0.3116383456235973,2172,947,2.293558606124604,0.5131995776135164
train,training_Amsterdam_GE3T_115,Amsterdam,1.5,3,0.3278246205733558,2018,947,2.1309398099260823,0.5131995776135164
train,training_Amsterdam_GE3T_115,Amsterdam,1.5,5,0.34093300596282006,1904,947,2.010559662090813,0.5131995776135164
train,training_Amsterdam_GE3T_115,Amsterdam,1.6,0,0.38571428571428573,873,947,0.9218585005279831,0.3706441393875396
train,training_Amsterdam_GE3T_115,Amsterdam,1.6,2,0.4013761467889908,797,947,0.8416050686378036,0.36958817317845827
train,training_Amsterdam_GE3T_115,Amsterdam,1.6,3,0.40941176470588236,753,947,0.795142555438226,0.36747624076029567
train,training_Amsterdam_GE3T_115,Amsterdam,1.6,5,0.4246153846153846,678,947,0.7159450897571278,0.36430834213305174
train,training_Amsterdam_GE3T_116,Amsterdam,1.05,0,0.007680511182108626,155887,613,254.30179445350734,0.9804241435562806
train,training_Amsterdam_GE3T_116,Amsterdam,1.05,2,0.007688568212056084,155723,613,254.0342577487765,0.9804241435562806
train,training_Amsterdam_GE3T_116,Amsterdam,1.05,3,0.007694868380620711,155595,613,253.82544861337684,0.9804241435562806
train,training_Amsterdam_GE3T_116,Amsterdam,1.05,5,0.007663522657371335,155451,613,253.5905383360522,0.9755301794453507
train,training_Amsterdam_GE3T_116,Amsterdam,1.1,0,0.008994962820820341,132795,613,216.63132137030996,0.9787928221859706
train,training_Amsterdam_GE3T_116,Amsterdam,1.1,2,0.008995006945226565,132572,613,216.26753670473084,0.9771615008156607
train,training_Amsterdam_GE3T_116,Amsterdam,1.1,3,0.00897386755653762,132440,613,216.0522022838499,0.9738988580750407
train,training_Amsterdam_GE3T_116,Amsterdam,1.1,5,0.008926555373244419,132249,613,215.74061990212073,0.967373572593801
train,training_Amsterdam_GE3T_116,Amsterdam,1.15,0,0.010798275174837845,109775,613,179.0783034257749,0.9722675367047309
train,training_Amsterdam_GE3T_116,Amsterdam,1.15,2,0.010822196397443347,109531,613,178.68026101141925,0.9722675367047309
train,training_Amsterdam_GE3T_116,Amsterdam,1.15,3,0.010769510642168455,109327,613,178.34747145187603,0.965742251223491
train,training_Amsterdam_GE3T_116,Amsterdam,1.15,5,0.010682416851239142,109100,613,177.97716150081567,0.9559543230016313
train,training_Amsterdam_GE3T_116,Amsterdam,1.2,0,0.013397992556670802,88057,613,143.64926590538337,0.9690048939641109
train,training_Amsterdam_GE3T_116,Amsterdam,1.2,2,0.013442563591925409,87763,613,143.16965742251224,0.9690048939641109
train,training_Amsterdam_GE3T_116,Amsterdam,1.2,3,0.013383540513565013,87555,613,142.83034257748776,0.9624796084828712
train,training_Amsterdam_GE3T_116,Amsterdam,1.2,5,0.013311640289897944,87280,613,142.38172920065253,0.9543230016313213
train,training_Amsterdam_GE3T_116,Amsterdam,1.25,0,0.016990326569205034,68132,613,111.14518760195759,0.9526916802610114
train,training_Amsterdam_GE3T_116,Amsterdam,1.25,2,0.01703059957642591,67852,613,110.6884176182708,0.9510603588907015
train,training_Amsterdam_GE3T_116,Amsterdam,1.25,3,0.016980717061368136,67582,613,110.24796084828711,0.9445350734094616
train,training_Amsterdam_GE3T_116,Amsterdam,1.25,5,0.01676018792618448,67286,613,109.76508972267537,0.9282218597063622
train,training_Amsterdam_GE3T_116,Amsterdam,1.3,0,0.022052456366540303,51354,613,83.77487765089722,0.9347471451876019
train,training_Amsterdam_GE3T_116,Amsterdam,1.3,2,0.022146936404994676,51042,613,83.26590538336052,0.933115823817292
train,training_Amsterdam_GE3T_116,Amsterdam,1.3,3,0.022042644338428584,50742,613,82.77650897226754,0.9233278955954323
train,training_Amsterdam_GE3T_116,Amsterdam,1.3,5,0.022030144450324377,50408,613,82.23164763458401,0.9168026101141925
train,training_Amsterdam_GE3T_116,Amsterdam,1.35,0,0.02899465887862762,37394,613,61.00163132137031,0.8988580750407831
train,training_Amsterdam_GE3T_116,Amsterdam,1.35,2,0.029306951757885218,36989,613,60.34094616639478,0.8988580750407831
train,training_Amsterdam_GE3T_116,Amsterdam,1.35,3,0.029460692245774082,36657,613,59.799347471451874,0.8955954323001631
train,training_Amsterdam_GE3T_116,Amsterdam,1.35,5,0.029275181272574207,36210,613,59.07014681892333,0.8792822185970636
train,training_Amsterdam_GE3T_116,Amsterdam,1.4,0,0.03891740206033305,26470,613,43.1810766721044,0.8597063621533442
train,training_Amsterdam_GE3T_116,Amsterdam,1.4,2,0.03955714017639332,26032,613,42.466557911908644,0.8597063621533442
train,training_Amsterdam_GE3T_116,Amsterdam,1.4,3,0.040038058991436726,25662,613,41.86296900489396,0.8580750407830342
train,training_Amsterdam_GE3T_116,Amsterdam,1.4,5,0.03956639566395664,25217,613,41.13703099510604,0.833605220228385
train,training_Amsterdam_GE3T_116,Amsterdam,1.5,0,0.07313195548489666,11967,613,19.522022838499183,0.7504078303425775
train,training_Amsterdam_GE3T_116,Amsterdam,1.5,2,0.07498766650222002,11549,613,18.840130505709624,0.7438825448613376
train,training_Amsterdam_GE3T_116,Amsterdam,1.5,3,0.0767406403523632,11193,613,18.259380097879284,0.7389885807504079
train,training_Amsterdam_GE3T_116,Amsterdam,1.5,5,0.07699728141717092,10790,613,17.60195758564437,0.7161500815660685
train,training_Amsterdam_GE3T_116,Amsterdam,1.6,0,0.14262084175702996,4828,613,7.876019575856444,0.632952691680261
train,training_Amsterdam_GE3T_116,Amsterdam,1.6,2,0.14777367295352906,4530,613,7.389885807504078,0.6199021207177814
train,training_Amsterdam_GE3T_116,Amsterdam,1.6,3,0.1521959117587533,4328,613,7.060358890701468,0.6133768352365416
train,training_Amsterdam_GE3T_116,Amsterdam,1.6,5,0.15736583279880265,4064,613,6.629690048939641,0.600326264274062
train,training_Amsterdam_GE3T_126,Amsterdam,1.05,0,0.06327970986140163,128176,4726,27.121455776555226,0.8897587812103258
train,training_Amsterdam_GE3T_126,Amsterdam,1.05,2,0.06351819822813683,127677,4726,27.015869657215404,0.8897587812103258
train,training_Amsterdam_GE3T_126,Amsterdam,1.05,3,0.06370391691979063,127291,4726,26.93419382141346,0.8897587812103258
train,training_Amsterdam_GE3T_126,Amsterdam,1.05,5,0.06389994833297875,126886,4726,26.848497672450275,0.8897587812103258
train,training_Amsterdam_GE3T_126,Amsterdam,1.1,0,0.08591202298075055,93095,4726,19.69847651290732,0.8891239949217097
train,training_Amsterdam_GE3T_126,Amsterdam,1.1,2,0.08644756467623309,92489,4726,19.570249682606857,0.8891239949217097
train,training_Amsterdam_GE3T_126,Amsterdam,1.1,3,0.08679397275553306,92101,4726,19.48815065594583,0.8891239949217097
train,training_Amsterdam_GE3T_126,Amsterdam,1.1,5,0.08725807791344796,91586,4726,19.379179009733388,0.8891239949217097
train,training_Amsterdam_GE3T_126,Amsterdam,1.15,0,0.12032944957814383,64966,4726,13.746508675412612,0.8872196360558612
train,training_Amsterdam_GE3T_126,Amsterdam,1.15,2,0.12132523148148149,64394,4726,13.625476089716463,0.8872196360558612
train,training_Amsterdam_GE3T_126,Amsterdam,1.15,3,0.12210250436808387,63954,4726,13.532374100719425,0.8872196360558612
train,training_Amsterdam_GE3T_126,Amsterdam,1.15,5,0.12276537131469434,63518,4726,13.440118493440542,0.8863732543377063
train,training_Amsterdam_GE3T_126,Amsterdam,1.2,0,0.17159824319030043,43771,4726,9.2617435463394,0.8804485823106221
train,training_Amsterdam_GE3T_126,Amsterdam,1.2,2,0.1735232177484935,43233,4726,9.147905205247566,0.8804485823106221
train,training_Amsterdam_GE3T_126,Amsterdam,1.2,3,0.1746695526089058,42861,4726,9.069191705459161,0.8793906051629284
train,training_Amsterdam_GE3T_126,Amsterdam,1.2,5,0.1763555177546247,42304,4726,8.951333051206094,0.8774862462970799
train,training_Amsterdam_GE3T_126,Amsterdam,1.25,0,0.24559306841948014,28744,4726,6.082099026661024,0.8696572154041473
train,training_Amsterdam_GE3T_126,Amsterdam,1.25,2,0.24868365308963264,28320,4726,5.992382564536606,0.8694456199746086
train,training_Amsterdam_GE3T_126,Amsterdam,1.25,3,0.25073367571533384,27986,4726,5.921709691070673,0.8677528565382988
train,training_Amsterdam_GE3T_126,Amsterdam,1.25,5,0.2528131569185112,27622,4726,5.8446889547185785,0.8652137113838341
train,training_Amsterdam_GE3T_126,Amsterdam,1.3,0,0.3396904130676473,18660,4726,3.948370715192552,0.8404570461278036
train,training_Amsterdam_GE3T_126,Amsterdam,1.3,2,0.3448095983307251,18278,4726,3.86754126110876,0.8391874735505713
train,training_Amsterdam_GE3T_126,Amsterdam,1.3,3,0.3476998856539713,18012,4726,3.81125687685146,0.836436732966568
train,training_Amsterdam_GE3T_126,Amsterdam,1.3,5,0.35016445906302784,17772,4726,3.7604739737621666,0.8334743969530258
train,training_Amsterdam_GE3T_126,Amsterdam,1.35,0,0.4434751856654485,12240,4726,2.5899280575539567,0.796022005924672
train,training_Amsterdam_GE3T_126,Amsterdam,1.35,2,0.4506687458765669,11947,4726,2.5279305966991115,0.7949640287769785
train,training_Amsterdam_GE3T_126,Amsterdam,1.35,3,0.45584218512898333,11749,4726,2.4860347016504445,0.794540837917901
train,training_Amsterdam_GE3T_126,Amsterdam,1.35,5,0.4598280098280098,11554,4726,2.4447735928903938,0.7920016927634363
train,training_Amsterdam_GE3T_126,Amsterdam,1.4,0,0.54252017380509,8162,4726,1.7270418958950486,0.739737621667372
train,training_Amsterdam_GE3T_126,Amsterdam,1.4,2,0.5504731861198738,7954,4726,1.6830300465509944,0.7384680490901396
train,training_Amsterdam_GE3T_126,Amsterdam,1.4,3,0.555147645650439,7804,4726,1.6512907321201862,0.735928903935675
train,training_Amsterdam_GE3T_126,Amsterdam,1.4,5,0.5621910704156875,7615,4726,1.6112991959373677,0.7340245450698265
train,training_Amsterdam_GE3T_126,Amsterdam,1.5,0,0.6275098084468036,3940,4726,0.8336859923825646,0.575327972915785
train,training_Amsterdam_GE3T_126,Amsterdam,1.5,2,0.6330414477524811,3839,4726,0.8123148539991536,0.5736352094794752
train,training_Amsterdam_GE3T_126,Amsterdam,1.5,3,0.6406639004149378,3709,4726,0.7848074481591197,0.5717308506136267
train,training_Amsterdam_GE3T_126,Amsterdam,1.5,5,0.6499098015634396,3589,4726,0.7594159966144731,0.5717308506136267
train,training_Amsterdam_GE3T_126,Amsterdam,1.6,0,0.5499927017953583,2125,4726,0.44964028776978415,0.3986457892509522
train,training_Amsterdam_GE3T_126,Amsterdam,1.6,2,0.554408728988499,2056,4726,0.43504020313161235,0.3977994075327973
train,training_Amsterdam_GE3T_126,Amsterdam,1.6,3,0.5550947867298578,2026,4726,0.4286923402454507,0.396529834955565
train,training_Amsterdam_GE3T_126,Amsterdam,1.6,5,0.5545468075606489,1993,4726,0.42170969107067285,0.394202285230639
train,training_Amsterdam_GE3T_132,Amsterdam,1.05,0,0.18075617411725742,120472,12381,9.730393344640982,0.9697924238752927
train,training_Amsterdam_GE3T_132,Amsterdam,1.05,2,0.1810751099012962,120238,12381,9.71149341733301,0.9697924238752927
train,training_Amsterdam_GE3T_132,Amsterdam,1.05,3,0.1812828855488537,120086,12381,9.69921654147484,0.9697924238752927
train,training_Amsterdam_GE3T_132,Amsterdam,1.05,5,0.18157064736448003,119832,12381,9.678701235764478,0.9694693481948147
train,training_Amsterdam_GE3T_132,Amsterdam,1.1,0,0.22818281257430922,92754,12381,7.491640416767628,0.9688231968338583
train,training_Amsterdam_GE3T_132,Amsterdam,1.1,2,0.22892095118134279,92415,12381,7.464259752847105,0.9688231968338583
train,training_Amsterdam_GE3T_132,Amsterdam,1.1,3,0.2295386264041181,92133,12381,7.441482917373395,0.9688231968338583
train,training_Amsterdam_GE3T_132,Amsterdam,1.1,5,0.22996488939199172,91861,12381,7.41951377110088,0.9680962765527825
train,training_Amsterdam_GE3T_132,Amsterdam,1.15,0,0.2912552891396333,69863,12381,5.642759066311283,0.9673693562717066
train,training_Amsterdam_GE3T_132,Amsterdam,1.15,2,0.29281531559065516,69418,12381,5.606816896858089,0.9672885873515871
train,training_Amsterdam_GE3T_132,Amsterdam,1.15,3,0.2941588354523678,69024,12381,5.574993942330991,0.9670462805912285
train,training_Amsterdam_GE3T_132,Amsterdam,1.15,5,0.29578631200326316,68522,12381,5.534447944430983,0.9664001292302722
train,training_Amsterdam_GE3T_132,Amsterdam,1.2,0,0.37144772326926373,51768,12381,4.181245456748243,0.9622809143041757
train,training_Amsterdam_GE3T_132,Amsterdam,1.2,2,0.37442046865423,51248,12381,4.1392456182860835,0.9621193764639366
train,training_Amsterdam_GE3T_132,Amsterdam,1.2,3,0.37682994381577906,50804,12381,4.103384217753009,0.9615539940230999
train,training_Amsterdam_GE3T_132,Amsterdam,1.2,5,0.38021149484042044,50221,12381,4.056295937323318,0.9612309183426218
train,training_Amsterdam_GE3T_132,Amsterdam,1.25,0,0.46431095406360423,38559,12381,3.114368790889266,0.9551732493336564
train,training_Amsterdam_GE3T_132,Amsterdam,1.25,2,0.46880142758005355,38054,12381,3.073580486228899,0.9548501736531783
train,training_Amsterdam_GE3T_132,Amsterdam,1.25,3,0.4720385207088769,37670,12381,3.0425652209029965,0.9541232533721025
train,training_Amsterdam_GE3T_132,Amsterdam,1.25,5,0.47597549177684617,37235,12381,3.0074307406509977,0.9537194087715047
train,training_Amsterdam_GE3T_132,Amsterdam,1.3,0,0.5628218083826573,29181,12381,2.3569178580082384,0.9446732897181165
train,training_Amsterdam_GE3T_132,Amsterdam,1.3,2,0.5676548425474057,28806,12381,2.326629512963412,0.9441886761973992
train,training_Amsterdam_GE3T_132,Amsterdam,1.3,3,0.5707790461756582,28528,12381,2.3041757531701803,0.9429771423956061
train,training_Amsterdam_GE3T_132,Amsterdam,1.3,5,0.5754614549402823,28143,12381,2.273079718924158,0.9417656085938131
train,training_Amsterdam_GE3T_132,Amsterdam,1.35,0,0.6518199097846747,22868,12381,1.847023665293595,0.9278733543332526
train,training_Amsterdam_GE3T_132,Amsterdam,1.35,2,0.6567164179104478,22593,12381,1.824812212260722,0.9275502786527744
train,training_Amsterdam_GE3T_132,Amsterdam,1.35,3,0.659762973190657,22383,12381,1.807850739035619,0.9262579759308618
train,training_Amsterdam_GE3T_132,Amsterdam,1.35,5,0.6641914430746918,22094,12381,1.7845085211210727,0.9247233664485905
train,training_Amsterdam_GE3T_132,Amsterdam,1.4,0,0.7298138660094688,18457,12381,1.490751958646313,0.9088926581051612
train,training_Amsterdam_GE3T_132,Amsterdam,1.4,2,0.7350432935794805,18224,12381,1.4719328002584606,0.9084888135045635
train,training_Amsterdam_GE3T_132,Amsterdam,1.4,3,0.7380616364173422,18088,12381,1.4609482271222034,0.9081657378240853
train,training_Amsterdam_GE3T_132,Amsterdam,1.4,5,0.7411415374463873,17929,12381,1.4481059688231968,0.9071965107826508
train,training_Amsterdam_GE3T_132,Amsterdam,1.5,0,0.8247103050032942,13422,12381,1.084080445844439,0.8593813100718843
train,training_Amsterdam_GE3T_132,Amsterdam,1.5,2,0.8271571334136952,13336,12381,1.0771343187141589,0.8590582343914062
train,training_Amsterdam_GE3T_132,Amsterdam,1.5,3,0.828895559627305,13270,12381,1.0718035699862694,0.8586543897908085
train,training_Amsterdam_GE3T_132,Amsterdam,1.5,5,0.8310184279510153,13178,12381,1.0643728293352719,0.8577659316694936
train,training_Amsterdam_GE3T_132,Amsterdam,1.6,0,0.835254003193923,10788,12381,0.871335110249576,0.7815200710766497
train,training_Amsterdam_GE3T_132,Amsterdam,1.6,2,0.8362236733987805,10742,12381,0.8676197399240773,0.7808739197156934
train,training_Amsterdam_GE3T_132,Amsterdam,1.6,3,0.8365288898506816,10724,12381,0.8661658993619256,0.7805508440352152
train,training_Amsterdam_GE3T_132,Amsterdam,1.6,5,0.8368923611111111,10659,12381,0.8609159195541556,0.7786931588724659
train,training_Amsterdam_GE3T_137,Amsterdam,1.05,0,0.03511202541388527,140362,2552,55.00078369905956,0.9831504702194357
train,training_Amsterdam_GE3T_137,Amsterdam,1.05,2,0.03515876797174967,140172,2552,54.926332288401255,0.9831504702194357
train,training_Amsterdam_GE3T_137,Amsterdam,1.05,3,0.03519082149319046,140042,2552,54.875391849529784,0.9831504702194357
train,training_Amsterdam_GE3T_137,Amsterdam,1.05,5,0.035162859931331315,139871,2552,54.8083855799373,0.9811912225705329
train,training_Amsterdam_GE3T_137,Amsterdam,1.1,0,0.04883764071821209,99869,2552,39.133620689655174,0.9800156739811913
train,training_Amsterdam_GE3T_137,Amsterdam,1.1,2,0.04895673204022285,99579,2552,39.01998432601881,0.9796238244514106
train,training_Amsterdam_GE3T_137,Amsterdam,1.1,3,0.0490069995974986,99311,2552,38.914968652037615,0.9780564263322884
train,training_Amsterdam_GE3T_137,Amsterdam,1.1,5,0.049041225341575775,99036,2552,38.807210031347964,0.9760971786833855
train,training_Amsterdam_GE3T_137,Amsterdam,1.15,0,0.07206601913386401,65913,2552,25.827978056426332,0.966692789968652
train,training_Amsterdam_GE3T_137,Amsterdam,1.15,2,0.07244437254584761,65445,2552,25.644592476489027,0.9651253918495298
train,training_Amsterdam_GE3T_137,Amsterdam,1.15,3,0.07261966412665533,65033,2552,25.483150470219435,0.9615987460815048
train,training_Amsterdam_GE3T_137,Amsterdam,1.15,5,0.07299813780260708,64573,2552,25.302899686520377,0.9600313479623824
train,training_Amsterdam_GE3T_137,Amsterdam,1.2,0,0.10943334956973534,40561,2552,15.893808777429467,0.924373040752351
train,training_Amsterdam_GE3T_137,Amsterdam,1.2,2,0.11064889891654328,39997,2552,15.672805642633229,0.9224137931034483
train,training_Amsterdam_GE3T_137,Amsterdam,1.2,3,0.11159961025689774,39527,2552,15.488636363636363,0.9200626959247649
train,training_Amsterdam_GE3T_137,Amsterdam,1.2,5,0.11137909411026964,38910,2552,15.246865203761756,0.9047805642633229
train,training_Amsterdam_GE3T_137,Amsterdam,1.25,0,0.17143961352657006,23323,2552,9.1391065830721,0.8691222570532915
train,training_Amsterdam_GE3T_137,Amsterdam,1.25,2,0.17404339250493098,22798,2552,8.933385579937305,0.8644200626959248
train,training_Amsterdam_GE3T_137,Amsterdam,1.25,3,0.1759749638902263,22372,2552,8.766457680250785,0.8593260188087775
train,training_Amsterdam_GE3T_137,Amsterdam,1.25,5,0.1756784581806202,21731,2552,8.515282131661442,0.8358150470219435
train,training_Amsterdam_GE3T_137,Amsterdam,1.3,0,0.2601378213623112,12540,2552,4.913793103448276,0.7692006269592476
train,training_Amsterdam_GE3T_137,Amsterdam,1.3,2,0.26720647773279355,12021,2552,4.710423197492163,0.7629310344827587
train,training_Amsterdam_GE3T_137,Amsterdam,1.3,3,0.27143564006503146,11595,2552,4.543495297805642,0.7523510971786834
train,training_Amsterdam_GE3T_137,Amsterdam,1.3,5,0.27595829049787046,11066,2552,4.336206896551724,0.7362852664576802
train,training_Amsterdam_GE3T_137,Amsterdam,1.35,0,0.37637149506815915,6471,2552,2.5356583072100314,0.6653605015673981
train,training_Amsterdam_GE3T_137,Amsterdam,1.35,2,0.3910575697903394,6081,2552,2.3828369905956115,0.6614420062695925
train,training_Amsterdam_GE3T_137,Amsterdam,1.35,3,0.40062673255393516,5745,2552,2.251175548589342,0.6512539184952978
train,training_Amsterdam_GE3T_137,Amsterdam,1.35,5,0.4015218769816106,5333,2552,2.0897335423197494,0.6202978056426333
train,training_Amsterdam_GE3T_137,Amsterdam,1.4,0,0.4739449854775329,3301,2552,1.2934952978056427,0.5434952978056427
train,training_Amsterdam_GE3T_137,Amsterdam,1.4,2,0.4876829703677258,3050,2552,1.195141065830721,0.5352664576802508
train,training_Amsterdam_GE3T_137,Amsterdam,1.4,3,0.49851521900519674,2836,2552,1.1112852664576802,0.5262539184952978
train,training_Amsterdam_GE3T_137,Amsterdam,1.4,5,0.4967829986352115,2577,2552,1.009796238244514,0.4992163009404389
train,training_Amsterdam_GE3T_137,Amsterdam,1.5,0,0.4637912673056443,1204,2552,0.4717868338557994,0.3413009404388715
train,training_Amsterdam_GE3T_137,Amsterdam,1.5,2,0.46078431372549017,1120,2552,0.438871473354232,0.33150470219435735
train,training_Amsterdam_GE3T_137,Amsterdam,1.5,3,0.4533406957482054,1070,2552,0.41927899686520376,0.32170846394984326
train,training_Amsterdam_GE3T_137,Amsterdam,1.5,5,0.4441325098259405,1010,2552,0.3957680250783699,0.30995297805642635
train,training_Amsterdam_GE3T_137,Amsterdam,1.6,0,0.3235757003462386,625,2552,0.24490595611285265,0.20141065830721003
train,training_Amsterdam_GE3T_137,Amsterdam,1.6,2,0.3178220955998734,607,2552,0.2378526645768025,0.19670846394984326
train,training_Amsterdam_GE3T_137,Amsterdam,1.6,3,0.30464,573,2552,0.22452978056426331,0.1865203761755486
train,training_Amsterdam_GE3T_137,Amsterdam,1.6,5,0.2864549578742709,534,2552,0.20924764890282133,0.1731974921630094
train,training_Amsterdam_GE3T_144,Amsterdam,1.05,0,0.00746769135959109,164881,632,260.8876582278481,0.9778481012658228
train,training_Amsterdam_GE3T_144,Amsterdam,1.05,2,0.007473968096556895,164742,632,260.6677215189873,0.9778481012658228
train,training_Amsterdam_GE3T_144,Amsterdam,1.05,3,0.0074783092728614815,164646,632,260.51582278481015,0.9778481012658228
train,training_Amsterdam_GE3T_144,Amsterdam,1.05,5,0.007459704276009058,164522,632,260.31962025316454,0.9746835443037974
train,training_Amsterdam_GE3T_144,Amsterdam,1.1,0,0.009537464156588954,127704,632,202.0632911392405,0.9683544303797469
train,training_Amsterdam_GE3T_144,Amsterdam,1.1,2,0.009537635415691048,127492,632,201.72784810126583,0.9667721518987342
train,training_Amsterdam_GE3T_144,Amsterdam,1.1,3,0.00954896383583909,127340,632,201.4873417721519,0.9667721518987342
train,training_Amsterdam_GE3T_144,Amsterdam,1.1,5,0.009558823529411765,127208,632,201.27848101265823,0.9667721518987342
train,training_Amsterdam_GE3T_144,Amsterdam,1.15,0,0.012822024722064389,92645,632,146.59018987341773,0.9462025316455697
train,training_Amsterdam_GE3T_144,Amsterdam,1.15,2,0.01284492496369211,92323,632,146.08069620253164,0.944620253164557
train,training_Amsterdam_GE3T_144,Amsterdam,1.15,3,0.012818161219667461,92049,632,145.64715189873417,0.939873417721519
train,training_Amsterdam_GE3T_144,Amsterdam,1.15,5,0.012651920535540198,91686,632,145.0727848101266,0.9240506329113924
train,training_Amsterdam_GE3T_144,Amsterdam,1.2,0,0.018193857602320743,62796,632,99.36075949367088,0.9129746835443038
train,training_Amsterdam_GE3T_144,Amsterdam,1.2,2,0.018218237314002288,62272,632,98.53164556962025,0.9066455696202531
train,training_Amsterdam_GE3T_144,Amsterdam,1.2,3,0.017812599936040934,61908,632,97.95569620253164,0.8813291139240507
train,training_Amsterdam_GE3T_144,Amsterdam,1.2,5,0.017637764808306193,61394,632,97.14240506329114,0.865506329113924
train,training_Amsterdam_GE3T_144,Amsterdam,1.25,0,0.025908512097169163,40204,632,63.61392405063291,0.8370253164556962
train,training_Amsterdam_GE3T_144,Amsterdam,1.25,2,0.025901712694822145,39597,632,62.653481012658226,0.8243670886075949
train,training_Amsterdam_GE3T_144,Amsterdam,1.25,3,0.026038125456422655,39079,632,61.83386075949367,0.8180379746835443
train,training_Amsterdam_GE3T_144,Amsterdam,1.25,5,0.02584442169907881,38448,632,60.835443037974684,0.7990506329113924
train,training_Amsterdam_GE3T_144,Amsterdam,1.3,0,0.038619219416202034,23760,632,37.59493670886076,0.745253164556962
train,training_Amsterdam_GE3T_144,Amsterdam,1.3,2,0.03904080774084981,23138,632,36.610759493670884,0.7341772151898734
train,training_Amsterdam_GE3T_144,Amsterdam,1.3,3,0.03954026931983875,22686,632,35.89556962025316,0.7294303797468354
train,training_Amsterdam_GE3T_144,Amsterdam,1.3,5,0.038111164899001015,22091,632,34.95411392405063,0.685126582278481
train,training_Amsterdam_GE3T_144,Amsterdam,1.35,0,0.059276648815200644,12999,632,20.568037974683545,0.6392405063291139
train,training_Amsterdam_GE3T_144,Amsterdam,1.35,2,0.06070336391437309,12448,632,19.696202531645568,0.6281645569620253
train,training_Amsterdam_GE3T_144,Amsterdam,1.35,3,0.0607306658231852,12014,632,19.009493670886076,0.6075949367088608
train,training_Amsterdam_GE3T_144,Amsterdam,1.35,5,0.057053343226976666,11497,632,18.19145569620253,0.5474683544303798
train,training_Amsterdam_GE3T_144,Amsterdam,1.4,0,0.09178407030269214,6537,632,10.343354430379748,0.5205696202531646
train,training_Amsterdam_GE3T_144,Amsterdam,1.4,2,0.09572240502542627,6054,632,9.579113924050633,0.5063291139240507
train,training_Amsterdam_GE3T_144,Amsterdam,1.4,3,0.09108099590293098,5714,632,9.041139240506329,0.4572784810126582
train,training_Amsterdam_GE3T_144,Amsterdam,1.4,5,0.08939674004369014,5319,632,8.416139240506329,0.4208860759493671
train,training_Amsterdam_GE3T_144,Amsterdam,1.5,0,0.20586865393572426,1515,632,2.3971518987341773,0.34968354430379744
train,training_Amsterdam_GE3T_144,Amsterdam,1.5,2,0.22094841063053675,1287,632,2.036392405063291,0.33544303797468356
train,training_Amsterdam_GE3T_144,Amsterdam,1.5,3,0.21859154929577465,1143,632,1.8085443037974684,0.3069620253164557
train,training_Amsterdam_GE3T_144,Amsterdam,1.5,5,0.23133414932680538,1002,632,1.5854430379746836,0.2990506329113924
train,training_Amsterdam_GE3T_144,Amsterdam,1.6,0,0.26078234704112335,365,632,0.5775316455696202,0.20569620253164558
train,training_Amsterdam_GE3T_144,Amsterdam,1.6,2,0.2703862660944206,300,632,0.47468354430379744,0.19936708860759494
train,training_Amsterdam_GE3T_144,Amsterdam,1.6,3,0.27149321266968324,252,632,0.3987341772151899,0.189873417721519
train,training_Amsterdam_GE3T_144,Amsterdam,1.6,5,0.27817745803357313,202,632,0.31962025316455694,0.18354430379746836
train,training_Singapore_Singapore_50,Singapore,1.05,0,0.11072467224463568,142390,8561,16.632402756687302,0.9761710080598061
train,training_Singapore_Singapore_50,Singapore,1.05,2,0.11087230514096186,142189,8561,16.60892419109917,0.9761710080598061
train,training_Singapore_Singapore_50,Singapore,1.05,3,0.11095915874448989,142071,8561,16.595140754584744,0.9761710080598061
train,training_Singapore_Singapore_50,Singapore,1.05,5,0.11103508294082867,141968,8561,16.583109449830626,0.9761710080598061
train,training_Singapore_Singapore_50,Singapore,1.1,0,0.14827261250689,103921,8561,12.138885644200444,0.974068449947436
train,training_Singapore_Singapore_50,Singapore,1.1,2,0.14878716779816759,103532,8561,12.093447027216447,0.974068449947436
train,training_Singapore_Singapore_50,Singapore,1.1,3,0.14913574947912475,103270,8561,12.06284312580306,0.974068449947436
train,training_Singapore_Singapore_50,Singapore,1.1,5,0.14944980106813865,103035,8561,12.03539306155823,0.974068449947436
train,training_Singapore_Singapore_50,Singapore,1.15,0,0.2082930078807456,71000,8561,8.293423665459642,0.9678775843943465
train,training_Singapore_Singapore_50,Singapore,1.15,2,0.20976418617014544,70442,8561,8.22824436397617,0.9678775843943465
train,training_Singapore_Singapore_50,Singapore,1.15,3,0.2106681925106491,70084,8561,8.18642681929681,0.9676439668263054
train,training_Singapore_Singapore_50,Singapore,1.15,5,0.21197578735874892,69580,8561,8.12755519215045,0.9674103492582642
train,training_Singapore_Singapore_50,Singapore,1.2,0,0.3006514051740182,45169,8561,5.2761359654246,0.9434645485340497
train,training_Singapore_Singapore_50,Singapore,1.2,2,0.3051251039383173,44355,8561,5.181053615231866,0.9429973133979676
train,training_Singapore_Singapore_50,Singapore,1.2,3,0.3087790497339102,43677,8561,5.101857259665927,0.942062843125803
train,training_Singapore_Singapore_50,Singapore,1.2,5,0.31360186806771745,42829,8561,5.002803410816494,0.9412451816376591
train,training_Singapore_Singapore_50,Singapore,1.25,0,0.41738405998333794,27449,8561,3.206284312580306,0.8778180119144959
train,training_Singapore_Singapore_50,Singapore,1.25,2,0.428151656063675,26492,8561,3.094498306272632,0.8765331152902698
train,training_Singapore_Singapore_50,Singapore,1.25,3,0.4360950359147352,25826,8561,3.01670365611494,0.8758322625861464
train,training_Singapore_Singapore_50,Singapore,1.25,5,0.44706798909297935,24812,8561,2.8982595491180936,0.8713935287933653
train,training_Singapore_Singapore_50,Singapore,1.3,0,0.5340110391931064,16622,8561,1.9415956079897208,0.7854222637542343
train,training_Singapore_Singapore_50,Singapore,1.3,2,0.5514862867465922,15795,8561,1.8449947436047192,0.7844877934820699
train,training_Singapore_Singapore_50,Singapore,1.3,3,0.563688372875652,15211,8561,1.776778413736713,0.7826188529377409
train,training_Singapore_Singapore_50,Singapore,1.3,5,0.5809660950386176,14356,8561,1.6769069033991355,0.777596075224857
train,training_Singapore_Singapore_50,Singapore,1.35,0,0.6066484899328859,10511,8561,1.2277771288400887,0.67573881555893
train,training_Singapore_Singapore_50,Singapore,1.35,2,0.6251758848360213,9917,8561,1.158392711131877,0.674687536502745
train,training_Singapore_Singapore_50,Singapore,1.35,3,0.6380075438207233,9467,8561,1.1058287583226258,0.671767316902231
train,training_Singapore_Singapore_50,Singapore,1.35,5,0.6513881762727325,8980,8561,1.048942880504614,0.6673285831094499
train,training_Singapore_Singapore_50,Singapore,1.4,0,0.6202491216863621,7094,8561,0.8286415138418409,0.5671066464198108
train,training_Singapore_Singapore_50,Singapore,1.4,2,0.6339929236011008,6701,8561,0.7827356617217615,0.5651208970914613
train,training_Singapore_Singapore_50,Singapore,1.4,3,0.6431142514331423,6441,8561,0.7523653778764163,0.5634855741151734
train,training_Singapore_Singapore_50,Singapore,1.4,5,0.6489232019504266,6205,8561,0.7247985048475646,0.5596308842424951
train,training_Singapore_Singapore_50,Singapore,1.5,0,0.52595772252369,3786,8561,0.4422380563018339,0.37927812171475295
train,training_Singapore_Singapore_50,Singapore,1.5,2,0.528338922057741,3666,8561,0.4282210022193669,0.37729237238640345
train,training_Singapore_Singapore_50,Singapore,1.5,3,0.5302394470501111,3592,8561,0.4195771522018456,0.376357902114239
train,training_Singapore_Singapore_50,Singapore,1.5,5,0.5297673263227622,3516,8561,0.41069968461628314,0.37367130008176613
train,training_Singapore_Singapore_50,Singapore,1.6,0,0.3432537795949415,1956,8561,0.22847798154421212,0.21083985515710782
train,training_Singapore_Singapore_50,Singapore,1.6,2,0.342633288744506,1905,8561,0.22252073355916366,0.2094381497488611
train,training_Singapore_Singapore_50,Singapore,1.6,3,0.34055193560751246,1875,8561,0.2190164700385469,0.20756920920453217
train,training_Singapore_Singapore_50,Singapore,1.6,5,0.3384378310700183,1822,8561,0.21282560448545731,0.205233033524121
train,training_Singapore_Singapore_51,Singapore,1.05,0,0.15755743315309634,98955,8866,11.161177532145274,0.958041958041958
train,training_Singapore_Singapore_51,Singapore,1.05,2,0.15816032026813145,98544,8866,11.11482066320776,0.958041958041958
train,training_Singapore_Singapore_51,Singapore,1.05,3,0.15854705640795907,98282,8866,11.085269569140538,0.958041958041958
train,training_Singapore_Singapore_51,Singapore,1.05,5,0.15887990416292302,97982,8866,11.051432438529213,0.9573652154297315
train,training_Singapore_Singapore_51,Singapore,1.1,0,0.2413857275785556,60989,8866,6.878975862846831,0.95093616061358
train,training_Singapore_Singapore_51,Singapore,1.1,2,0.24421400225936332,60180,8866,6.787728400631626,0.95093616061358
train,training_Singapore_Singapore_51,Singapore,1.1,3,0.24594421101774042,59678,8866,6.731107602075344,0.9507105797428378
train,training_Singapore_Singapore_51,Singapore,1.1,5,0.24790856604218217,59030,8866,6.658019399954884,0.9492443040830137
train,training_Singapore_Singapore_51,Singapore,1.15,0,0.37032880709235777,35689,8866,4.025377847958493,0.9305210918114144
train,training_Singapore_Singapore_51,Singapore,1.15,2,0.3782791306143995,34705,8866,3.9143920595533497,0.9295059778930747
train,training_Singapore_Singapore_51,Singapore,1.15,3,0.3829816929912303,34123,8866,3.848748026167381,0.9284908639747349
train,training_Singapore_Singapore_51,Singapore,1.15,5,0.3897564911947596,33268,8866,3.7523122039251073,0.9261222648319423
train,training_Singapore_Singapore_51,Singapore,1.2,0,0.5247641908110484,20713,8866,2.336228287841191,0.875366568914956
train,training_Singapore_Singapore_51,Singapore,1.2,2,0.539095939033302,19871,8866,2.2412587412587412,0.8736747123843898
train,training_Singapore_Singapore_51,Singapore,1.2,3,0.5481229394873977,19343,8866,2.1817053913828106,0.8719828558538236
train,training_Singapore_Singapore_51,Singapore,1.2,5,0.5580956528049931,18692,8866,2.1082788179562373,0.8673584480036093
train,training_Singapore_Singapore_51,Singapore,1.25,0,0.6554920872740894,12492,8866,1.408978118655538,0.7895330475975637
train,training_Singapore_Singapore_51,Singapore,1.25,2,0.6736121159504173,11867,8866,1.3384840965486127,0.7876156101962554
train,training_Singapore_Singapore_51,Singapore,1.25,3,0.6833701793171211,11489,8866,1.2958493119783443,0.7844574780058651
train,training_Singapore_Singapore_51,Singapore,1.25,5,0.6954641456300915,11020,8866,1.2429505977893074,0.7799458605910219
train,training_Singapore_Singapore_51,Singapore,1.3,0,0.6959813628421666,8304,8866,0.9366117753214528,0.6739228513422062
train,training_Singapore_Singapore_51,Singapore,1.3,2,0.7094429550193625,7919,8866,0.8931874577035868,0.6715542521994134
train,training_Singapore_Singapore_51,Singapore,1.3,3,0.7183465664585732,7633,8866,0.8609293931874578,0.6683961200090233
train,training_Singapore_Singapore_51,Singapore,1.3,5,0.7253356324670526,7372,8866,0.8314910895556057,0.6642228739002932
train,training_Singapore_Singapore_51,Singapore,1.35,0,0.6676073372303971,6017,8866,0.6786600496277916,0.5603428829235281
train,training_Singapore_Singapore_51,Singapore,1.35,2,0.6751296751296751,5786,8866,0.652605459057072,0.5578614933453643
train,training_Singapore_Singapore_51,Singapore,1.35,3,0.6786402422240573,5666,8866,0.6390706068125422,0.5561696368147981
train,training_Singapore_Singapore_51,Singapore,1.35,5,0.6808362853372231,5531,8866,0.6238438980374464,0.5527859237536656
train,training_Singapore_Singapore_51,Singapore,1.4,0,0.5914180506500338,4441,8866,0.5009023234829686,0.4438303631852019
train,training_Singapore_Singapore_51,Singapore,1.4,2,0.5932499051952976,4319,8866,0.48714189036769684,0.44112339273629597
train,training_Singapore_Singapore_51,Singapore,1.4,3,0.5946522434676621,4261,8866,0.48060004511617416,0.4402210692533273
train,training_Singapore_Singapore_51,Singapore,1.4,5,0.5946648322250249,4217,8866,0.4756372659598466,0.4387547935935033
train,training_Singapore_Singapore_51,Singapore,1.5,0,0.36896707262065853,2219,8866,0.2502819760884277,0.23065644033385968
train,training_Singapore_Singapore_51,Singapore,1.5,2,0.36831145314622,2179,8866,0.2457703586735845,0.2294157455447778
train,training_Singapore_Singapore_51,Singapore,1.5,3,0.36631234668847096,2141,8866,0.24148432212948343,0.22738551770809837
train,training_Singapore_Singapore_51,Singapore,1.5,5,0.3643982873280496,2111,8866,0.238100609068351,0.22558087074216107
train,training_Singapore_Singapore_51,Singapore,1.6,0,0.10944432706528628,600,8866,0.06767426122264832,0.05842544552221972
train,training_Singapore_Singapore_51,Singapore,1.6,2,0.10193246973879805,552,8866,0.06226032032483646,0.054139408978118655
train,training_Singapore_Singapore_51,Singapore,1.6,3,0.09795570698466781,526,8866,0.05932776900518836,0.05188360027069704
train,training_Singapore_Singapore_51,Singapore,1.6,5,0.09444444444444444,494,8866,0.05571847507331378,0.04985337243401759
train,training_Singapore_Singapore_52,Singapore,1.05,0,0.0265214381625147,118255,1648,71.75667475728156,0.9648058252427184
train,training_Singapore_Singapore_52,Singapore,1.05,2,0.02657840629858081,117998,1648,71.60072815533981,0.9648058252427184
train,training_Singapore_Singapore_52,Singapore,1.05,3,0.026606425702811246,117872,1648,71.52427184466019,0.9648058252427184
train,training_Singapore_Singapore_52,Singapore,1.05,5,0.026564320012067072,117685,1648,71.41080097087378,0.9617718446601942
train,training_Singapore_Singapore_52,Singapore,1.1,0,0.03761104673619158,81200,1648,49.271844660194176,0.9453883495145631
train,training_Singapore_Singapore_52,Singapore,1.1,2,0.03773264419693771,80774,1648,49.01334951456311,0.9435679611650486
train,training_Singapore_Singapore_52,Singapore,1.1,3,0.03779600379663657,80530,1648,48.86529126213592,0.9423543689320388
train,training_Singapore_Singapore_52,Singapore,1.1,5,0.03772248079060847,80213,1648,48.67293689320388,0.9368932038834952
train,training_Singapore_Singapore_52,Singapore,1.15,0,0.057717063423444195,50399,1648,30.581917475728154,0.9114077669902912
train,training_Singapore_Singapore_52,Singapore,1.15,2,0.05802001360147673,49817,1648,30.22876213592233,0.9059466019417476
train,training_Singapore_Singapore_52,Singapore,1.15,3,0.05825432509041149,49507,1648,30.040655339805824,0.904126213592233
train,training_Singapore_Singapore_52,Singapore,1.15,5,0.0584647573179638,49015,1648,29.742111650485437,0.8986650485436893
train,training_Singapore_Singapore_52,Singapore,1.2,0,0.09336707511987213,28384,1648,17.223300970873787,0.8507281553398058
train,training_Singapore_Singapore_52,Singapore,1.2,2,0.09501074242062545,27675,1648,16.793082524271846,0.8452669902912622
train,training_Singapore_Singapore_52,Singapore,1.2,3,0.09568382735309412,27197,1648,16.503033980582526,0.837378640776699
train,training_Singapore_Singapore_52,Singapore,1.2,5,0.09641358394752618,26709,1648,16.206917475728154,0.8294902912621359
train,training_Singapore_Singapore_52,Singapore,1.25,0,0.15057043499481423,14743,1648,8.945995145631068,0.7487864077669902
train,training_Singapore_Singapore_52,Singapore,1.25,2,0.15625399258975342,14006,1648,8.49878640776699,0.7421116504854369
train,training_Singapore_Singapore_52,Singapore,1.25,3,0.15878644602048858,13580,1648,8.240291262135923,0.7336165048543689
train,training_Singapore_Singapore_52,Singapore,1.25,5,0.16225773546412786,13057,1648,7.922936893203883,0.7239077669902912
train,training_Singapore_Singapore_52,Singapore,1.3,0,0.22711445580141526,7255,1648,4.402305825242719,0.6134708737864077
train,training_Singapore_Singapore_52,Singapore,1.3,2,0.2390733221877239,6726,1648,4.081310679611651,0.6074029126213593
train,training_Singapore_Singapore_52,Singapore,1.3,3,0.2449938195302843,6442,1648,3.908980582524272,0.6013349514563107
train,training_Singapore_Singapore_52,Singapore,1.3,5,0.25274016763378465,6107,1648,3.7057038834951457,0.5946601941747572
train,training_Singapore_Singapore_52,Singapore,1.35,0,0.3064974426974806,3631,1648,2.2032766990291264,0.49089805825242716
train,training_Singapore_Singapore_52,Singapore,1.35,2,0.32522303325223034,3284,1648,1.9927184466019416,0.4866504854368932
train,training_Singapore_Singapore_52,Singapore,1.35,3,0.33402922755741127,3142,1648,1.9065533980582525,0.4854368932038835
train,training_Singapore_Singapore_52,Singapore,1.35,5,0.3365259033521985,2946,1648,1.787621359223301,0.4690533980582524
train,training_Singapore_Singapore_52,Singapore,1.4,0,0.35810055865921786,1932,1648,1.1723300970873787,0.38895631067961167
train,training_Singapore_Singapore_52,Singapore,1.4,2,0.37168141592920356,1742,1648,1.0570388349514563,0.38228155339805825
train,training_Singapore_Singapore_52,Singapore,1.4,3,0.3776307877330126,1678,1648,1.0182038834951457,0.38106796116504854
train,training_Singapore_Singapore_52,Singapore,1.4,5,0.384979488797728,1521,1648,0.9229368932038835,0.37014563106796117
train,training_Singapore_Singapore_52,Singapore,1.5,0,0.3165529010238908,696,1648,0.4223300970873786,0.22512135922330098
train,training_Singapore_Singapore_52,Singapore,1.5,2,0.32263736263736265,627,1648,0.3804611650485437,0.22269417475728157
train,training_Singapore_Singapore_52,Singapore,1.5,3,0.3251231527093596,585,1648,0.3549757281553398,0.22026699029126215
train,training_Singapore_Singapore_52,Singapore,1.5,5,0.32489645651173493,525,1648,0.31856796116504854,0.21419902912621358
train,training_Singapore_Singapore_52,Singapore,1.6,0,0.17591623036649215,262,1648,0.15898058252427186,0.10194174757281553
train,training_Singapore_Singapore_52,Singapore,1.6,2,0.1762208067940552,236,1648,0.14320388349514562,0.10072815533980582
train,training_Singapore_Singapore_52,Singapore,1.6,3,0.16916488222698073,220,1648,0.13349514563106796,0.09587378640776699
train,training_Singapore_Singapore_52,Singapore,1.6,5,0.16421968461120173,191,1648,0.11589805825242719,0.09162621359223301
train,training_Singapore_Singapore_53,Singapore,1.05,0,0.004048899974274945,178433,381,468.3280839895013,0.9501312335958005
train,training_Singapore_Singapore_53,Singapore,1.05,2,0.004052889082949877,178257,381,467.86614173228344,0.9501312335958005
train,training_Singapore_Singapore_53,Singapore,1.05,3,0.004054841166718939,178171,381,467.6404199475066,0.9501312335958005
train,training_Singapore_Singapore_53,Singapore,1.05,5,0.004045905901867168,178071,381,467.37795275590554,0.94750656167979
train,training_Singapore_Singapore_53,Singapore,1.1,0,0.0050752907718671384,136754,381,358.93438320209975,0.9133858267716536
train,training_Singapore_Singapore_53,Singapore,1.1,2,0.0050562249289425034,136480,381,358.21522309711287,0.9081364829396326
train,training_Singapore_Singapore_53,Singapore,1.1,3,0.005016123253314225,136378,381,357.9475065616798,0.9002624671916011
train,training_Singapore_Singapore_53,Singapore,1.1,5,0.004786404853736543,136256,381,357.62729658792654,0.8582677165354331
train,training_Singapore_Singapore_53,Singapore,1.15,0,0.006489657735852848,99162,381,260.26771653543307,0.847769028871391
train,training_Singapore_Singapore_53,Singapore,1.15,2,0.0063951904939628995,98756,381,259.2020997375328,0.8320209973753281
train,training_Singapore_Singapore_53,Singapore,1.15,3,0.0062091073649721395,98506,381,258.5459317585302,0.8057742782152231
train,training_Singapore_Singapore_53,Singapore,1.15,5,0.005983105333076432,98230,381,257.82152230971127,0.7742782152230971
train,training_Singapore_Singapore_53,Singapore,1.2,0,0.008621205771418308,66431,381,174.35958005249344,0.7559055118110236
train,training_Singapore_Singapore_53,Singapore,1.2,2,0.008392326153567494,65870,381,172.88713910761155,0.7296587926509186
train,training_Singapore_Singapore_53,Singapore,1.2,3,0.008255307525380519,65516,381,171.95800524934384,0.7139107611548556
train,training_Singapore_Singapore_53,Singapore,1.2,5,0.008037651661012805,65061,381,170.76377952755905,0.6902887139107612
train,training_Singapore_Singapore_53,Singapore,1.25,0,0.012527125665811796,40171,381,105.43569553805774,0.6666666666666666
train,training_Singapore_Singapore_53,Singapore,1.25,2,0.012106902441474932,39431,381,103.49343832020998,0.6325459317585301
train,training_Singapore_Singapore_53,Singapore,1.25,3,0.012262134934364505,38927,381,102.17060367454069,0.6325459317585301
train,training_Singapore_Singapore_53,Singapore,1.25,5,0.011781727986771393,38323,381,100.58530183727034,0.5984251968503937
train,training_Singapore_Singapore_53,Singapore,1.3,0,0.017868199911543564,22229,381,58.343832020997375,0.5301837270341208
train,training_Singapore_Singapore_53,Singapore,1.3,2,0.017977528089887642,21424,381,56.23097112860892,0.5144356955380578
train,training_Singapore_Singapore_53,Singapore,1.3,3,0.017780704642739547,20878,381,54.797900262467195,0.49606299212598426
train,training_Singapore_Singapore_53,Singapore,1.3,5,0.017823412602315108,20266,381,53.191601049868765,0.48293963254593175
train,training_Singapore_Singapore_53,Singapore,1.35,0,0.022320313150662113,11626,381,30.514435695538058,0.35170603674540685
train,training_Singapore_Singapore_53,Singapore,1.35,2,0.02263007840342124,10843,381,28.459317585301836,0.3333333333333333
train,training_Singapore_Singapore_53,Singapore,1.35,3,0.02322125208991269,10385,381,27.257217847769027,0.32808398950131235
train,training_Singapore_Singapore_53,Singapore,1.35,5,0.023069403714565007,9849,381,25.8503937007874,0.30971128608923887
train,training_Singapore_Singapore_53,Singapore,1.4,0,0.031017566070580788,5938,381,15.585301837270341,0.2572178477690289
train,training_Singapore_Singapore_53,Singapore,1.4,2,0.030355294929285962,5417,381,14.217847769028872,0.23097112860892388
train,training_Singapore_Singapore_53,Singapore,1.4,3,0.031941923774954625,5129,381,13.461942257217848,0.23097112860892388
train,training_Singapore_Singapore_53,Singapore,1.4,5,0.03021499128413713,4782,381,12.551181102362206,0.2047244094488189
train,training_Singapore_Singapore_53,Singapore,1.5,0,0.042803638309256285,1488,381,3.905511811023622,0.10498687664041995
train,training_Singapore_Singapore_53,Singapore,1.5,2,0.03653506187389511,1316,381,3.454068241469816,0.08136482939632546
train,training_Singapore_Singapore_53,Singapore,1.5,3,0.033271719038817,1242,381,3.2598425196850394,0.07086614173228346
train,training_Singapore_Singapore_53,Singapore,1.5,5,0.03590425531914894,1123,381,2.94750656167979,0.07086614173228346
train,training_Singapore_Singapore_53,Singapore,1.6,0,0.025031289111389236,418,381,1.0971128608923884,0.026246719160104987
train,training_Singapore_Singapore_53,Singapore,1.6,2,0.016574585635359115,343,381,0.9002624671916011,0.015748031496062992
train,training_Singapore_Singapore_53,Singapore,1.6,3,0.017391304347826087,309,381,0.8110236220472441,0.015748031496062992
train,training_Singapore_Singapore_53,Singapore,1.6,5,0.0,246,381,0.6456692913385826,0.0
train,training_Singapore_Singapore_54,Singapore,1.05,0,0.0026447304936234595,167619,262,639.7671755725191,0.8473282442748091
train,training_Singapore_Singapore_54,Singapore,1.05,2,0.0026484693755815894,167382,262,638.8625954198474,0.8473282442748091
train,training_Singapore_Singapore_54,Singapore,1.05,3,0.002650303232892412,167266,262,638.4198473282443,0.8473282442748091
train,training_Singapore_Singapore_54,Singapore,1.05,5,0.0026042911071821094,167154,262,637.9923664122138,0.8320610687022901
train,training_Singapore_Singapore_54,Singapore,1.1,0,0.003565466833055119,123144,262,470.01526717557255,0.8396946564885496
train,training_Singapore_Singapore_54,Singapore,1.1,2,0.003576654202568688,122758,262,468.5419847328244,0.8396946564885496
train,training_Singapore_Singapore_54,Singapore,1.1,3,0.0035673562469457566,122518,262,467.62595419847327,0.8358778625954199
train,training_Singapore_Singapore_54,Singapore,1.1,5,0.003526185190022202,122250,262,466.60305343511453,0.8244274809160306
train,training_Singapore_Singapore_54,Singapore,1.15,0,0.004730023078856569,87264,262,333.0687022900763,0.7900763358778626
train,training_Singapore_Singapore_54,Singapore,1.15,2,0.004717578156462507,86647,262,330.71374045801525,0.7824427480916031
train,training_Singapore_Singapore_54,Singapore,1.15,3,0.004648204891021564,86223,262,329.09541984732823,0.767175572519084
train,training_Singapore_Singapore_54,Singapore,1.15,5,0.004676267361515017,85704,262,327.1145038167939,0.767175572519084
train,training_Singapore_Singapore_54,Singapore,1.2,0,0.006302591437862483,59396,262,226.70229007633588,0.7175572519083969
train,training_Singapore_Singapore_54,Singapore,1.2,2,0.006280340835794548,58652,262,223.86259541984734,0.7061068702290076
train,training_Singapore_Singapore_54,Singapore,1.2,3,0.0061614294516327784,58166,262,222.00763358778627,0.6870229007633588
train,training_Singapore_Singapore_54,Singapore,1.2,5,0.006119697126854061,57584,262,219.78625954198472,0.6755725190839694
train,training_Singapore_Singapore_54,Singapore,1.25,0,0.008681152899452135,37521,262,143.20992366412213,0.6259541984732825
train,training_Singapore_Singapore_54,Singapore,1.25,2,0.00864958373878257,36734,262,140.206106870229,0.6106870229007634
train,training_Singapore_Singapore_54,Singapore,1.25,3,0.008553100498930863,36216,262,138.2290076335878,0.5954198473282443
train,training_Singapore_Singapore_54,Singapore,1.25,5,0.008712163520607618,35550,262,135.68702290076337,0.5954198473282443
train,training_Singapore_Singapore_54,Singapore,1.3,0,0.012703847193440851,21936,262,83.72519083969466,0.5381679389312977
train,training_Singapore_Singapore_54,Singapore,1.3,2,0.012778658707210148,21180,262,80.83969465648855,0.5229007633587787
train,training_Singapore_Singapore_54,Singapore,1.3,3,0.013055079092814942,20726,262,79.10687022900764,0.5229007633587787
train,training_Singapore_Singapore_54,Singapore,1.3,5,0.01177336276674025,20123,262,76.80534351145039,0.4580152671755725
train,training_Singapore_Singapore_54,Singapore,1.35,0,0.017413143574717457,11683,262,44.591603053435115,0.3969465648854962
train,training_Singapore_Singapore_54,Singapore,1.35,2,0.0183290328321025,10977,262,41.896946564885496,0.3931297709923664
train,training_Singapore_Singapore_54,Singapore,1.35,3,0.017924789799501063,10561,262,40.30916030534351,0.3702290076335878
train,training_Singapore_Singapore_54,Singapore,1.35,5,0.015906886517943745,10048,262,38.35114503816794,0.31297709923664124
train,training_Singapore_Singapore_54,Singapore,1.4,0,0.02601679565288984,5811,262,22.1793893129771,0.3015267175572519
train,training_Singapore_Singapore_54,Singapore,1.4,2,0.026954177897574125,5303,262,20.240458015267176,0.2862595419847328
train,training_Singapore_Singapore_54,Singapore,1.4,3,0.02679750896395546,5037,262,19.22519083969466,0.27099236641221375
train,training_Singapore_Singapore_54,Singapore,1.4,5,0.024984888172476325,4701,262,17.942748091603054,0.2366412213740458
train,training_Singapore_Singapore_54,Singapore,1.5,0,0.026615969581749048,1316,262,5.022900763358779,0.08015267175572519
train,training_Singapore_Singapore_54,Singapore,1.5,2,0.020558002936857563,1100,262,4.198473282442748,0.05343511450381679
train,training_Singapore_Singapore_54,Singapore,1.5,3,0.013377926421404682,934,262,3.564885496183206,0.030534351145038167
train,training_Singapore_Singapore_54,Singapore,1.5,5,0.009345794392523364,808,262,3.0839694656488548,0.019083969465648856
train,training_Singapore_Singapore_54,Singapore,1.6,0,0.02460456942003515,307,262,1.1717557251908397,0.026717557251908396
train,training_Singapore_Singapore_54,Singapore,1.6,2,0.02,238,262,0.9083969465648855,0.019083969465648856
train,training_Singapore_Singapore_54,Singapore,1.6,3,0.012711864406779662,210,262,0.8015267175572519,0.011450381679389313
train,training_Singapore_Singapore_54,Singapore,1.6,5,0.0,187,262,0.7137404580152672,0.0
train,training_Singapore_Singapore_55,Singapore,1.05,0,0.015094084201976445,117227,965,121.47875647668394,0.9243523316062177
train,training_Singapore_Singapore_55,Singapore,1.05,2,0.015150099783448686,116790,965,121.02590673575129,0.9243523316062177
train,training_Singapore_Singapore_55,Singapore,1.05,3,0.015178715764934103,116568,965,120.79585492227979,0.9243523316062177
train,training_Singapore_Singapore_55,Singapore,1.05,5,0.015048498135999523,116256,965,120.47253886010363,0.9139896373056995
train,training_Singapore_Singapore_55,Singapore,1.1,0,0.0224298589541219,77591,965,80.40518134715026,0.9129533678756476
train,training_Singapore_Singapore_55,Singapore,1.1,2,0.022570001668998987,76926,965,79.7160621761658,0.910880829015544
train,training_Singapore_Singapore_55,Singapore,1.1,3,0.022605576558326776,76538,965,79.3139896373057,0.9077720207253887
train,training_Singapore_Singapore_55,Singapore,1.1,5,0.022621613900215568,76041,965,78.79896373056995,0.9025906735751296
train,training_Singapore_Singapore_55,Singapore,1.15,0,0.0357697653503393,47959,965,49.69844559585492,0.9067357512953368
train,training_Singapore_Singapore_55,Singapore,1.15,2,0.03628212046992403,47213,965,48.92538860103627,0.9056994818652849
train,training_Singapore_Singapore_55,Singapore,1.15,3,0.03658178462054789,46709,965,48.403108808290156,0.9036269430051813
train,training_Singapore_Singapore_55,Singapore,1.15,5,0.03689378161261529,46089,965,47.76062176165803,0.8994818652849741
train,training_Singapore_Singapore_55,Singapore,1.2,0,0.05944358043891481,27970,965,28.984455958549223,0.8911917098445595
train,training_Singapore_Singapore_55,Singapore,1.2,2,0.06116120754178993,27092,965,28.074611398963732,0.8891191709844559
train,training_Singapore_Singapore_55,Singapore,1.2,3,0.062021133664984206,26574,965,27.537823834196892,0.8849740932642487
train,training_Singapore_Singapore_55,Singapore,1.2,5,0.06308680001484396,25982,965,26.92435233160622,0.8808290155440415
train,training_Singapore_Singapore_55,Singapore,1.25,0,0.09671294648154741,15889,965,16.465284974093265,0.844559585492228
train,training_Singapore_Singapore_55,Singapore,1.25,2,0.10072387551815876,15198,965,15.74922279792746,0.8435233160621761
train,training_Singapore_Singapore_55,Singapore,1.25,3,0.10285423685716102,14766,965,15.301554404145078,0.8383419689119171
train,training_Singapore_Singapore_55,Singapore,1.25,5,0.10625784708914293,14168,965,14.681865284974092,0.8331606217616581
train,training_Singapore_Singapore_55,Singapore,1.3,0,0.1484287030402293,8804,965,9.123316062176166,0.7512953367875648
train,training_Singapore_Singapore_55,Singapore,1.3,2,0.15639913232104122,8255,965,8.55440414507772,0.7471502590673575
train,training_Singapore_Singapore_55,Singapore,1.3,3,0.16120341266277505,7943,965,8.231088082901554,0.7440414507772021
train,training_Singapore_Singapore_55,Singapore,1.3,5,0.1687228292797556,7546,965,7.8196891191709845,0.7440414507772021
train,training_Singapore_Singapore_55,Singapore,1.35,0,0.21967725143154607,4798,965,4.972020725388601,0.655958549222798
train,training_Singapore_Singapore_55,Singapore,1.35,2,0.23286908077994428,4420,965,4.580310880829016,0.649740932642487
train,training_Singapore_Singapore_55,Singapore,1.35,3,0.23883457926011117,4252,965,4.406217616580311,0.6455958549222798
train,training_Singapore_Singapore_55,Singapore,1.35,5,0.24591470705460342,4053,965,4.2,0.6393782383419689
train,training_Singapore_Singapore_55,Singapore,1.4,0,0.2805755395683453,2649,965,2.745077720207254,0.5253886010362694
train,training_Singapore_Singapore_55,Singapore,1.4,2,0.29422066549912435,2461,965,2.550259067357513,0.522279792746114
train,training_Singapore_Singapore_55,Singapore,1.4,3,0.30090634441087616,2345,965,2.430051813471503,0.5160621761658031
train,training_Singapore_Singapore_55,Singapore,1.4,5,0.31133564887906534,2202,965,2.2818652849740935,0.510880829015544
train,training_Singapore_Singapore_55,Singapore,1.5,0,0.303477344573235,933,965,0.966839378238342,0.29844559585492225
train,training_Singapore_Singapore_55,Singapore,1.5,2,0.30497237569060776,845,965,0.8756476683937824,0.2860103626943005
train,training_Singapore_Singapore_55,Singapore,1.5,3,0.30821147356580425,813,965,0.8424870466321244,0.2839378238341969
train,training_Singapore_Singapore_55,Singapore,1.5,5,0.31354466858789626,770,965,0.7979274611398963,0.28186528497409324
train,training_Singapore_Singapore_55,Singapore,1.6,0,0.20194465220643232,372,965,0.3854922279792746,0.13989637305699482
train,training_Singapore_Singapore_55,Singapore,1.6,2,0.2018348623853211,343,965,0.35544041450777203,0.13678756476683937
train,training_Singapore_Singapore_55,Singapore,1.6,3,0.19195046439628483,327,965,0.338860103626943,0.12849740932642487
train,training_Singapore_Singapore_55,Singapore,1.6,5,0.18862042088854247,318,965,0.3295336787564767,0.12538860103626942
train,training_Singapore_Singapore_57,Singapore,1.05,0,0.13144382830149928,72715,5189,14.013297359799576,0.986702640200424
train,training_Singapore_Singapore_57,Singapore,1.05,2,0.13231341740748398,72203,5189,13.914627095779533,0.986702640200424
train,training_Singapore_Singapore_57,Singapore,1.05,3,0.13279385828405435,71923,5189,13.860666795143572,0.986702640200424
train,training_Singapore_Singapore_57,Singapore,1.05,5,0.1334915068636014,71520,5189,13.783002505299672,0.986702640200424
train,training_Singapore_Singapore_57,Singapore,1.1,0,0.20787946655807799,43926,5189,8.465214877625748,0.9838119098092118
train,training_Singapore_Singapore_57,Singapore,1.1,2,0.21093298074539293,43215,5189,8.32819425708229,0.9838119098092118
train,training_Singapore_Singapore_57,Singapore,1.1,3,0.21285559355968967,42759,5189,8.240316053189439,0.9834264790903835
train,training_Singapore_Singapore_57,Singapore,1.1,5,0.2153119132507753,42212,5189,8.134900751589901,0.9834264790903835
train,training_Singapore_Singapore_57,Singapore,1.15,0,0.33655924706508367,24880,5189,4.794758142223936,0.9751397186355752
train,training_Singapore_Singapore_57,Singapore,1.15,2,0.34485344239945465,24151,5189,4.654268645211023,0.9749470032761611
train,training_Singapore_Singapore_57,Singapore,1.15,3,0.34946422398893884,23741,5189,4.575255347851224,0.9741761418385045
train,training_Singapore_Singapore_57,Singapore,1.15,5,0.3560349689791314,23179,5189,4.466949315860474,0.9732125650414338
train,training_Singapore_Singapore_57,Singapore,1.2,0,0.4999231045265802,14318,5189,2.7592985160917327,0.9396800925033725
train,training_Singapore_Singapore_57,Singapore,1.2,2,0.5140566485574134,13770,5189,2.653690499132781,0.9391019464251301
train,training_Singapore_Singapore_57,Singapore,1.2,3,0.5228968701347506,13438,5189,2.589708999807285,0.9385238003468876
train,training_Singapore_Singapore_57,Singapore,1.2,5,0.5341998017402798,12969,5189,2.4993254962420504,0.9346694931586047
train,training_Singapore_Singapore_57,Singapore,1.25,0,0.620982850554835,8689,5189,1.6745037579495086,0.8304104837155522
train,training_Singapore_Singapore_57,Singapore,1.25,2,0.6357782547553845,8322,5189,1.6037772210445171,0.8277124686837541
train,training_Singapore_Singapore_57,Singapore,1.25,3,0.6438489829617954,8134,5189,1.567546733474658,0.8265561765272692
train,training_Singapore_Singapore_57,Singapore,1.25,5,0.6507330482590103,7907,5189,1.5238003468876469,0.8211601464636732
train,training_Singapore_Singapore_57,Singapore,1.3,0,0.6689998158040155,5669,5189,1.0925033725187898,0.6999421853921758
train,training_Singapore_Singapore_57,Singapore,1.3,2,0.679507657615334,5454,5189,1.0510695702447486,0.6968587396415494
train,training_Singapore_Singapore_57,Singapore,1.3,3,0.6839358572919632,5350,5189,1.0310271728656775,0.6945461553285797
train,training_Singapore_Singapore_57,Singapore,1.3,5,0.6870141088396199,5230,5189,1.00790132973598,0.689728271343226
train,training_Singapore_Singapore_57,Singapore,1.35,0,0.6313125756408846,3900,5189,0.7515899017151667,0.5529003661591829
train,training_Singapore_Singapore_57,Singapore,1.35,2,0.6380368098159509,3776,5189,0.7276931971478127,0.5511659279244556
train,training_Singapore_Singapore_57,Singapore,1.35,3,0.6409882088714205,3716,5189,0.7161302755829639,0.5500096357679707
train,training_Singapore_Singapore_57,Singapore,1.35,5,0.6423788446260357,3622,5189,0.6980150317980343,0.5453844671420313
train,training_Singapore_Singapore_57,Singapore,1.4,0,0.559017223910841,2707,5189,0.5216804779340913,0.4253227982270187
train,training_Singapore_Singapore_57,Singapore,1.4,2,0.5633081551657918,2622,5189,0.505299672383889,0.4239737907111197
train,training_Singapore_Singapore_57,Singapore,1.4,3,0.5640695428203477,2576,5189,0.4964347658508383,0.4220466371169782
train,training_Singapore_Singapore_57,Singapore,1.4,5,0.563723583560223,2524,5189,0.48641356716130274,0.4189631913663519
train,training_Singapore_Singapore_57,Singapore,1.5,0,0.3204785140878325,1164,5189,0.22432067835806513,0.19618423588359993
train,training_Singapore_Singapore_57,Singapore,1.5,2,0.3190883190883191,1129,5189,0.21757564077857006,0.19425708228945848
train,training_Singapore_Singapore_57,Singapore,1.5,3,0.31839847473784555,1105,5189,0.21295047215263058,0.1931007901329736
train,training_Singapore_Singapore_57,Singapore,1.5,5,0.31830492273379,1088,5189,0.2096743110425901,0.19252264405473116
train,training_Singapore_Singapore_57,Singapore,1.6,0,0.10114192495921696,328,5189,0.06321063788783966,0.05376758527654654
train,training_Singapore_Singapore_57,Singapore,1.6,2,0.09648643728381577,304,5189,0.058585469261900176,0.05106957024474851
train,training_Singapore_Singapore_57,Singapore,1.6,3,0.09662716499544212,296,5189,0.05704374638658701,0.05106957024474851
train,training_Singapore_Singapore_57,Singapore,1.6,5,0.09569028487947406,287,5189,0.0553093081518597,0.05049142416650607
train,training_Singapore_Singapore_58,Singapore,1.05,0,0.007515505290040131,136507,543,251.39410681399633,0.9484346224677717
train,training_Singapore_Singapore_58,Singapore,1.05,2,0.007534857861856062,136155,543,250.74585635359117,0.9484346224677717
train,training_Singapore_Singapore_58,Singapore,1.05,3,0.007545676986417781,135959,543,250.38489871086557,0.9484346224677717
train,training_Singapore_Singapore_58,Singapore,1.05,5,0.007555418628874903,135783,543,250.060773480663,0.9484346224677717
train,training_Singapore_Singapore_58,Singapore,1.1,0,0.010785922878519814,93283,543,171.79189686924494,0.9318600368324125
train,training_Singapore_Singapore_58,Singapore,1.1,2,0.01085254691689008,92707,543,170.73112338858195,0.9318600368324125
train,training_Singapore_Singapore_58,Singapore,1.1,3,0.010870033148219898,92373,543,170.11602209944752,0.9300184162062615
train,training_Singapore_Singapore_58,Singapore,1.1,5,0.010911487311344706,92020,543,169.4659300184162,0.9300184162062615
train,training_Singapore_Singapore_58,Singapore,1.15,0,0.016411724562659165,59536,543,109.64272559852671,0.9079189686924494
train,training_Singapore_Singapore_58,Singapore,1.15,2,0.016613870728583946,58805,543,108.29650092081032,0.9079189686924494
train,training_Singapore_Singapore_58,Singapore,1.15,3,0.016541557691654496,58339,543,107.43830570902394,0.8968692449355433
train,training_Singapore_Singapore_58,Singapore,1.15,5,0.016706689536878216,57757,543,106.36648250460405,0.8968692449355433
train,training_Singapore_Singapore_58,Singapore,1.2,0,0.02562670984311317,35279,543,64.97053406998158,0.8453038674033149
train,training_Singapore_Singapore_58,Singapore,1.2,2,0.026234567901234566,34449,543,63.44198895027624,0.8453038674033149
train,training_Singapore_Singapore_58,Singapore,1.2,3,0.026326495031092,33871,543,62.377532228360955,0.8342541436464088
train,training_Singapore_Singapore_58,Singapore,1.2,5,0.02646962817887771,33156,543,61.06077348066298,0.8213627992633518
train,training_Singapore_Singapore_58,Singapore,1.25,0,0.03992628992628992,18993,543,34.97790055248619,0.7182320441988951
train,training_Singapore_Singapore_58,Singapore,1.25,2,0.04147736383558715,18166,543,33.4548802946593,0.714548802946593
train,training_Singapore_Singapore_58,Singapore,1.25,3,0.04220618215879663,17606,543,32.423572744014734,0.7053406998158379
train,training_Singapore_Singapore_58,Singapore,1.25,5,0.04252657911194497,17046,543,31.392265193370164,0.6887661141804788
train,training_Singapore_Singapore_58,Singapore,1.3,0,0.05968104882105469,9678,543,17.823204419889503,0.5616942909760589
train,training_Singapore_Singapore_58,Singapore,1.3,2,0.06327257490048188,9003,543,16.58011049723757,0.5561694290976059
train,training_Singapore_Singapore_58,Singapore,1.3,3,0.06498037505451373,8629,543,15.89134438305709,0.5488029465930019
train,training_Singapore_Singapore_58,Singapore,1.3,5,0.06866359447004608,8137,543,14.985267034990791,0.5488029465930019
train,training_Singapore_Singapore_58,Singapore,1.35,0,0.09158222915042868,4589,543,8.451197053406998,0.43278084714548803
train,training_Singapore_Singapore_58,Singapore,1.35,2,0.09944277753964852,4123,543,7.593001841620626,0.427255985267035
train,training_Singapore_Singapore_58,Singapore,1.35,3,0.10564997703261368,3811,543,7.01841620626151,0.42357274401473294
train,training_Singapore_Singapore_58,Singapore,1.35,5,0.10821543807396376,3486,543,6.419889502762431,0.4014732965009208
train,training_Singapore_Singapore_58,Singapore,1.4,0,0.13323296951449,2114,543,3.8931860036832413,0.3259668508287293
train,training_Singapore_Singapore_58,Singapore,1.4,2,0.147008547008547,1797,543,3.3093922651933703,0.31675874769797424
train,training_Singapore_Singapore_58,Singapore,1.4,3,0.1556997219647822,1615,543,2.9742173112338857,0.30939226519337015
train,training_Singapore_Singapore_58,Singapore,1.4,5,0.15889287544848796,1408,543,2.593001841620626,0.285451197053407
train,training_Singapore_Singapore_58,Singapore,1.5,0,0.1539961013645224,483,543,0.8895027624309392,0.14548802946593
train,training_Singapore_Singapore_58,Singapore,1.5,2,0.1595744680851064,397,543,0.7311233885819521,0.13812154696132597
train,training_Singapore_Singapore_58,Singapore,1.5,3,0.16435185185185186,321,543,0.5911602209944752,0.13075506445672191
train,training_Singapore_Singapore_58,Singapore,1.5,5,0.1318407960199005,261,543,0.48066298342541436,0.09760589318600368
train,training_Singapore_Singapore_58,Singapore,1.6,0,0.08285714285714285,157,543,0.289134438305709,0.053406998158379376
train,training_Singapore_Singapore_58,Singapore,1.6,2,0.06547619047619048,129,543,0.23756906077348067,0.040515653775322284
train,training_Singapore_Singapore_58,Singapore,1.6,3,0.037037037037037035,105,543,0.19337016574585636,0.022099447513812154
train,training_Singapore_Singapore_58,Singapore,1.6,5,0.016260162601626018,72,543,0.13259668508287292,0.009208103130755065
train,training_Singapore_Singapore_59,Singapore,1.05,0,0.1216522129023086,85577,5864,14.59362210095498,0.9484993178717599
train,training_Singapore_Singapore_59,Singapore,1.05,2,0.12236412236412236,85045,5864,14.502899045020463,0.9484993178717599
train,training_Singapore_Singapore_59,Singapore,1.05,3,0.12277739147710341,84739,5864,14.450716234652115,0.9484993178717599
train,training_Singapore_Singapore_59,Singapore,1.05,5,0.12319009161709152,84403,5864,14.393417462482947,0.9481582537517054
train,training_Singapore_Singapore_59,Singapore,1.1,0,0.20799608477958062,47262,5864,8.05968622100955,0.9421896316507503
train,training_Singapore_Singapore_59,Singapore,1.1,2,0.21085774258181472,46541,5864,7.936732605729877,0.9421896316507503
train,training_Singapore_Singapore_59,Singapore,1.1,3,0.2128438951975168,46005,5864,7.845327421555252,0.9413369713506139
train,training_Singapore_Singapore_59,Singapore,1.1,5,0.2149988300444583,45420,5864,7.745566166439291,0.940143246930423
train,training_Singapore_Singapore_59,Singapore,1.15,0,0.36303851831968864,23940,5864,4.082537517053206,0.9225784447476125
train,training_Singapore_Singapore_59,Singapore,1.15,2,0.3727046803810576,23108,5864,3.940654843110505,0.9207025920873124
train,training_Singapore_Singapore_59,Singapore,1.15,3,0.38012974192638554,22500,5864,3.8369713506139154,0.9193383356070941
train,training_Singapore_Singapore_59,Singapore,1.15,5,0.3870642466148084,21904,5864,3.7353342428376535,0.9164392905866303
train,training_Singapore_Singapore_59,Singapore,1.2,0,0.5564593033039771,11963,5864,2.040075034106412,0.8458390177353342
train,training_Singapore_Singapore_59,Singapore,1.2,2,0.5771092064602648,11287,5864,1.9247953615279672,0.8439631650750341
train,training_Singapore_Singapore_59,Singapore,1.2,3,0.5877302808084421,10909,5864,1.8603342428376535,0.8405525238744884
train,training_Singapore_Singapore_59,Singapore,1.2,5,0.6015562771888977,10457,5864,1.7832537517053206,0.8371418826739427
train,training_Singapore_Singapore_59,Singapore,1.25,0,0.6689829437776375,6800,5864,1.159618008185539,0.7223738062755798
train,training_Singapore_Singapore_59,Singapore,1.25,2,0.6862489829129373,6426,5864,1.0958390177353343,0.7191336971350614
train,training_Singapore_Singapore_59,Singapore,1.25,3,0.6934499257548259,6258,5864,1.0671896316507503,0.7167462482946794
train,training_Singapore_Singapore_59,Singapore,1.25,5,0.701889962200756,6041,5864,1.0301841746248295,0.7124829467939973
train,training_Singapore_Singapore_59,Singapore,1.3,0,0.6604011239221006,4457,5864,0.7600613915416098,0.5811732605729877
train,training_Singapore_Singapore_59,Singapore,1.3,2,0.6677825915714848,4292,5864,0.7319236016371078,0.5782742155525239
train,training_Singapore_Singapore_59,Singapore,1.3,3,0.6708283789139913,4228,5864,0.7210095497953616,0.5772510231923602
train,training_Singapore_Singapore_59,Singapore,1.3,5,0.672790813779331,4151,5864,0.7078785811732605,0.5745225102319236
train,training_Singapore_Singapore_59,Singapore,1.35,0,0.5887302114469168,3169,5864,0.5404160982264665,0.45344474761255116
train,training_Singapore_Singapore_59,Singapore,1.35,2,0.588498045784478,3091,5864,0.5271145975443383,0.4493519781718963
train,training_Singapore_Singapore_59,Singapore,1.35,3,0.5885784808706384,3049,5864,0.5199522510231923,0.4473055934515689
train,training_Singapore_Singapore_59,Singapore,1.35,5,0.5906677211614507,2987,5864,0.5093792633015006,0.4457708049113233
train,training_Singapore_Singapore_59,Singapore,1.4,0,0.4959608323133415,2306,5864,0.3932469304229195,0.3454979536152797
train,training_Singapore_Singapore_59,Singapore,1.4,2,0.4945230769230769,2261,5864,0.3855729877216917,0.34259890859481584
train,training_Singapore_Singapore_59,Singapore,1.4,3,0.4945122703169318,2245,5864,0.3828444747612551,0.3419167803547067
train,training_Singapore_Singapore_59,Singapore,1.4,5,0.49546752762945484,2189,5864,0.37329467939972716,0.34021145975443384
train,training_Singapore_Singapore_59,Singapore,1.5,0,0.24681598594642074,967,5864,0.1649045020463847,0.14375852660300137
train,training_Singapore_Singapore_59,Singapore,1.5,2,0.24552654737459664,954,5864,0.16268758526603003,0.14273533424283766
train,training_Singapore_Singapore_59,Singapore,1.5,3,0.2428613482484545,930,5864,0.15859481582537516,0.14068894952251024
train,training_Singapore_Singapore_59,Singapore,1.5,5,0.23884126514927578,902,5864,0.15381991814461118,0.1377899045020464
train,training_Singapore_Singapore_59,Singapore,1.6,0,0.043327269720522574,183,5864,0.031207366984993178,0.022339699863574352
train,training_Singapore_Singapore_59,Singapore,1.6,2,0.038506224066390045,161,5864,0.027455661664392905,0.019781718963165076
train,training_Singapore_Singapore_59,Singapore,1.6,3,0.0339943342776204,137,5864,0.023362892223738062,0.017394270122783082
train,training_Singapore_Singapore_59,Singapore,1.6,5,0.026474530831099196,104,5864,0.017735334242837655,0.013472032742155525
train,training_Singapore_Singapore_60,Singapore,1.05,0,0.11632714804356595,111871,7121,15.710012638674343,0.9719140570144642
train,training_Singapore_Singapore_60,Singapore,1.05,2,0.11672738312082574,111463,7121,15.652717314983851,0.9719140570144642
train,training_Singapore_Singapore_60,Singapore,1.05,3,0.1169739888789359,111213,7121,15.61760988625193,0.9719140570144642
train,training_Singapore_Singapore_60,Singapore,1.05,5,0.11728719347896084,110897,7121,15.573234096334785,0.9719140570144642
train,training_Singapore_Singapore_60,Singapore,1.1,0,0.16875679239983882,74772,7121,10.500210644572391,0.9703693301502598
train,training_Singapore_Singapore_60,Singapore,1.1,2,0.17011324470704087,74119,7121,10.408510040724618,0.9703693301502598
train,training_Singapore_Singapore_60,Singapore,1.1,3,0.17099304644774938,73701,7121,10.349810419884848,0.9703693301502598
train,training_Singapore_Singapore_60,Singapore,1.1,5,0.17204113648248212,73197,7121,10.279033843561297,0.9702289004353322
train,training_Singapore_Singapore_60,Singapore,1.15,0,0.2531285761748311,47057,7121,6.6082010953517765,0.9629265552590929
train,training_Singapore_Singapore_60,Singapore,1.15,2,0.2571776840131271,46204,7121,6.488414548518467,0.9629265552590929
train,training_Singapore_Singapore_60,Singapore,1.15,3,0.2600481781453311,45600,7121,6.403595000702149,0.9626456958292374
train,training_Singapore_Singapore_60,Singapore,1.15,5,0.2636842712620687,44873,7121,6.301502597949726,0.9626456958292374
train,training_Singapore_Singapore_60,Singapore,1.2,0,0.37737538831826706,28610,7121,4.017694144080887,0.9467771380424098
train,training_Singapore_Singapore_60,Singapore,1.2,2,0.387209836819122,27687,7121,3.8880775172026403,0.9463558488976267
train,training_Singapore_Singapore_60,Singapore,1.2,3,0.3945072319494056,27033,7121,3.7962364836399383,0.9460749894677714
train,training_Singapore_Singapore_60,Singapore,1.2,5,0.4034756554307116,26254,7121,3.6868417357112766,0.9455132706080607
train,training_Singapore_Singapore_60,Singapore,1.25,0,0.5257580697750245,17415,7121,2.4455834854655243,0.9057716612835276
train,training_Singapore_Singapore_60,Singapore,1.25,2,0.5425056870840004,16617,7121,2.333520572953237,0.9042269344193231
train,training_Singapore_Singapore_60,Singapore,1.25,3,0.5519163165566321,16205,7121,2.2756635304030333,0.9039460749894678
train,training_Singapore_Singapore_60,Singapore,1.25,5,0.5641183182656017,15665,7121,2.199831484342087,0.902541777840191
train,training_Singapore_Singapore_60,Singapore,1.3,0,0.6593659311175601,11142,7121,1.564667883724196,0.8455273135795535
train,training_Singapore_Singapore_60,Singapore,1.3,2,0.6761845877128886,10670,7121,1.4983850582783318,0.8446847352899873
train,training_Singapore_Singapore_60,Singapore,1.3,3,0.6859131625492098,10406,7121,1.4613116135374244,0.8441230164302767
train,training_Singapore_Singapore_60,Singapore,1.3,5,0.6974412776126362,10036,7121,1.4093526190141834,0.8401909844123017
train,training_Singapore_Singapore_60,Singapore,1.35,0,0.7354025608366294,7796,7121,1.094790057576183,0.7702569863783176
train,training_Singapore_Singapore_60,Singapore,1.35,2,0.7505310037684139,7474,7121,1.0495716893694707,0.7691335486588963
train,training_Singapore_Singapore_60,Singapore,1.35,3,0.761328043432867,7246,7121,1.0175537143659599,0.7680101109394748
train,training_Singapore_Singapore_60,Singapore,1.35,5,0.7703400014137273,7026,7121,0.9866591770818706,0.7652015166409212
train,training_Singapore_Singapore_60,Singapore,1.4,0,0.7541758828464648,5990,7121,0.8411739924167954,0.6942845106024434
train,training_Singapore_Singapore_60,Singapore,1.4,2,0.7653535980148883,5775,7121,0.8109816037073445,0.6930206431680944
train,training_Singapore_Singapore_60,Singapore,1.4,3,0.7721995607154063,5627,7121,0.790198005898048,0.6911950568740346
train,training_Singapore_Singapore_60,Singapore,1.4,5,0.7761949984172206,5515,7121,0.7744698778261481,0.6886673220053363
train,training_Singapore_Singapore_60,Singapore,1.5,0,0.6827043462707924,4061,7121,0.5702850723213032,0.5360202218789496
train,training_Singapore_Singapore_60,Singapore,1.5,2,0.684773810594478,3998,7121,0.5614380002808594,0.5346159247296728
train,training_Singapore_Singapore_60,Singapore,1.5,3,0.6848129788192879,3974,7121,0.5580676871225951,0.5334924870102513
train,training_Singapore_Singapore_60,Singapore,1.5,5,0.6866076269654798,3945,7121,0.5539952253896925,0.5334924870102513
train,training_Singapore_Singapore_60,Singapore,1.6,0,0.5218014329580348,2649,7121,0.3719983148434209,0.357955343350653
train,training_Singapore_Singapore_60,Singapore,1.6,2,0.5220422390814025,2633,7121,0.369751439404578,0.35753405420587
train,training_Singapore_Singapore_60,Singapore,1.6,3,0.5212569316081331,2617,7121,0.36750456396573516,0.3564106164864485
train,training_Singapore_Singapore_60,Singapore,1.6,5,0.5192881390803415,2600,7121,0.3651172588119646,0.354444600477461
train,training_Singapore_Singapore_61,Singapore,1.05,0,0.0819524936739858,105409,4850,21.73381443298969,0.9315463917525774
train,training_Singapore_Singapore_61,Singapore,1.05,2,0.08238887622521085,104825,4850,21.61340206185567,0.9315463917525774
train,training_Singapore_Singapore_61,Singapore,1.05,3,0.0826107635458969,104482,4850,21.542680412371134,0.9311340206185567
train,training_Singapore_Singapore_61,Singapore,1.05,5,0.08290412317184014,104071,4850,21.457938144329898,0.9309278350515464
train,training_Singapore_Singapore_61,Singapore,1.1,0,0.13319310927108174,62661,4850,12.919793814432989,0.9270103092783505
train,training_Singapore_Singapore_61,Singapore,1.1,2,0.13473444362829604,61859,4850,12.754432989690722,0.9265979381443299
train,training_Singapore_Singapore_61,Singapore,1.1,3,0.1355558575289517,61381,4850,12.655876288659794,0.9255670103092783
train,training_Singapore_Singapore_61,Singapore,1.1,5,0.13663782598098953,60798,4850,12.535670103092784,0.9247422680412372
train,training_Singapore_Singapore_61,Singapore,1.15,0,0.21730592358746179,35379,4850,7.294639175257732,0.9012371134020618
train,training_Singapore_Singapore_61,Singapore,1.15,2,0.22203583682805947,34495,4850,7.112371134020618,0.900618556701031
train,training_Singapore_Singapore_61,Singapore,1.15,3,0.22471678150241284,33901,4850,6.989896907216495,0.8977319587628866
train,training_Singapore_Singapore_61,Singapore,1.15,5,0.22853989857852283,33209,4850,6.847216494845361,0.896701030927835
train,training_Singapore_Singapore_61,Singapore,1.2,0,0.3358344327176781,19406,4850,4.001237113402062,0.8397938144329897
train,training_Singapore_Singapore_61,Singapore,1.2,2,0.34629487507461415,18604,4850,3.8358762886597937,0.8373195876288659
train,training_Singapore_Singapore_61,Singapore,1.2,3,0.3531105488177297,18072,4850,3.7261855670103095,0.8344329896907217
train,training_Singapore_Singapore_61,Singapore,1.2,5,0.36173928619407997,17481,4850,3.6043298969072164,0.8327835051546392
train,training_Singapore_Singapore_61,Singapore,1.25,0,0.44410216916955464,10732,4850,2.2127835051546394,0.7134020618556701
train,training_Singapore_Singapore_61,Singapore,1.25,2,0.4605728784135675,10127,4850,2.0880412371134023,0.7111340206185567
train,training_Singapore_Singapore_61,Singapore,1.25,3,0.4713044667897941,9769,4850,2.0142268041237115,0.7103092783505155
train,training_Singapore_Singapore_61,Singapore,1.25,5,0.481010881010881,9395,4850,1.9371134020618557,0.7063917525773196
train,training_Singapore_Singapore_61,Singapore,1.3,0,0.4935583378697151,6172,4850,1.2725773195876289,0.5608247422680412
train,training_Singapore_Singapore_61,Singapore,1.3,2,0.5109269027882442,5766,4850,1.1888659793814433,0.5591752577319588
train,training_Singapore_Singapore_61,Singapore,1.3,3,0.5191717791411042,5582,4850,1.1509278350515464,0.5583505154639176
train,training_Singapore_Singapore_61,Singapore,1.3,5,0.5283130161226898,5322,4850,1.097319587628866,0.554020618556701
train,training_Singapore_Singapore_61,Singapore,1.35,0,0.47493588249009094,3728,4850,0.768659793814433,0.42
train,training_Singapore_Singapore_61,Singapore,1.35,2,0.48499342341265095,3513,4850,0.7243298969072165,0.4181443298969072
train,training_Singapore_Singapore_61,Singapore,1.35,3,0.4880880396662232,3419,4850,0.7049484536082474,0.4160824742268041
train,training_Singapore_Singapore_61,Singapore,1.35,5,0.491588322612568,3234,4850,0.6668041237113402,0.40969072164948456
train,training_Singapore_Singapore_61,Singapore,1.4,0,0.40230693487128993,2259,4850,0.4657731958762887,0.2948453608247423
train,training_Singapore_Singapore_61,Singapore,1.4,2,0.4048502139800285,2160,4850,0.44536082474226807,0.2925773195876289
train,training_Singapore_Singapore_61,Singapore,1.4,3,0.40502309468822173,2078,4850,0.4284536082474227,0.2892783505154639
train,training_Singapore_Singapore_61,Singapore,1.4,5,0.40870581361378905,1996,4850,0.41154639175257735,0.28845360824742267
train,training_Singapore_Singapore_61,Singapore,1.5,0,0.19996448232995914,781,4850,0.16103092783505155,0.11608247422680412
train,training_Singapore_Singapore_61,Singapore,1.5,2,0.19709729439168608,731,4850,0.1507216494845361,0.1134020618556701
train,training_Singapore_Singapore_61,Singapore,1.5,3,0.19628360093812014,693,4850,0.14288659793814432,0.11216494845360825
train,training_Singapore_Singapore_61,Singapore,1.5,5,0.19174094960887758,647,4850,0.1334020618556701,0.10865979381443298
train,training_Singapore_Singapore_61,Singapore,1.6,0,0.052538020936203834,213,4850,0.043917525773195874,0.027422680412371135
train,training_Singapore_Singapore_61,Singapore,1.6,2,0.0464746772591857,185,4850,0.03814432989690722,0.024123711340206185
train,training_Singapore_Singapore_61,Singapore,1.6,3,0.04040808161632326,149,4850,0.03072164948453608,0.02082474226804124
train,training_Singapore_Singapore_61,Singapore,1.6,5,0.03778135048231511,126,4850,0.02597938144329897,0.019381443298969073
train,training_Singapore_Singapore_62,Singapore,1.05,0,0.26048822496770563,130511,20444,6.383828996282528,0.9617002543533555
train,training_Singapore_Singapore_62,Singapore,1.05,2,0.2612479736373542,130072,20444,6.362355703384856,0.9617002543533555
train,training_Singapore_Singapore_62,Singapore,1.05,3,0.26160500399254727,129836,20444,6.350811974173352,0.9615045979260418
train,training_Singapore_Singapore_62,Singapore,1.05,5,0.26206795391508425,129540,20444,6.336333398552142,0.9613089414987283
train,training_Singapore_Singapore_62,Singapore,1.1,0,0.3497312791114296,91196,20444,4.4607708863236155,0.9549011935042067
train,training_Singapore_Singapore_62,Singapore,1.1,2,0.35154800713217943,90602,20444,4.431715906867541,0.9547544511837214
train,training_Singapore_Singapore_62,Singapore,1.1,3,0.3527402212421372,90204,20444,4.4122480923498335,0.9545587947564077
train,training_Singapore_Singapore_62,Singapore,1.1,5,0.3538971355939897,89701,20444,4.387644296615144,0.9533359420856975
train,training_Singapore_Singapore_62,Singapore,1.15,0,0.4650067376446166,61929,20444,3.0292017217765603,0.9368029739776952
train,training_Singapore_Singapore_62,Singapore,1.15,2,0.46937974993871046,61136,20444,2.990412835061632,0.9365094893367247
train,training_Singapore_Singapore_62,Singapore,1.15,3,0.47186659759737537,60634,20444,2.9658579534337703,0.9356779495206418
train,training_Singapore_Singapore_62,Singapore,1.15,5,0.4740595338667197,60048,20444,2.9371942868323226,0.9332322441792212
train,training_Singapore_Singapore_62,Singapore,1.2,0,0.584330374372829,41740,20444,2.0416748190178047,0.8886714928585404
train,training_Singapore_Singapore_62,Singapore,1.2,2,0.5907796455712682,41007,20444,2.0058207787125806,0.8878888671492858
train,training_Singapore_Singapore_62,Singapore,1.2,3,0.5945467364037317,40547,20444,1.9833202895715125,0.8868616709058893
train,training_Singapore_Singapore_62,Singapore,1.2,5,0.5991024558265852,39943,20444,1.9537761690471531,0.8848072784190961
train,training_Singapore_Singapore_62,Singapore,1.25,0,0.6803124810755162,29095,20444,1.423155938172569,0.8242516141655254
train,training_Singapore_Singapore_62,Singapore,1.25,2,0.6879637010239745,28483,20444,1.3932205047935824,0.8232244179221287
train,training_Singapore_Singapore_62,Singapore,1.25,3,0.6919895471100228,28155,20444,1.3771766777538643,0.8224907063197026
train,training_Singapore_Singapore_62,Singapore,1.25,5,0.6972358939214587,27709,20444,1.3553609861083937,0.8211211113285072
train,training_Singapore_Singapore_62,Singapore,1.3,0,0.7364945691181396,21354,20444,1.0445118372138524,0.7528859323028761
train,training_Singapore_Singapore_62,Singapore,1.3,2,0.7430407887106127,20940,20444,1.024261396986891,0.7520543924867932
train,training_Singapore_Singapore_62,Singapore,1.3,3,0.7474083807855161,20650,20444,1.0100763060066522,0.7511739385638818
train,training_Singapore_Singapore_62,Singapore,1.3,5,0.7528001572018078,20268,20444,0.9913911171982,0.7495597730385443
train,training_Singapore_Singapore_62,Singapore,1.35,0,0.7517631224764468,16706,20444,0.817159068675406,0.6830365877519077
train,training_Singapore_Singapore_62,Singapore,1.35,2,0.7560988832267158,16448,20444,0.8045392291136764,0.6822050479358247
train,training_Singapore_Singapore_62,Singapore,1.35,3,0.7589869281045751,16276,20444,0.79612600273919,0.6816180786538838
train,training_Singapore_Singapore_62,Singapore,1.35,5,0.7618838992332968,16076,20444,0.7863431813735081,0.6804930541968304
train,training_Singapore_Singapore_62,Singapore,1.4,0,0.7326050125606123,13790,20444,0.6745255331637644,0.6133828996282528
train,training_Singapore_Singapore_62,Singapore,1.4,2,0.735544467273261,13626,20444,0.6665036196439053,0.6128937585599687
train,training_Singapore_Singapore_62,Singapore,1.4,3,0.7372761545711592,13508,20444,0.660731755038153,0.612208961064371
train,training_Singapore_Singapore_62,Singapore,1.4,5,0.7384506251293116,13389,20444,0.6549109763255723,0.6110350225004891
train,training_Singapore_Singapore_62,Singapore,1.5,0,0.6275586124797461,9797,20444,0.47921150459792605,0.46414595969477596
train,training_Singapore_Singapore_62,Singapore,1.5,2,0.6279693867408807,9739,20444,0.4763744864018783,0.46355899041283505
train,training_Singapore_Singapore_62,Singapore,1.5,3,0.6280635425994097,9709,20444,0.474907063197026,0.4631676775582078
train,training_Singapore_Singapore_62,Singapore,1.5,5,0.6284423479387437,9659,20444,0.47246135785560556,0.4626785364899237
train,training_Singapore_Singapore_62,Singapore,1.6,0,0.42910091322456156,5727,20444,0.28013108980630014,0.2746527098415183
train,training_Singapore_Singapore_62,Singapore,1.6,2,0.4286096768024479,5701,20444,0.2788593230287615,0.2740657405595774
train,training_Singapore_Singapore_62,Singapore,1.6,3,0.4281394725762621,5683,20444,0.2779788691058501,0.2735765994912933
train,training_Singapore_Singapore_62,Singapore,1.6,5,0.42802957741082714,5657,20444,0.27670710232831147,0.2732342007434944
train,training_Singapore_Singapore_64,Singapore,1.05,0,0.08766046590936771,117725,5432,21.672496318114874,0.9937407952871871
train,training_Singapore_Singapore_64,Singapore,1.05,2,0.08799126281643764,117262,5432,21.587260677466862,0.9937407952871871
train,training_Singapore_Singapore_64,Singapore,1.05,3,0.088186763816961,116990,5432,21.53718703976436,0.9937407952871871
train,training_Singapore_Singapore_64,Singapore,1.05,5,0.08840701949769483,116685,5432,21.4810382916053,0.9937407952871871
train,training_Singapore_Singapore_64,Singapore,1.1,0,0.13917151162790697,71624,5432,13.185567010309278,0.9871134020618557
train,training_Singapore_Singapore_64,Singapore,1.1,2,0.1406735853264934,70787,5432,13.031480117820324,0.9869293078055965
train,training_Singapore_Singapore_64,Singapore,1.1,3,0.14144323902903128,70245,5432,12.931701030927835,0.9852724594992637
train,training_Singapore_Singapore_64,Singapore,1.1,5,0.14238463590290745,69548,5432,12.80338733431517,0.9826951399116347
train,training_Singapore_Singapore_64,Singapore,1.15,0,0.22627078588922786,41114,5432,7.568851251840942,0.969440353460972
train,training_Singapore_Singapore_64,Singapore,1.15,2,0.23089930822444274,40103,5432,7.382731958762887,0.9677835051546392
train,training_Singapore_Singapore_64,Singapore,1.15,3,0.2339965687039059,39449,5432,7.262334315169367,0.966678939617084
train,training_Singapore_Singapore_64,Singapore,1.15,5,0.23819918144611188,38548,5432,7.096465390279823,0.9642857142857143
train,training_Singapore_Singapore_64,Singapore,1.2,0,0.347312091217516,23159,5432,4.263438880706922,0.9140279823269514
train,training_Singapore_Singapore_64,Singapore,1.2,2,0.35784154484750047,22273,5432,4.100331369661267,0.9125552282768777
train,training_Singapore_Singapore_64,Singapore,1.2,3,0.3643596449224649,21717,5432,3.9979749631811488,0.9105301914580265
train,training_Singapore_Singapore_64,Singapore,1.2,5,0.3724898082439982,21060,5432,3.8770250368188512,0.908321060382916
train,training_Singapore_Singapore_64,Singapore,1.25,0,0.47810896386068347,12886,5432,2.372238586156112,0.8061487481590575
train,training_Singapore_Singapore_64,Singapore,1.25,2,0.4947612844764116,12225,5432,2.2505522827687776,0.8041237113402062
train,training_Singapore_Singapore_64,Singapore,1.25,3,0.5034965034965035,11871,5432,2.185382916053019,0.8019145802650958
train,training_Singapore_Singapore_64,Singapore,1.25,5,0.5185405630617225,11369,5432,2.0929675994108985,0.8019145802650958
train,training_Singapore_Singapore_64,Singapore,1.3,0,0.5383727195750905,7559,5432,1.3915684830633284,0.6437776141384389
train,training_Singapore_Singapore_64,Singapore,1.3,2,0.5570710696338838,7105,5432,1.3079896907216495,0.6428571428571429
train,training_Singapore_Singapore_64,Singapore,1.3,3,0.56678318835867,6869,5432,1.2645434462444771,0.6417525773195877
train,training_Singapore_Singapore_64,Singapore,1.3,5,0.5788203976374677,6589,5432,1.2129970544918998,0.6404639175257731
train,training_Singapore_Singapore_64,Singapore,1.35,0,0.5086647300410698,4551,5432,0.8378129602356407,0.46741531664212077
train,training_Singapore_Singapore_64,Singapore,1.35,2,0.5192406362237044,4313,5432,0.7939985272459499,0.46575846833578793
train,training_Singapore_Singapore_64,Singapore,1.35,3,0.5259097070169951,4159,5432,0.7656480117820325,0.4642857142857143
train,training_Singapore_Singapore_64,Singapore,1.35,5,0.5323863034029471,4001,5432,0.7365611192930781,0.46226067746686306
train,training_Singapore_Singapore_64,Singapore,1.4,0,0.41264802832377,2759,5432,0.5079160530191458,0.31111929307805597
train,training_Singapore_Singapore_64,Singapore,1.4,2,0.4168221973373149,2605,5432,0.4795655375552283,0.3083578792341679
train,training_Singapore_Singapore_64,Singapore,1.4,3,0.42024424021150697,2511,5432,0.46226067746686306,0.3072533136966127
train,training_Singapore_Singapore_64,Singapore,1.4,5,0.4237937196834312,2402,5432,0.4421944035346097,0.30559646539027985
train,training_Singapore_Singapore_64,Singapore,1.5,0,0.16822429906542055,881,5432,0.16218703976435936,0.0977540500736377
train,training_Singapore_Singapore_64,Singapore,1.5,2,0.16746717899455651,814,5432,0.14985272459499263,0.09628129602356407
train,training_Singapore_Singapore_64,Singapore,1.5,3,0.1668818592640413,764,5432,0.1406480117820324,0.09517673048600883
train,training_Singapore_Singapore_64,Singapore,1.5,5,0.16070553650171485,691,5432,0.12720913107511045,0.09057437407952872
train,training_Singapore_Singapore_64,Singapore,1.6,0,0.025622775800711744,188,5432,0.03460972017673049,0.013254786450662739
train,training_Singapore_Singapore_64,Singapore,1.6,2,0.02325997495079621,157,5432,0.02890279823269514,0.011966126656848307
train,training_Singapore_Singapore_64,Singapore,1.6,3,0.021203953279424977,133,5432,0.024484536082474227,0.010861561119293078
train,training_Singapore_Singapore_64,Singapore,1.6,5,0.017013574660633485,93,5432,0.01712076583210604,0.008652430044182622
train,training_Singapore_Singapore_65,Singapore,1.05,0,0.08935722148657488,119329,6033,19.779380076247307,0.9283938339134759
train,training_Singapore_Singapore_65,Singapore,1.05,2,0.08965903633744197,118907,6033,19.709431460301673,0.9283938339134759
train,training_Singapore_Singapore_65,Singapore,1.05,3,0.08988493572769728,118593,6033,19.657384385877673,0.9283938339134759
train,training_Singapore_Singapore_65,Singapore,1.05,5,0.09006907976742877,118316,6033,19.61147024697497,0.9282280788993867
train,training_Singapore_Singapore_65,Singapore,1.1,0,0.13221036603499756,78030,6033,12.93386374937842,0.9211006132935521
train,training_Singapore_Singapore_65,Singapore,1.1,2,0.1333445333781335,77300,6033,12.81286258909332,0.920934858279463
train,training_Singapore_Singapore_65,Singapore,1.1,3,0.1339963549901633,76820,6033,12.733300182330515,0.9201060832090171
train,training_Singapore_Singapore_65,Singapore,1.1,5,0.13459061413954845,76261,6033,12.640643129454666,0.9179512680258578
train,training_Singapore_Singapore_65,Singapore,1.15,0,0.19838472834067547,48447,6033,8.03033316757832,0.8957400961379082
train,training_Singapore_Singapore_65,Singapore,1.15,2,0.2015648634012437,47518,6033,7.876346759489475,0.894579811039284
train,training_Singapore_Singapore_65,Singapore,1.15,3,0.20337382171260177,46904,6033,7.77457318083872,0.8922592408420355
train,training_Singapore_Singapore_65,Singapore,1.15,5,0.20537457413007695,46213,6033,7.6600364661031,0.8892756505884303
train,training_Singapore_Singapore_65,Singapore,1.2,0,0.2886177694847136,28802,6033,4.774075915796453,0.8332504558262888
train,training_Singapore_Singapore_65,Singapore,1.2,2,0.29536685222821124,27918,6033,4.627548483341621,0.8310956406431295
train,training_Singapore_Singapore_65,Singapore,1.2,3,0.2991644955529602,27360,6033,4.535057185479861,0.8279462953754351
train,training_Singapore_Singapore_65,Singapore,1.2,5,0.3037858368047047,26615,6033,4.411569699983424,0.8219791148682247
train,training_Singapore_Singapore_65,Singapore,1.25,0,0.3872676703015319,16618,6033,2.75451682413393,0.7270014917951269
train,training_Singapore_Singapore_65,Singapore,1.25,2,0.39794011757735953,15910,6033,2.6371622741587935,0.7236863915133432
train,training_Singapore_Singapore_65,Singapore,1.25,3,0.40416144164228324,15498,6033,2.568871208354053,0.7212000663020056
train,training_Singapore_Singapore_65,Singapore,1.25,5,0.4083376857699065,15028,6033,2.49096635173214,0.7127465605834576
train,training_Singapore_Singapore_65,Singapore,1.3,0,0.4695262483994878,9587,6033,1.5890933200729322,0.6078236366650092
train,training_Singapore_Singapore_65,Singapore,1.3,2,0.4823661748163832,9080,6033,1.50505552792972,0.6041770263550472
train,training_Singapore_Singapore_65,Singapore,1.3,3,0.48785411479712,8828,6033,1.4632852643792476,0.6008619260732637
train,training_Singapore_Singapore_65,Singapore,1.3,5,0.49432794774836714,8512,6033,1.4109066799270678,0.5958892756505885
train,training_Singapore_Singapore_65,Singapore,1.35,0,0.5040172786177106,5542,6033,0.9186142880822145,0.483507376098127
train,training_Singapore_Singapore_65,Singapore,1.35,2,0.5143821022727273,5231,6033,0.8670644787004806,0.48019227581634344
train,training_Singapore_Singapore_65,Singapore,1.35,3,0.5204762763846292,5053,6033,0.8375600861926074,0.4782032156472733
train,training_Singapore_Singapore_65,Singapore,1.35,5,0.5261804152121992,4853,6033,0.8044090833747721,0.47472236035140064
train,training_Singapore_Singapore_65,Singapore,1.4,0,0.48842810765525185,3516,6033,0.5827946295375435,0.3865406928559589
train,training_Singapore_Singapore_65,Singapore,1.4,2,0.4961489088575096,3315,6033,0.5494778717056191,0.3843858776727996
train,training_Singapore_Singapore_65,Singapore,1.4,3,0.5014121225287855,3173,6033,0.5259406597049561,0.38256257251781867
train,training_Singapore_Singapore_65,Singapore,1.4,5,0.5069705687098915,3005,6033,0.4980938173379745,0.37974473727830266
train,training_Singapore_Singapore_65,Singapore,1.5,0,0.33875876670636496,1524,6033,0.25261064147190454,0.21216641803414554
train,training_Singapore_Singapore_65,Singapore,1.5,2,0.33947649572649574,1455,6033,0.24117354549975137,0.21067462290734296
train,training_Singapore_Singapore_65,Singapore,1.5,3,0.34111647879763823,1419,6033,0.23520636499254102,0.21067462290734296
train,training_Singapore_Singapore_65,Singapore,1.5,5,0.33997844827586204,1391,6033,0.2305652245980441,0.20918282778054037
train,training_Singapore_Singapore_65,Singapore,1.6,0,0.1511996378451788,594,6033,0.09845847836897066,0.08304326205867728
train,training_Singapore_Singapore_65,Singapore,1.6,2,0.1495752427184466,559,6033,0.0926570528758495,0.08171722194596387
train,training_Singapore_Singapore_65,Singapore,1.6,3,0.14746123441775616,545,6033,0.09033648267860103,0.08039118183325046
train,training_Singapore_Singapore_65,Singapore,1.6,5,0.14477293508076805,529,6033,0.08768440245317421,0.0787336316923587
train,training_Singapore_Singapore_66,Singapore,1.05,0,0.05119814706337824,144535,3986,36.2606623181134,0.9538384345208228
train,training_Singapore_Singapore_66,Singapore,1.05,2,0.051303502995628004,144230,3986,36.1841445057702,0.9538384345208228
train,training_Singapore_Singapore_66,Singapore,1.05,3,0.051352702027364694,144088,3986,36.148519819367785,0.9538384345208228
train,training_Singapore_Singapore_66,Singapore,1.05,5,0.05140032057568359,143873,3986,36.094581033617665,0.9533366783743101
train,training_Singapore_Singapore_66,Singapore,1.1,0,0.07451092360858136,97583,3986,24.481435022579028,0.9493226292022078
train,training_Singapore_Singapore_66,Singapore,1.1,2,0.0749151166589125,97035,3986,24.34395383843452,0.9493226292022078
train,training_Singapore_Singapore_66,Singapore,1.1,3,0.07503252137473561,96717,3986,24.264174611138987,0.9478173607626693
train,training_Singapore_Singapore_66,Singapore,1.1,5,0.07525798893264869,96309,3986,24.161816357250377,0.9468138484696438
train,training_Singapore_Singapore_66,Singapore,1.15,0,0.11284740749775128,61607,3986,15.455845459106873,0.9284997491219268
train,training_Singapore_Singapore_66,Singapore,1.15,2,0.11403535836598686,60836,3986,15.262418464626192,0.9272453587556447
train,training_Singapore_Singapore_66,Singapore,1.15,3,0.11468175037294878,60366,3986,15.144505770195686,0.9257400903161064
train,training_Singapore_Singapore_66,Singapore,1.15,5,0.11541779736788442,59765,3986,14.99372804816859,0.922980431510286
train,training_Singapore_Singapore_66,Singapore,1.2,0,0.17449129536001595,36165,3986,9.073005519317611,0.8788258906171601
train,training_Singapore_Singapore_66,Singapore,1.2,2,0.17807556110360992,35267,3986,8.847717009533367,0.8768188660311089
train,training_Singapore_Singapore_66,Singapore,1.2,3,0.18012052867082223,34677,3986,8.699698946312092,0.8735574510787757
train,training_Singapore_Singapore_66,Singapore,1.2,5,0.1826520123349411,33955,3986,8.518564977420974,0.8692925238334169
train,training_Singapore_Singapore_66,Singapore,1.25,0,0.26781784323683766,19642,3986,4.927747114902157,0.7937782237832414
train,training_Singapore_Singapore_66,Singapore,1.25,2,0.2761946514686541,18824,3986,4.722528850978424,0.7902659307576518
train,training_Singapore_Singapore_66,Singapore,1.25,3,0.28091603053435116,18284,3986,4.5870546914199695,0.784746613146011
train,training_Singapore_Singapore_66,Singapore,1.25,5,0.286772192909377,17620,3986,4.420471650777722,0.7772202709483191
train,training_Singapore_Singapore_66,Singapore,1.3,0,0.3706332637439109,10384,3986,2.6051179126944306,0.6680883090817863
train,training_Singapore_Singapore_66,Singapore,1.3,2,0.38631056625802684,9718,3986,2.43803311590567,0.6640742599096839
train,training_Singapore_Singapore_66,Singapore,1.3,3,0.3955829326923077,9326,3986,2.339688911189162,0.6605619668840943
train,training_Singapore_Singapore_66,Singapore,1.3,5,0.4075,8814,3986,2.2112393376818864,0.6542900150526844
train,training_Singapore_Singapore_66,Singapore,1.35,0,0.45270198534876316,5433,3986,1.363020572002007,0.5348720521826392
train,training_Singapore_Singapore_66,Singapore,1.35,2,0.4688400975826125,5032,3986,1.2624184646261916,0.530356246864024
train,training_Singapore_Singapore_66,Singapore,1.35,3,0.4764719254375995,4812,3986,1.2072252885097843,0.5258404415454089
train,training_Singapore_Singapore_66,Singapore,1.35,5,0.4859616284510997,4562,3986,1.144505770195685,0.5210737581535374
train,training_Singapore_Singapore_66,Singapore,1.4,0,0.46569114931098166,3053,3986,0.7659307576517812,0.4111891620672353
train,training_Singapore_Singapore_66,Singapore,1.4,2,0.47450175849941384,2838,3986,0.7119919719016558,0.4061716006021074
train,training_Singapore_Singapore_66,Singapore,1.4,3,0.4795583407937929,2716,3986,0.6813848469643753,0.4031610637230306
train,training_Singapore_Singapore_66,Singapore,1.4,5,0.4844492109698177,2541,3986,0.6374811841445057,0.39663823381836427
train,training_Singapore_Singapore_66,Singapore,1.5,0,0.3713355048859935,1233,3986,0.309332664325138,0.24310085298544906
train,training_Singapore_Singapore_66,Singapore,1.5,2,0.37226418748789464,1177,3986,0.2952834922227797,0.24109382839939789
train,training_Singapore_Singapore_66,Singapore,1.5,3,0.3748773307163886,1109,3986,0.2782237832413447,0.2395885599598595
train,training_Singapore_Singapore_66,Singapore,1.5,5,0.3748765554019356,1077,3986,0.27019568489713996,0.23808329152032112
train,training_Singapore_Singapore_66,Singapore,1.6,0,0.21357943309162822,565,3986,0.14174611138986454,0.12192674360260913
train,training_Singapore_Singapore_66,Singapore,1.6,2,0.21013050210130502,535,3986,0.1342197691921726,0.11916708479678877
train,training_Singapore_Singapore_66,Singapore,1.6,3,0.2072331928111826,521,3986,0.13070747616658304,0.11716006021073758
train,training_Singapore_Singapore_66,Singapore,1.6,5,0.20258236865538737,506,3986,0.12694430506773707,0.11414952333166081
train,training_Singapore_Singapore_68,Singapore,1.05,0,0.2297804280862491,89048,12240,7.27516339869281,0.950735294117647
train,training_Singapore_Singapore_68,Singapore,1.05,2,0.23053150815190476,88718,12240,7.2482026143790845,0.950735294117647
train,training_Singapore_Singapore_68,Singapore,1.05,3,0.23107395677167622,88481,12240,7.228839869281046,0.950735294117647
train,training_Singapore_Singapore_68,Singapore,1.05,5,0.23160451066455665,88233,12240,7.208578431372549,0.9505718954248366
train,training_Singapore_Singapore_68,Singapore,1.1,0,0.3185274658906855,60614,12240,4.952124183006536,0.9479575163398692
train,training_Singapore_Singapore_68,Singapore,1.1,2,0.3209815068398412,60057,12240,4.906617647058823,0.9479575163398692
train,training_Singapore_Singapore_68,Singapore,1.1,3,0.3224972550763714,59711,12240,4.878349673202615,0.947875816993464
train,training_Singapore_Singapore_68,Singapore,1.1,5,0.32409465106852836,59307,12240,4.845343137254902,0.9472222222222222
train,training_Singapore_Singapore_68,Singapore,1.15,0,0.43809705769965607,40100,12240,3.276143790849673,0.9366830065359477
train,training_Singapore_Singapore_68,Singapore,1.15,2,0.44348566342916845,39446,12240,3.2227124183006537,0.9363562091503268
train,training_Singapore_Singapore_68,Singapore,1.15,3,0.44686329588014984,39024,12240,3.1882352941176473,0.9357843137254902
train,training_Singapore_Singapore_68,Singapore,1.15,5,0.4506665091460413,38547,12240,3.149264705882353,0.9349673202614379
train,training_Singapore_Singapore_68,Singapore,1.2,0,0.5746044876434702,26444,12240,2.160457516339869,0.9080065359477124
train,training_Singapore_Singapore_68,Singapore,1.2,2,0.5828763349164283,25871,12240,2.113643790849673,0.9074346405228758
train,training_Singapore_Singapore_68,Singapore,1.2,3,0.5875006614806583,25554,12240,2.087745098039216,0.9070261437908497
train,training_Singapore_Singapore_68,Singapore,1.2,5,0.5933014354066986,25171,12240,2.056454248366013,0.9066993464052288
train,training_Singapore_Singapore_68,Singapore,1.25,0,0.6883515323458582,18073,12240,1.4765522875816994,0.8523692810457516
train,training_Singapore_Singapore_68,Singapore,1.25,2,0.6963408521303258,17685,12240,1.4448529411764706,0.8512254901960784
train,training_Singapore_Singapore_68,Singapore,1.25,3,0.7007608915224564,17462,12240,1.4266339869281046,0.8502450980392157
train,training_Singapore_Singapore_68,Singapore,1.25,5,0.7082212765957446,17135,12240,1.3999183006535947,0.8498366013071895
train,training_Singapore_Singapore_68,Singapore,1.3,0,0.750746737934287,13204,12240,1.0787581699346405,0.7803104575163399
train,training_Singapore_Singapore_68,Singapore,1.3,2,0.7575492689129053,12928,12240,1.0562091503267974,0.7788398692810458
train,training_Singapore_Singapore_68,Singapore,1.3,3,0.7614136083793076,12774,12240,1.0436274509803922,0.7780228758169935
train,training_Singapore_Singapore_68,Singapore,1.3,5,0.7667257778494277,12572,12240,1.0271241830065359,0.777124183006536
train,training_Singapore_Singapore_68,Singapore,1.35,0,0.7590629731896321,10214,12240,0.8344771241830066,0.6962418300653594
train,training_Singapore_Singapore_68,Singapore,1.35,2,0.7634992593922528,10039,12240,0.8201797385620915,0.6948529411764706
train,training_Singapore_Singapore_68,Singapore,1.35,3,0.7657024421014689,9954,12240,0.8132352941176471,0.6941993464052287
train,training_Singapore_Singapore_68,Singapore,1.35,5,0.7692168073327889,9798,12240,0.8004901960784314,0.6924836601307189
train,training_Singapore_Singapore_68,Singapore,1.4,0,0.7289555728760717,8288,12240,0.677124183006536,0.6112745098039216
train,training_Singapore_Singapore_68,Singapore,1.4,2,0.7309386316922776,8194,12240,0.6694444444444444,0.6101307189542484
train,training_Singapore_Singapore_68,Singapore,1.4,3,0.7319805434088341,8113,12240,0.6628267973856209,0.608578431372549
train,training_Singapore_Singapore_68,Singapore,1.4,5,0.7330638004141603,8042,12240,0.6570261437908497,0.6073529411764705
train,training_Singapore_Singapore_68,Singapore,1.5,0,0.6060538367027812,5666,12240,0.46290849673202616,0.4433006535947712
train,training_Singapore_Singapore_68,Singapore,1.5,2,0.6058876203268413,5628,12240,0.4598039215686274,0.44223856209150325
train,training_Singapore_Singapore_68,Singapore,1.5,3,0.6046224615729833,5586,12240,0.45637254901960783,0.44027777777777777
train,training_Singapore_Singapore_68,Singapore,1.5,5,0.6048550236008091,5556,12240,0.453921568627451,0.43970588235294117
train,training_Singapore_Singapore_68,Singapore,1.6,0,0.4258467819098042,3437,12240,0.28080065359477124,0.27271241830065357
train,training_Singapore_Singapore_68,Singapore,1.6,2,0.4241804588152598,3409,12240,0.27851307189542485,0.27116013071895423
train,training_Singapore_Singapore_68,Singapore,1.6,3,0.4237927726255197,3395,12240,0.27736928104575165,0.27066993464052286
train,training_Singapore_Singapore_68,Singapore,1.6,5,0.4231631541861508,3371,12240,0.27540849673202616,0.2698529411764706
train,training_Utrecht_Utrecht_0,Utrecht,1.05,0,0.10756285221687553,146666,8778,16.708361813624972,0.9523809523809523
train,training_Utrecht_Utrecht_0,Utrecht,1.05,2,0.10789463495218306,146188,8778,16.65390749601276,0.9523809523809523
train,training_Utrecht_Utrecht_0,Utrecht,1.05,3,0.1081304808960861,145850,8778,16.615402141717933,0.9523809523809523
train,training_Utrecht_Utrecht_0,Utrecht,1.05,5,0.10844295685114554,145386,8778,16.562542720437456,0.9522670312143996
train,training_Utrecht_Utrecht_0,Utrecht,1.1,0,0.15002513284503805,102630,8778,11.691729323308271,0.9520391888812941
train,training_Utrecht_Utrecht_0,Utrecht,1.1,2,0.15086164095434973,101999,8778,11.619845067213488,0.9519252677147414
train,training_Utrecht_Utrecht_0,Utrecht,1.1,3,0.15157314274830622,101479,8778,11.56060606060606,0.9519252677147414
train,training_Utrecht_Utrecht_0,Utrecht,1.1,5,0.15261682328338036,100725,8778,11.474709501025291,0.9519252677147414
train,training_Utrecht_Utrecht_0,Utrecht,1.15,0,0.21440238710756132,68973,8778,7.8574846206425155,0.9495329232171338
train,training_Utrecht_Utrecht_0,Utrecht,1.15,2,0.21638671824294503,68260,8778,7.776258828890408,0.9495329232171338
train,training_Utrecht_Utrecht_0,Utrecht,1.15,3,0.21808809869565787,67659,8778,7.707792207792208,0.9495329232171338
train,training_Utrecht_Utrecht_0,Utrecht,1.15,5,0.22003540010038836,66928,8778,7.624515835042151,0.9488493962178173
train,training_Utrecht_Utrecht_0,Utrecht,1.2,0,0.3067486929372425,45351,8778,5.166438824333561,0.9457735247208932
train,training_Utrecht_Utrecht_0,Utrecht,1.2,2,0.31046350678986945,44684,8778,5.09045340624288,0.945431761221235
train,training_Utrecht_Utrecht_0,Utrecht,1.2,3,0.31362691362691364,44132,8778,5.027568922305765,0.9452039188881294
train,training_Utrecht_Utrecht_0,Utrecht,1.2,5,0.3171244930752162,43498,8778,4.955342902711323,0.9442925495557074
train,training_Utrecht_Utrecht_0,Utrecht,1.25,0,0.4255616162138407,29905,8778,3.406812485759854,0.9376851218956482
train,training_Utrecht_Utrecht_0,Utrecht,1.25,2,0.4317347045860006,29338,8778,3.3422191843244473,0.9373433583959899
train,training_Utrecht_Utrecht_0,Utrecht,1.25,3,0.43612732095490714,28922,8778,3.2948279790385055,0.9365459102301208
train,training_Utrecht_Utrecht_0,Utrecht,1.25,5,0.44020267553148706,28523,8778,3.2493734335839597,0.9352927773980405
train,training_Utrecht_Utrecht_0,Utrecht,1.3,0,0.5554755290324793,20379,8778,2.3215994531784006,0.9225336067441331
train,training_Utrecht_Utrecht_0,Utrecht,1.3,2,0.5625325781005664,19999,8778,2.278309409888357,0.922077922077922
train,training_Utrecht_Utrecht_0,Utrecht,1.3,3,0.5677383125087744,19714,8778,2.245841877420825,0.9213943950786057
train,training_Utrecht_Utrecht_0,Utrecht,1.3,5,0.5742398408638818,19374,8778,2.2071086807928912,0.9208247892458419
train,training_Utrecht_Utrecht_0,Utrecht,1.35,0,0.6712661300626038,14703,8778,1.674982911825017,0.8978127136021873
train,training_Utrecht_Utrecht_0,Utrecht,1.35,2,0.6792859606760953,14414,8778,1.6420596946912736,0.8973570289359764
train,training_Utrecht_Utrecht_0,Utrecht,1.35,3,0.6854108635097493,14198,8778,1.6174527227158806,0.897015265436318
train,training_Utrecht_Utrecht_0,Utrecht,1.35,5,0.6929592376919005,13890,8778,1.582365003417635,0.8947368421052632
train,training_Utrecht_Utrecht_0,Utrecht,1.4,0,0.7511164036915748,11376,8778,1.2959671907040329,0.8622693096377307
train,training_Utrecht_Utrecht_0,Utrecht,1.4,2,0.7586795103351395,11154,8778,1.2706766917293233,0.8613579403053088
train,training_Utrecht_Utrecht_0,Utrecht,1.4,3,0.7642029645368543,10989,8778,1.2518796992481203,0.8604465709728868
train,training_Utrecht_Utrecht_0,Utrecht,1.4,5,0.7692621904518764,10807,8778,1.2311460469355207,0.8581681476418318
train,training_Utrecht_Utrecht_0,Utrecht,1.5,0,0.7926395173453997,7797,8778,0.8882433356117566,0.7483481430849852
train,training_Utrecht_Utrecht_0,Utrecht,1.5,2,0.7947397127446821,7723,8778,0.8798131692868535,0.7469810890863522
train,training_Utrecht_Utrecht_0,Utrecht,1.5,3,0.7958650045606568,7667,8778,0.8734335839598998,0.7455001139211666
train,training_Utrecht_Utrecht_0,Utrecht,1.5,5,0.7941554074708076,7579,8778,0.8634085213032582,0.739917976760082
train,training_Utrecht_Utrecht_0,Utrecht,1.6,0,0.726433296582139,5734,8778,0.6532239690134427,0.6004784688995215
train,training_Utrecht_Utrecht_0,Utrecht,1.6,2,0.7259545674238763,5705,8778,0.6499202551834131,0.5988835725677831
train,training_Utrecht_Utrecht_0,Utrecht,1.6,3,0.7256245242543768,5673,8778,0.6462747778537252,0.5972886762360446
train,training_Utrecht_Utrecht_0,Utrecht,1.6,5,0.7240063813553443,5639,8778,0.6424014581909319,0.5945545682387787
train,training_Utrecht_Utrecht_11,Utrecht,1.05,0,0.009945350912030072,177883,894,198.97427293064877,0.9944071588366891
train,training_Utrecht_Utrecht_11,Utrecht,1.05,2,0.009955430132813725,177702,894,198.7718120805369,0.9944071588366891
train,training_Utrecht_Utrecht_11,Utrecht,1.05,3,0.009963798572117055,177552,894,198.60402684563758,0.9944071588366891
train,training_Utrecht_Utrecht_11,Utrecht,1.05,5,0.009973859288927783,177372,894,198.40268456375838,0.9944071588366891
train,training_Utrecht_Utrecht_11,Utrecht,1.1,0,0.01315319072871358,133370,894,149.1834451901566,0.9876957494407159
train,training_Utrecht_Utrecht_11,Utrecht,1.1,2,0.013170174482413637,133045,894,148.8199105145414,0.9865771812080537
train,training_Utrecht_Utrecht_11,Utrecht,1.1,3,0.013162125982485399,132823,894,148.57158836689038,0.9843400447427293
train,training_Utrecht_Utrecht_11,Utrecht,1.1,5,0.013102073245686359,132520,894,148.23266219239375,0.9776286353467561
train,training_Utrecht_Utrecht_11,Utrecht,1.15,0,0.01808807193309719,94528,894,105.73601789709173,0.9653243847874721
train,training_Utrecht_Utrecht_11,Utrecht,1.15,2,0.01813433307356937,94064,894,105.21700223713647,0.9630872483221476
train,training_Utrecht_Utrecht_11,Utrecht,1.15,3,0.018084521341850332,93662,894,104.76733780760627,0.9563758389261745
train,training_Utrecht_Utrecht_11,Utrecht,1.15,5,0.01808857015173118,93088,894,104.12527964205816,0.9507829977628636
train,training_Utrecht_Utrecht_11,Utrecht,1.2,0,0.026382898340836822,62632,894,70.05816554809843,0.9373601789709173
train,training_Utrecht_Utrecht_11,Utrecht,1.2,2,0.026560213754055602,61982,894,69.331096196868,0.9340044742729307
train,training_Utrecht_Utrecht_11,Utrecht,1.2,3,0.026596939266578974,61444,894,68.72930648769575,0.9272930648769575
train,training_Utrecht_Utrecht_11,Utrecht,1.2,5,0.026746299662425345,60722,894,67.92170022371364,0.9217002237136466
train,training_Utrecht_Utrecht_11,Utrecht,1.25,0,0.0399648108583637,38891,894,43.502237136465325,0.889261744966443
train,training_Utrecht_Utrecht_11,Utrecht,1.25,2,0.04054123315053047,38128,894,42.64876957494407,0.8847874720357942
train,training_Utrecht_Utrecht_11,Utrecht,1.25,3,0.040984032870442604,37560,894,42.013422818791945,0.8814317673378076
train,training_Utrecht_Utrecht_11,Utrecht,1.25,5,0.04093008440834528,36780,894,41.14093959731544,0.8624161073825504
train,training_Utrecht_Utrecht_11,Utrecht,1.3,0,0.06275286218472928,22340,894,24.988814317673377,0.8154362416107382
train,training_Utrecht_Utrecht_11,Utrecht,1.3,2,0.06440437061384027,21620,894,24.1834451901566,0.8109619686800895
train,training_Utrecht_Utrecht_11,Utrecht,1.3,3,0.06552446915155381,21052,894,23.548098434004473,0.8042505592841164
train,training_Utrecht_Utrecht_11,Utrecht,1.3,5,0.06648798608172286,20373,894,22.788590604026847,0.79082774049217
train,training_Utrecht_Utrecht_11,Utrecht,1.35,0,0.10429302875147696,11801,894,13.200223713646533,0.7404921700223713
train,training_Utrecht_Utrecht_11,Utrecht,1.35,2,0.10858461031471413,11244,894,12.577181208053691,0.7371364653243848
train,training_Utrecht_Utrecht_11,Utrecht,1.35,3,0.11141630901287554,10756,894,12.031319910514542,0.7259507829977628
train,training_Utrecht_Utrecht_11,Utrecht,1.35,5,0.11465540479827478,10235,894,11.44854586129754,0.7136465324384788
train,training_Utrecht_Utrecht_11,Utrecht,1.4,0,0.16756272401433692,5802,894,6.489932885906041,0.62751677852349
train,training_Utrecht_Utrecht_11,Utrecht,1.4,2,0.17731295253419146,5321,894,5.9519015659955254,0.616331096196868
train,training_Utrecht_Utrecht_11,Utrecht,1.4,3,0.18473621307836777,4963,894,5.551454138702461,0.6051454138702461
train,training_Utrecht_Utrecht_11,Utrecht,1.4,5,0.19080882352941175,4546,894,5.085011185682327,0.5805369127516778
train,training_Utrecht_Utrecht_11,Utrecht,1.5,0,0.28128821850794944,1559,894,1.7438478747203578,0.3859060402684564
train,training_Utrecht_Utrecht_11,Utrecht,1.5,2,0.2966549295774648,1378,894,1.541387024608501,0.3769574944071588
train,training_Utrecht_Utrecht_11,Utrecht,1.5,3,0.3066914498141264,1258,894,1.407158836689038,0.3691275167785235
train,training_Utrecht_Utrecht_11,Utrecht,1.5,5,0.30831234256926954,1091,894,1.220357941834452,0.3422818791946309
train,training_Utrecht_Utrecht_11,Utrecht,1.6,0,0.26195153896529144,633,894,0.7080536912751678,0.22371364653243847
train,training_Utrecht_Utrecht_11,Utrecht,1.6,2,0.26258503401360545,576,894,0.6442953020134228,0.21588366890380314
train,training_Utrecht_Utrecht_11,Utrecht,1.6,3,0.25666199158485276,532,894,0.5950782997762863,0.20469798657718122
train,training_Utrecht_Utrecht_11,Utrecht,1.6,5,0.23869532987398073,455,894,0.5089485458612976,0.18008948545861297
train,training_Utrecht_Utrecht_17,Utrecht,1.05,0,0.014760191208882114,167967,1272,132.0495283018868,0.9819182389937107
train,training_Utrecht_Utrecht_17,Utrecht,1.05,2,0.014788503093271763,167643,1272,131.79481132075472,0.9819182389937107
train,training_Utrecht_Utrecht_17,Utrecht,1.05,3,0.01481024741057824,167395,1272,131.5998427672956,0.9819182389937107
train,training_Utrecht_Utrecht_17,Utrecht,1.05,5,0.014789209222764691,167094,1272,131.36320754716982,0.9787735849056604
train,training_Utrecht_Utrecht_17,Utrecht,1.1,0,0.02082342635464898,118593,1272,93.23349056603773,0.9811320754716981
train,training_Utrecht_Utrecht_17,Utrecht,1.1,2,0.020918363071043656,118049,1272,92.80581761006289,0.9811320754716981
train,training_Utrecht_Utrecht_17,Utrecht,1.1,3,0.020990488684814693,117639,1272,92.48349056603773,0.9811320754716981
train,training_Utrecht_Utrecht_17,Utrecht,1.1,5,0.021031471189418383,117122,1272,92.07704402515724,0.9787735849056604
train,training_Utrecht_Utrecht_17,Utrecht,1.15,0,0.0312959911445427,78227,1272,61.499213836477985,0.9779874213836478
train,training_Utrecht_Utrecht_17,Utrecht,1.15,2,0.03158161970043158,77508,1272,60.93396226415094,0.9779874213836478
train,training_Utrecht_Utrecht_17,Utrecht,1.15,3,0.031808535119793396,76946,1272,60.492138364779876,0.9779874213836478
train,training_Utrecht_Utrecht_17,Utrecht,1.15,5,0.03211234156792896,76206,1272,59.910377358490564,0.9779874213836478
train,training_Utrecht_Utrecht_17,Utrecht,1.2,0,0.04991539763113367,48372,1272,38.028301886792455,0.9740566037735849
train,training_Utrecht_Utrecht_17,Utrecht,1.2,2,0.050677955702803854,47625,1272,37.44103773584906,0.9740566037735849
train,training_Utrecht_Utrecht_17,Utrecht,1.2,3,0.05132028580304442,47013,1272,36.95990566037736,0.9740566037735849
train,training_Utrecht_Utrecht_17,Utrecht,1.2,5,0.05215376513954713,46203,1272,36.323113207547166,0.9732704402515723
train,training_Utrecht_Utrecht_17,Utrecht,1.25,0,0.08196054504779338,28230,1272,22.193396226415093,0.9504716981132075
train,training_Utrecht_Utrecht_17,Utrecht,1.25,2,0.0840371181315817,27501,1272,21.620283018867923,0.9504716981132075
train,training_Utrecht_Utrecht_17,Utrecht,1.25,3,0.08569296905531673,26875,1272,21.12814465408805,0.9481132075471698
train,training_Utrecht_Utrecht_17,Utrecht,1.25,5,0.08793612599803129,26157,1272,20.56367924528302,0.9481132075471698
train,training_Utrecht_Utrecht_17,Utrecht,1.3,0,0.1368570080226522,15680,1272,12.327044025157234,0.9119496855345912
train,training_Utrecht_Utrecht_17,Utrecht,1.3,2,0.14162433441459085,15067,1272,11.845125786163521,0.9095911949685535
train,training_Utrecht_Utrecht_17,Utrecht,1.3,3,0.1453514024582414,14593,1272,11.47248427672956,0.9064465408805031
train,training_Utrecht_Utrecht_17,Utrecht,1.3,5,0.14909589398785822,14047,1272,11.043238993710691,0.8977987421383647
train,training_Utrecht_Utrecht_17,Utrecht,1.35,0,0.22473542228678148,8366,1272,6.577044025157233,0.8514150943396226
train,training_Utrecht_Utrecht_17,Utrecht,1.35,2,0.23419711590588746,7951,1272,6.2507861635220126,0.8490566037735849
train,training_Utrecht_Utrecht_17,Utrecht,1.35,3,0.24228028503562946,7569,1272,5.9504716981132075,0.8419811320754716
train,training_Utrecht_Utrecht_17,Utrecht,1.35,5,0.25088673445258924,7186,1272,5.64937106918239,0.8341194968553459
train,training_Utrecht_Utrecht_17,Utrecht,1.4,0,0.3228318584070796,4378,1272,3.441823899371069,0.7169811320754716
train,training_Utrecht_Utrecht_17,Utrecht,1.4,2,0.3386401947930324,4067,1272,3.1973270440251573,0.710691823899371
train,training_Utrecht_Utrecht_17,Utrecht,1.4,3,0.3500683727290486,3847,1272,3.02437106918239,0.7044025157232704
train,training_Utrecht_Utrecht_17,Utrecht,1.4,5,0.36917936938818124,3517,1272,2.764937106918239,0.6949685534591195
train,training_Utrecht_Utrecht_17,Utrecht,1.5,0,0.46190476190476193,1248,1272,0.9811320754716981,0.45754716981132076
train,training_Utrecht_Utrecht_17,Utrecht,1.5,2,0.47907169498549523,1141,1272,0.8970125786163522,0.45440251572327045
train,training_Utrecht_Utrecht_17,Utrecht,1.5,3,0.49071274298056156,1043,1272,0.8199685534591195,0.44654088050314467
train,training_Utrecht_Utrecht_17,Utrecht,1.5,5,0.5059037238873751,930,1272,0.7311320754716981,0.4378930817610063
train,training_Utrecht_Utrecht_17,Utrecht,1.6,0,0.4,488,1272,0.3836477987421384,0.27672955974842767
train,training_Utrecht_Utrecht_17,Utrecht,1.6,2,0.404169079328315,455,1272,0.3577044025157233,0.27437106918238996
train,training_Utrecht_Utrecht_17,Utrecht,1.6,3,0.410408042578356,419,1272,0.32940251572327045,0.2727987421383648
train,training_Utrecht_Utrecht_17,Utrecht,1.6,5,0.40700483091787437,384,1272,0.3018867924528302,0.264937106918239
train,training_Utrecht_Utrecht_2,Utrecht,1.05,0,0.15626810095159288,133161,11859,11.22868707310903,0.9554768530230205
train,training_Utrecht_Utrecht_2,Utrecht,1.05,2,0.1565957799724931,132832,11859,11.20094443039042,0.9553082047390168
train,training_Utrecht_Utrecht_2,Utrecht,1.05,3,0.1568733340256863,132576,11859,11.179357450037946,0.9553082047390168
train,training_Utrecht_Utrecht_2,Utrecht,1.05,5,0.15691199633636094,132260,11859,11.15271102116536,0.953453073614976
train,training_Utrecht_Utrecht_2,Utrecht,1.1,0,0.20215807930941462,99351,11859,8.377687832026309,0.9478876802428535
train,training_Utrecht_Utrecht_2,Utrecht,1.1,2,0.2027638961554421,98999,11859,8.348005734041656,0.9477190319588498
train,training_Utrecht_Utrecht_2,Utrecht,1.1,3,0.2031399786568271,98715,11859,8.32405767771313,0.947044438822835
train,training_Utrecht_Utrecht_2,Utrecht,1.1,5,0.20344057923675757,98355,11859,8.293700986592462,0.9453579559827979
train,training_Utrecht_Utrecht_2,Utrecht,1.15,0,0.26719828468867823,71158,11859,6.0003372965680075,0.9352390589425753
train,training_Utrecht_Utrecht_2,Utrecht,1.15,2,0.26840193704600485,70741,11859,5.965174129353234,0.9347331140905641
train,training_Utrecht_Utrecht_2,Utrecht,1.15,3,0.26935330885035386,70375,11859,5.934311493380555,0.9338898726705456
train,training_Utrecht_Utrecht_2,Utrecht,1.15,5,0.27037598396323276,69953,11859,5.898726705455772,0.9326250105405177
train,training_Utrecht_Utrecht_2,Utrecht,1.2,0,0.3542023593910617,49428,11859,4.167973690867695,0.9152542372881356
train,training_Utrecht_Utrecht_2,Utrecht,1.2,2,0.3567069660333909,48936,11859,4.126486213002782,0.9143266717261151
train,training_Utrecht_Utrecht_2,Utrecht,1.2,3,0.3588725027723985,48558,11859,4.094611687326082,0.9141580234421115
train,training_Utrecht_Utrecht_2,Utrecht,1.2,5,0.36102615526029913,47976,11859,4.0455350366810015,0.9107850577620372
train,training_Utrecht_Utrecht_2,Utrecht,1.25,0,0.4585503472222222,34221,11859,2.8856564634454847,0.8908845602495995
train,training_Utrecht_Utrecht_2,Utrecht,1.25,2,0.4634066006455721,33682,11859,2.8402057509064846,0.8897883464035753
train,training_Utrecht_Utrecht_2,Utrecht,1.25,3,0.46725326359183494,33260,11859,2.804620962981702,0.888860780841555
train,training_Utrecht_Utrecht_2,Utrecht,1.25,5,0.47055921790214805,32739,11859,2.760688084998735,0.8848132220254659
train,training_Utrecht_Utrecht_2,Utrecht,1.3,0,0.566020955504294,24122,11859,2.0340669533687494,0.8586727380048907
train,training_Utrecht_Utrecht_2,Utrecht,1.3,2,0.5721521837010356,23677,11859,1.9965427101779238,0.8572392275908592
train,training_Utrecht_Utrecht_2,Utrecht,1.3,3,0.5769820971867008,23331,11859,1.967366557045282,0.8560586896028333
train,training_Utrecht_Utrecht_2,Utrecht,1.3,5,0.5840120140934558,22767,11859,1.9198077409562357,0.8526013997807572
train,training_Utrecht_Utrecht_2,Utrecht,1.35,0,0.6603282016579259,17696,11859,1.4922000168648284,0.8228349776541024
train,training_Utrecht_Utrecht_2,Utrecht,1.35,2,0.6673746231844341,17333,11859,1.461590353318155,0.8214014672400708
train,training_Utrecht_Utrecht_2,Utrecht,1.35,3,0.6733125649013499,17031,11859,1.4361244624335947,0.820136605110043
train,training_Utrecht_Utrecht_2,Utrecht,1.35,5,0.6771383592793423,16726,11859,1.4104055991230289,0.816089046293954
train,training_Utrecht_Utrecht_2,Utrecht,1.4,0,0.7210793899100508,13711,11859,1.1561683109874357,0.7773842651151025
train,training_Utrecht_Utrecht_2,Utrecht,1.4,2,0.7273876293546093,13459,11859,1.134918627202968,0.776456699553082
train,training_Utrecht_Utrecht_2,Utrecht,1.4,3,0.7320646548292061,13259,11859,1.1180537988025971,0.7752761615650561
train,training_Utrecht_Utrecht_2,Utrecht,1.4,5,0.733319943763808,13036,11859,1.0992495151361834,0.7697107681929336
train,training_Utrecht_Utrecht_2,Utrecht,1.5,0,0.7453017282085183,9319,11859,0.785816679315288,0.6654861286786407
train,training_Utrecht_Utrecht_2,Utrecht,1.5,2,0.7478979620920622,9192,11859,0.7751075132810523,0.6637996458386036
train,training_Utrecht_Utrecht_2,Utrecht,1.5,3,0.7497016279180789,9088,11859,0.7663378025128594,0.6621131629985665
train,training_Utrecht_Utrecht_2,Utrecht,1.5,5,0.7501919385796545,8981,11859,0.7573151193186609,0.6591618180285016
train,training_Utrecht_Utrecht_2,Utrecht,1.6,0,0.686897423739529,7122,11859,0.6005565393372122,0.5497090817100936
train,training_Utrecht_Utrecht_2,Utrecht,1.6,2,0.687272150895546,7068,11859,0.5960030356691121,0.5484442195800657
train,training_Utrecht_Utrecht_2,Utrecht,1.6,3,0.6872517345479583,7022,11859,0.5921241251370267,0.5470950333080361
train,training_Utrecht_Utrecht_2,Utrecht,1.6,5,0.6866354543519898,6937,11859,0.584956573066869,0.5441436883379711
train,training_Utrecht_Utrecht_21,Utrecht,1.05,0,0.1323717418442703,123953,9021,13.740494401951004,0.9756124598159849
train,training_Utrecht_Utrecht_21,Utrecht,1.05,2,0.13295465703862044,123370,9021,13.675867420463364,0.9756124598159849
train,training_Utrecht_Utrecht_21,Utrecht,1.05,3,0.13341620367914017,122912,9021,13.62509699589846,0.9756124598159849
train,training_Utrecht_Utrecht_21,Utrecht,1.05,5,0.13404339611141586,122235,9021,13.550049883604922,0.9751690499944574
train,training_Utrecht_Utrecht_21,Utrecht,1.1,0,0.19994985869267937,78731,9021,8.727524664671323,0.9725085910652921
train,training_Utrecht_Utrecht_21,Utrecht,1.1,2,0.2016572998195589,77988,9021,8.64516129032258,0.9725085910652921
train,training_Utrecht_Utrecht_21,Utrecht,1.1,3,0.20311468766282637,77344,9021,8.573772309056645,0.9722868861545283
train,training_Utrecht_Utrecht_21,Utrecht,1.1,5,0.20529584065612186,76329,9021,8.46125706684403,0.9711783616007095
train,training_Utrecht_Utrecht_21,Utrecht,1.15,0,0.29922779922779924,48995,9021,5.431216051435539,0.9621993127147767
train,training_Utrecht_Utrecht_21,Utrecht,1.15,2,0.3037739812351211,48107,9021,5.332779071056424,0.961866755348631
train,training_Utrecht_Utrecht_21,Utrecht,1.15,3,0.3076186762151239,47393,9021,5.253630417913757,0.961866755348631
train,training_Utrecht_Utrecht_21,Utrecht,1.15,5,0.3118180670526069,46428,9021,5.146657798470236,0.9583194767764106
train,training_Utrecht_Utrecht_21,Utrecht,1.2,0,0.42468194643829515,31381,9021,3.4786609023389867,0.9510032147212061
train,training_Utrecht_Utrecht_21,Utrecht,1.2,2,0.4320185381089114,30681,9021,3.401064183571666,0.9506706573550604
train,training_Utrecht_Utrecht_21,Utrecht,1.2,3,0.4370374151396049,30161,9021,3.343420906773085,0.949118722979714
train,training_Utrecht_Utrecht_21,Utrecht,1.2,5,0.4427072511946811,29483,9021,3.268262942024166,0.9447954772198204
train,training_Utrecht_Utrecht_21,Utrecht,1.25,0,0.54875,21379,9021,2.369914643609356,0.924620330340317
train,training_Utrecht_Utrecht_21,Utrecht,1.25,2,0.5571304405963763,20893,9021,2.316040350293759,0.923733510697262
train,training_Utrecht_Utrecht_21,Utrecht,1.25,3,0.5633554682206261,20495,9021,2.271921073051768,0.9216273140450061
train,training_Utrecht_Utrecht_21,Utrecht,1.25,5,0.5696686052513851,20038,9021,2.221261500942246,0.9175257731958762
train,training_Utrecht_Utrecht_21,Utrecht,1.3,0,0.649500788229112,15718,9021,1.7423788936924953,0.8905886265380778
train,training_Utrecht_Utrecht_21,Utrecht,1.3,2,0.6569660204123458,15376,9021,1.70446735395189,0.88837157743044
train,training_Utrecht_Utrecht_21,Utrecht,1.3,3,0.6623338990768721,15136,9021,1.6778627646602373,0.8868196430550936
train,training_Utrecht_Utrecht_21,Utrecht,1.3,5,0.6686554621848739,14779,9021,1.6382884380889036,0.8820529874736726
train,training_Utrecht_Utrecht_21,Utrecht,1.35,0,0.7075568873490027,12337,9021,1.3675867420463363,0.8376011528655359
train,training_Utrecht_Utrecht_21,Utrecht,1.35,2,0.7135621301775148,12104,9021,1.3417581199423567,0.8354949562132801
train,training_Utrecht_Utrecht_21,Utrecht,1.35,3,0.7176723109945147,11944,9021,1.3240217270812549,0.8339430218379337
train,training_Utrecht_Utrecht_21,Utrecht,1.35,5,0.7222999372919782,11710,9021,1.2980822525218934,0.8299523334441858
train,training_Utrecht_Utrecht_21,Utrecht,1.4,0,0.7318379996848243,10016,9021,1.1102981931049773,0.7721982041902228
train,training_Utrecht_Utrecht_21,Utrecht,1.4,2,0.7366191963576685,9868,9021,1.093892029708458,0.7712005320917859
train,training_Utrecht_Utrecht_21,Utrecht,1.4,3,0.739072565617846,9762,9021,1.082141669437978,0.7694268928056757
train,training_Utrecht_Utrecht_21,Utrecht,1.4,5,0.7402953020134229,9604,9021,1.06462698148764,0.764216827402727
train,training_Utrecht_Utrecht_21,Utrecht,1.5,0,0.6944270507201001,6949,9021,0.7703137124487307,0.6146768650925618
train,training_Utrecht_Utrecht_21,Utrecht,1.5,2,0.6961666771574243,6866,9021,0.7611129586520341,0.6130140782618335
train,training_Utrecht_Utrecht_21,Utrecht,1.5,3,0.6975007908889592,6784,9021,0.7520230573107194,0.6110187340649595
train,training_Utrecht_Utrecht_21,Utrecht,1.5,5,0.6950517836593786,6621,9021,0.7339541070834719,0.6025939474559362
train,training_Utrecht_Utrecht_21,Utrecht,1.6,0,0.5823022936111714,4800,9021,0.5320917858330562,0.4460702804567121
train,training_Utrecht_Utrecht_21,Utrecht,1.6,2,0.5822968943195869,4728,9021,0.5241104090455604,0.4437423788936925
train,training_Utrecht_Utrecht_21,Utrecht,1.6,3,0.5814276320596187,4666,9021,0.5172375568118834,0.4410819199645272
train,training_Utrecht_Utrecht_21,Utrecht,1.6,5,0.5795588235294118,4579,9021,0.5075933931936593,0.4368695266600155
train,training_Utrecht_Utrecht_23,Utrecht,1.05,0,0.005582778080250274,115381,332,347.5331325301205,0.9728915662650602
train,training_Utrecht_Utrecht_23,Utrecht,1.05,2,0.005616658696691736,114683,332,345.4307228915663,0.9728915662650602
train,training_Utrecht_Utrecht_23,Utrecht,1.05,3,0.005646112834855569,114083,332,343.6234939759036,0.9728915662650602
train,training_Utrecht_Utrecht_23,Utrecht,1.05,5,0.005686119179649679,113278,332,341.19879518072287,0.9728915662650602
train,training_Utrecht_Utrecht_23,Utrecht,1.1,0,0.008635555496143409,74475,332,224.3222891566265,0.9728915662650602
train,training_Utrecht_Utrecht_23,Utrecht,1.1,2,0.008730201632520676,73664,332,221.87951807228916,0.9728915662650602
train,training_Utrecht_Utrecht_23,Utrecht,1.1,3,0.008807089297886844,73018,332,219.93373493975903,0.9728915662650602
train,training_Utrecht_Utrecht_23,Utrecht,1.1,5,0.008885700093824162,72144,332,217.3012048192771,0.9698795180722891
train,training_Utrecht_Utrecht_23,Utrecht,1.15,0,0.014570135746606335,43868,332,132.13253012048193,0.9698795180722891
train,training_Utrecht_Utrecht_23,Utrecht,1.15,2,0.014853426205687663,43025,332,129.59337349397592,0.9698795180722891
train,training_Utrecht_Utrecht_23,Utrecht,1.15,3,0.015032664434401854,42375,332,127.6355421686747,0.9668674698795181
train,training_Utrecht_Utrecht_23,Utrecht,1.15,5,0.015308677301666787,41605,332,125.31626506024097,0.9668674698795181
train,training_Utrecht_Utrecht_23,Utrecht,1.2,0,0.025599083994438537,24122,332,72.6566265060241,0.9427710843373494
train,training_Utrecht_Utrecht_23,Utrecht,1.2,2,0.0263747411133184,23327,332,70.26204819277109,0.9397590361445783
train,training_Utrecht_Utrecht_23,Utrecht,1.2,3,0.02712925524977175,22669,332,68.28012048192771,0.9397590361445783
train,training_Utrecht_Utrecht_23,Utrecht,1.2,5,0.027994616419919245,21958,332,66.13855421686748,0.9397590361445783
train,training_Utrecht_Utrecht_23,Utrecht,1.25,0,0.04444103900084285,12719,332,38.31024096385542,0.8734939759036144
train,training_Utrecht_Utrecht_23,Utrecht,1.25,2,0.04671839637892014,12040,332,36.265060240963855,0.8704819277108434
train,training_Utrecht_Utrecht_23,Utrecht,1.25,3,0.04862758386987462,11472,332,34.55421686746988,0.8644578313253012
train,training_Utrecht_Utrecht_23,Utrecht,1.25,5,0.049360795454545456,10932,332,32.9277108433735,0.8373493975903614
train,training_Utrecht_Utrecht_23,Utrecht,1.3,0,0.07404360345536816,6961,332,20.966867469879517,0.8132530120481928
train,training_Utrecht_Utrecht_23,Utrecht,1.3,2,0.07937444673945117,6446,332,19.41566265060241,0.8102409638554217
train,training_Utrecht_Utrecht_23,Utrecht,1.3,3,0.08135910224438903,6084,332,18.325301204819276,0.786144578313253
train,training_Utrecht_Utrecht_23,Utrecht,1.3,5,0.08573342263898191,5640,332,16.987951807228917,0.7710843373493976
train,training_Utrecht_Utrecht_23,Utrecht,1.35,0,0.11366219595362582,4067,332,12.25,0.7530120481927711
train,training_Utrecht_Utrecht_23,Utrecht,1.35,2,0.1221449851042701,3696,332,11.132530120481928,0.7409638554216867
train,training_Utrecht_Utrecht_23,Utrecht,1.35,3,0.12955032119914348,3404,332,10.25301204819277,0.7289156626506024
train,training_Utrecht_Utrecht_23,Utrecht,1.35,5,0.13938506588579794,3083,332,9.286144578313253,0.7168674698795181
train,training_Utrecht_Utrecht_23,Utrecht,1.4,0,0.1488562649368385,2597,332,7.822289156626506,0.6566265060240963
train,training_Utrecht_Utrecht_23,Utrecht,1.4,2,0.16371180686533385,2319,332,6.984939759036145,0.6536144578313253
train,training_Utrecht_Utrecht_23,Utrecht,1.4,3,0.17147501015847216,2129,332,6.412650602409639,0.6355421686746988
train,training_Utrecht_Utrecht_23,Utrecht,1.4,5,0.18125,1908,332,5.746987951807229,0.6114457831325302
train,training_Utrecht_Utrecht_23,Utrecht,1.5,0,0.18050541516245489,1330,332,4.006024096385542,0.45180722891566266
train,training_Utrecht_Utrecht_23,Utrecht,1.5,2,0.19427811044577512,1171,332,3.5271084337349397,0.4397590361445783
train,training_Utrecht_Utrecht_23,Utrecht,1.5,3,0.2046908315565032,1075,332,3.2379518072289155,0.43373493975903615
train,training_Utrecht_Utrecht_23,Utrecht,1.5,5,0.2152395915161037,941,332,2.8343373493975905,0.4126506024096386
train,training_Utrecht_Utrecht_23,Utrecht,1.6,0,0.15568862275449102,837,332,2.5210843373493974,0.2740963855421687
train,training_Utrecht_Utrecht_23,Utrecht,1.6,2,0.16522574447646493,709,332,2.1355421686746987,0.25903614457831325
train,training_Utrecht_Utrecht_23,Utrecht,1.6,3,0.17740232312565998,615,332,1.8524096385542168,0.25301204819277107
train,training_Utrecht_Utrecht_23,Utrecht,1.6,5,0.17253948967193194,491,332,1.4789156626506024,0.21385542168674698
train,training_Utrecht_Utrecht_25,Utrecht,1.05,0,0.15633159570051205,99642,8743,11.396774562507149,0.9690037744481299
train,training_Utrecht_Utrecht_25,Utrecht,1.05,2,0.15719308662133202,99048,8743,11.328834496168364,0.9690037744481299
train,training_Utrecht_Utrecht_25,Utrecht,1.05,3,0.157871198568873,98585,8743,11.27587784513325,0.9690037744481299
train,training_Utrecht_Utrecht_25,Utrecht,1.05,5,0.1586828870845391,98036,8743,11.2130847535171,0.9690037744481299
train,training_Utrecht_Utrecht_25,Utrecht,1.1,0,0.23400193664407248,63547,8743,7.268328948873385,0.9674024934233101
train,training_Utrecht_Utrecht_25,Utrecht,1.1,2,0.23604599240901988,62921,8743,7.1967288116207255,0.9674024934233101
train,training_Utrecht_Utrecht_25,Utrecht,1.1,3,0.2376148593587546,62431,8743,7.14068397575203,0.967173738991193
train,training_Utrecht_Utrecht_25,Utrecht,1.1,5,0.23941344981138496,61771,8743,7.06519501315338,0.9654580807503146
train,training_Utrecht_Utrecht_25,Utrecht,1.15,0,0.3481008736600781,39674,8743,4.5378016699073545,0.9638567997254947
train,training_Utrecht_Utrecht_25,Utrecht,1.15,2,0.3523656206226088,39088,8743,4.470776621297038,0.9638567997254947
train,training_Utrecht_Utrecht_25,Utrecht,1.15,3,0.3561389047407689,38570,8743,4.411529223378703,0.9636280452933775
train,training_Utrecht_Utrecht_25,Utrecht,1.15,5,0.3603951061687129,37928,8743,4.338099050669107,0.9619123870524992
train,training_Utrecht_Utrecht_25,Utrecht,1.2,0,0.4888499196258951,25472,8743,2.913416447443669,0.9565366578977468
train,training_Utrecht_Utrecht_25,Utrecht,1.2,2,0.4959810173513273,24972,8743,2.8562278394143887,0.9563079034656297
train,training_Utrecht_Utrecht_25,Utrecht,1.2,3,0.5021782892167173,24540,8743,2.8068168820770905,0.9558503946013954
train,training_Utrecht_Utrecht_25,Utrecht,1.2,5,0.5091562814223468,24076,8743,2.753745853825918,0.9556216401692783
train,training_Utrecht_Utrecht_25,Utrecht,1.25,0,0.6199924840285607,17867,8743,2.043577719318312,0.9434976552670707
train,training_Utrecht_Utrecht_25,Utrecht,1.25,2,0.6275106512477175,17545,8743,2.006748255747455,0.9433832780510122
train,training_Utrecht_Utrecht_25,Utrecht,1.25,3,0.6344806344806345,17231,8743,1.9708338099050668,0.9424682603225437
train,training_Utrecht_Utrecht_25,Utrecht,1.25,5,0.6426006868560724,16881,8743,1.9308017842845706,0.9416676198101338
train,training_Utrecht_Utrecht_25,Utrecht,1.3,0,0.7190831556503199,13769,8743,1.5748598879103282,0.9257691867779938
train,training_Utrecht_Utrecht_25,Utrecht,1.3,2,0.726064904169846,13536,8743,1.5482099965686835,0.9250829234816424
train,training_Utrecht_Utrecht_25,Utrecht,1.3,3,0.731683033896004,13354,8743,1.5273933432460254,0.9246254146174082
train,training_Utrecht_Utrecht_25,Utrecht,1.3,5,0.7380680520666819,13152,8743,1.504289145602196,0.924167905753174
train,training_Utrecht_Utrecht_25,Utrecht,1.35,0,0.7878606369172407,11291,8743,1.2914331465172137,0.9026649891341645
train,training_Utrecht_Utrecht_25,Utrecht,1.35,2,0.7915495784825372,11185,8743,1.2793091616150063,0.9020931030538717
train,training_Utrecht_Utrecht_25,Utrecht,1.35,3,0.7952597075138679,11087,8743,1.2681001944412673,0.9018643486217546
train,training_Utrecht_Utrecht_25,Utrecht,1.35,5,0.8004469500736452,10946,8743,1.25197300697701,0.9012924625414618
train,training_Utrecht_Utrecht_25,Utrecht,1.4,0,0.8275336274029298,9620,8743,1.100308818483358,0.8690380876129475
train,training_Utrecht_Utrecht_25,Utrecht,1.4,2,0.8304259856728824,9544,8743,1.0916161500629076,0.8684662015326547
train,training_Utrecht_Utrecht_25,Utrecht,1.4,3,0.8327753690796333,9478,8743,1.0840672538030425,0.8677799382363033
train,training_Utrecht_Utrecht_25,Utrecht,1.4,5,0.8358784938530238,9396,8743,1.0746883220862404,0.8670936749399519
train,training_Utrecht_Utrecht_25,Utrecht,1.5,0,0.8008791208791208,7182,8743,0.8214571657325861,0.7293835068054444
train,training_Utrecht_Utrecht_25,Utrecht,1.5,2,0.8019889224572004,7145,8743,0.8172252087384193,0.728697243509093
train,training_Utrecht_Utrecht_25,Utrecht,1.5,3,0.803409090909091,7097,8743,0.8117351023676084,0.7277822257806245
train,training_Utrecht_Utrecht_25,Utrecht,1.5,5,0.8045146154333904,7028,8743,0.8038430744595677,0.7256090586755118
train,training_Utrecht_Utrecht_25,Utrecht,1.6,0,0.6776847678328682,5234,8743,0.5986503488505089,0.5416904952533456
train,training_Utrecht_Utrecht_25,Utrecht,1.6,2,0.6779442333882876,5208,8743,0.5956765412329864,0.5408898547409356
train,training_Utrecht_Utrecht_25,Utrecht,1.6,3,0.6785432081028662,5178,8743,0.5922452247512295,0.5402035914445842
train,training_Utrecht_Utrecht_25,Utrecht,1.6,5,0.6797291456562455,5139,8743,0.5877845133249456,0.5396317053642914
train,training_Utrecht_Utrecht_29,Utrecht,1.05,0,0.2445738825282623,108731,16082,6.761037184429798,0.9490734983211043
train,training_Utrecht_Utrecht_29,Utrecht,1.05,2,0.24536021155345503,108331,16082,6.736164656137296,0.9490734983211043
train,training_Utrecht_Utrecht_29,Utrecht,1.05,3,0.24596517521171246,108025,16082,6.717137171993533,0.9490734983211043
train,training_Utrecht_Utrecht_29,Utrecht,1.05,5,0.24681814506347538,107588,16082,6.689963934833976,0.9490113170003731
train,training_Utrecht_Utrecht_29,Utrecht,1.1,0,0.3430903999910039,72845,16082,4.529598308668076,0.9485760477552543
train,training_Utrecht_Utrecht_29,Utrecht,1.1,2,0.3448938527277249,72380,16082,4.5006839945280435,0.9485760477552543
train,training_Utrecht_Utrecht_29,Utrecht,1.1,3,0.3463984013080207,71990,16082,4.476433279442856,0.9485138664345231
train,training_Utrecht_Utrecht_29,Utrecht,1.1,5,0.34823314494491064,71503,16082,4.446150976246735,0.9482651411515981
train,training_Utrecht_Utrecht_29,Utrecht,1.15,0,0.47363180983790176,48200,16082,2.9971396592463626,0.9465862454918542
train,training_Utrecht_Utrecht_29,Utrecht,1.15,2,0.4776803225958295,47651,16082,2.963002114164905,0.946524064171123
train,training_Utrecht_Utrecht_29,Utrecht,1.15,3,0.48058980471401735,47261,16082,2.9387513990797163,0.9464618828503918
train,training_Utrecht_Utrecht_29,Utrecht,1.15,5,0.48370628369674123,46795,16082,2.909774903618953,0.9455913443601542
train,training_Utrecht_Utrecht_29,Utrecht,1.2,0,0.6091368514305273,33585,16082,2.0883596567591094,0.940616838701654
train,training_Utrecht_Utrecht_29,Utrecht,1.2,2,0.6144221003453179,33148,16082,2.061186419599552,0.9404302947394603
train,training_Utrecht_Utrecht_29,Utrecht,1.2,3,0.6186334895332419,32787,16082,2.0387389628155703,0.9399328441736102
train,training_Utrecht_Utrecht_29,Utrecht,1.2,5,0.6236461347664324,32298,16082,2.0083322969779878,0.9380674045516727
train,training_Utrecht_Utrecht_29,Utrecht,1.25,0,0.7224772313296903,25093,16082,1.5603158811093147,0.9248849645566471
train,training_Utrecht_Utrecht_29,Utrecht,1.25,2,0.7281096963761019,24758,16082,1.5394851386643453,0.9245118766322596
train,training_Utrecht_Utrecht_29,Utrecht,1.25,3,0.7325068395238212,24491,16082,1.522882726029101,0.9240144260664096
train,training_Utrecht_Utrecht_29,Utrecht,1.25,5,0.7377583248364875,24129,16082,1.5003730879243875,0.9223355304066658
train,training_Utrecht_Utrecht_29,Utrecht,1.3,0,0.7926361403218238,20149,16082,1.2528914314140032,0.8928615843800523
train,training_Utrecht_Utrecht_29,Utrecht,1.3,2,0.7965255036909585,19952,16082,1.2406417112299466,0.8923641338142022
train,training_Utrecht_Utrecht_29,Utrecht,1.3,3,0.7995314591700133,19774,16082,1.2295734361397836,0.8913070513617709
train,training_Utrecht_Utrecht_29,Utrecht,1.3,5,0.8034231200897868,19558,16082,1.216142270861833,0.8902499689093396
train,training_Utrecht_Utrecht_29,Utrecht,1.35,0,0.8224705527031109,17028,16082,1.0588235294117647,0.8466608630767317
train,training_Utrecht_Utrecht_29,Utrecht,1.35,2,0.8250060635459617,16902,16082,1.0509886829996269,0.8460390498694192
train,training_Utrecht_Utrecht_29,Utrecht,1.35,3,0.8267112868877395,16788,16082,1.043900012436264,0.8448576047755254
train,training_Utrecht_Utrecht_29,Utrecht,1.35,5,0.8291893212780256,16656,16082,1.0356920780997387,0.8439870662852879
train,training_Utrecht_Utrecht_29,Utrecht,1.4,0,0.8218582779309227,14753,16082,0.9173610247481656,0.7878995149856983
train,training_Utrecht_Utrecht_29,Utrecht,1.4,2,0.8224894377640559,14688,16082,0.9133192389006343,0.786842432533267
train,training_Utrecht_Utrecht_29,Utrecht,1.4,3,0.8235025744639249,14604,16082,0.9080960079592091,0.7856609874393732
train,training_Utrecht_Utrecht_29,Utrecht,1.4,5,0.8246411405028937,14501,16082,0.9016913319238901,0.784106454421092
train,training_Utrecht_Utrecht_29,Utrecht,1.5,0,0.7586785297549592,11342,16082,0.7052605397338639,0.646872279567218
train,training_Utrecht_Utrecht_29,Utrecht,1.5,2,0.7588398597311514,11294,16082,0.7022758363387638,0.645877378435518
train,training_Utrecht_Utrecht_29,Utrecht,1.5,3,0.7590925722649103,11248,16082,0.6994154955851263,0.6450068399452804
train,training_Utrecht_Utrecht_29,Utrecht,1.5,5,0.7590635549684427,11170,16082,0.6945653525680886,0.6431414003233429
train,training_Utrecht_Utrecht_29,Utrecht,1.6,0,0.6440941658137155,8343,16082,0.5187787588608382,0.48911826887203086
train,training_Utrecht_Utrecht_29,Utrecht,1.6,2,0.6440427886388786,8317,16082,0.5171620445218257,0.48855863698544955
train,training_Utrecht_Utrecht_29,Utrecht,1.6,3,0.6431768715863825,8269,16082,0.5141773411267255,0.486941922646437
train,training_Utrecht_Utrecht_29,Utrecht,1.6,5,0.6427454530491318,8220,16082,0.5111304564108942,0.4856361149110807
train,training_Utrecht_Utrecht_31,Utrecht,1.05,0,0.3033984110832317,133552,24669,5.41375815801208,0.9729620171064899
train,training_Utrecht_Utrecht_31,Utrecht,1.05,2,0.30462096886779283,132917,24669,5.388017349710163,0.9729620171064899
train,training_Utrecht_Utrecht_31,Utrecht,1.05,3,0.30566451021343793,132379,24669,5.366208601889011,0.9729620171064899
train,training_Utrecht_Utrecht_31,Utrecht,1.05,5,0.30683453007410627,131728,24669,5.339819206291296,0.9726377234585918
train,training_Utrecht_Utrecht_31,Utrecht,1.1,0,0.3852707627698175,99628,24669,4.038590944099883,0.9706108881592281
train,training_Utrecht_Utrecht_31,Utrecht,1.1,2,0.3872637427515427,98978,24669,4.012242085208156,0.9705298147472536
train,training_Utrecht_Utrecht_31,Utrecht,1.1,3,0.38887579925741167,98414,24669,3.9893793830313347,0.9701244476873809
train,training_Utrecht_Utrecht_31,Utrecht,1.1,5,0.3907638525875588,97763,24669,3.962989987433621,0.969678543921521
train,training_Utrecht_Utrecht_31,Utrecht,1.15,0,0.4850372541834616,73575,24669,2.982488143013499,0.9658275568527301
train,training_Utrecht_Utrecht_31,Utrecht,1.15,2,0.48785033330944017,72988,24669,2.9586930965989704,0.9656248733227938
train,training_Utrecht_Utrecht_31,Utrecht,1.15,3,0.4899025750234046,72534,24669,2.9402894320807493,0.9651789695569338
train,training_Utrecht_Utrecht_31,Utrecht,1.15,5,0.4922328589909444,71956,24669,2.9168592160201063,0.964003405083303
train,training_Utrecht_Utrecht_31,Utrecht,1.2,0,0.5972348599737135,54459,24669,2.2075884713608174,0.9578418257732376
train,training_Utrecht_Utrecht_31,Utrecht,1.2,2,0.6007094994087505,53978,24669,2.1880903157809395,0.9575580688313268
train,training_Utrecht_Utrecht_31,Utrecht,1.2,3,0.6032902557809564,53562,24669,2.1712270460902348,0.9565851878876322
train,training_Utrecht_Utrecht_31,Utrecht,1.2,5,0.6067375247703116,53045,24669,2.1502695690948155,0.9556933803559122
train,training_Utrecht_Utrecht_31,Utrecht,1.25,0,0.7071747652475158,41145,24669,1.6678827678462849,0.9433296850297945
train,training_Utrecht_Utrecht_31,Utrecht,1.25,2,0.7116859263794291,40666,24669,1.6484656856783817,0.9424378774980745
train,training_Utrecht_Utrecht_31,Utrecht,1.25,3,0.715207316509877,40280,24669,1.632818517167295,0.9415055332603672
train,training_Utrecht_Utrecht_31,Utrecht,1.25,5,0.7190279887177262,39857,24669,1.6156714905346792,0.9403705054927236
train,training_Utrecht_Utrecht_31,Utrecht,1.3,0,0.7905239084513189,32612,24669,1.3219830556568972,0.9177915602578135
train,training_Utrecht_Utrecht_31,Utrecht,1.3,2,0.7954361660982384,32213,24669,1.305808909967976,0.9170618995500426
train,training_Utrecht_Utrecht_31,Utrecht,1.3,3,0.7986641221374046,31923,24669,1.2940532652316672,0.9160890186063481
train,training_Utrecht_Utrecht_31,Utrecht,1.3,5,0.8032244287849669,31527,24669,1.2780007296607079,0.9148729174267299
train,training_Utrecht_Utrecht_31,Utrecht,1.35,0,0.837305419290046,27109,24669,1.0989095626089425,0.8787141756860838
train,training_Utrecht_Utrecht_31,Utrecht,1.35,2,0.8415491589946782,26817,24669,1.0870728444606592,0.8781871985082492
train,training_Utrecht_Utrecht_31,Utrecht,1.35,3,0.8447401279850164,26587,24669,1.0777494020835867,0.8775791479184402
train,training_Utrecht_Utrecht_31,Utrecht,1.35,5,0.8479877558228519,26294,24669,1.0658721472293162,0.875917142972962
train,training_Utrecht_Utrecht_31,Utrecht,1.4,0,0.8454182604357225,23435,24669,0.949977704811707,0.8242733795451782
train,training_Utrecht_Utrecht_31,Utrecht,1.4,2,0.8487937336814622,23206,24669,0.9406947991406218,0.8236247922493818
train,training_Utrecht_Utrecht_31,Utrecht,1.4,3,0.8507828711563856,23040,24669,0.9339657059467348,0.8226924480116746
train,training_Utrecht_Utrecht_31,Utrecht,1.4,5,0.8531992341195531,22858,24669,0.9265880254570513,0.8218817138919291
train,training_Utrecht_Utrecht_31,Utrecht,1.5,0,0.8022804911827163,18655,24669,0.7562122501925493,0.704487413352791
train,training_Utrecht_Utrecht_31,Utrecht,1.5,2,0.8032472188172167,18568,24669,0.7526855567716567,0.7039198994689692
train,training_Utrecht_Utrecht_31,Utrecht,1.5,3,0.8038439272895681,18516,24669,0.7505776480603186,0.703595605821071
train,training_Utrecht_Utrecht_31,Utrecht,1.5,5,0.8041883358098069,18403,24669,0.7459970002837569,0.7020552109935546
train,training_Utrecht_Utrecht_31,Utrecht,1.6,0,0.7138019912063476,14905,24669,0.6041996027402813,0.5725404353642223
train,training_Utrecht_Utrecht_31,Utrecht,1.6,2,0.7142567943721848,14849,24669,0.6019295472049941,0.5720945315983623
train,training_Utrecht_Utrecht_31,Utrecht,1.6,3,0.7141625678211044,14773,24669,0.5988487575499615,0.5709189671247314
train,training_Utrecht_Utrecht_31,Utrecht,1.6,5,0.7143437833443422,14693,24669,0.5956058210709798,0.5699055494750497
train,training_Utrecht_Utrecht_35,Utrecht,1.05,0,0.013481188649535998,148217,1028,144.17996108949416,0.9785992217898832
train,training_Utrecht_Utrecht_35,Utrecht,1.05,2,0.01350915829618091,147908,1028,143.87937743190662,0.9785992217898832
train,training_Utrecht_Utrecht_35,Utrecht,1.05,3,0.013526414155674774,147718,1028,143.6945525291829,0.9785992217898832
train,training_Utrecht_Utrecht_35,Utrecht,1.05,5,0.013488954404103227,147538,1028,143.51945525291828,0.9747081712062257
train,training_Utrecht_Utrecht_35,Utrecht,1.1,0,0.019281940534495393,102696,1028,99.8988326848249,0.9727626459143969
train,training_Utrecht_Utrecht_35,Utrecht,1.1,2,0.01937158575801015,102216,1028,99.43190661478599,0.9727626459143969
train,training_Utrecht_Utrecht_35,Utrecht,1.1,3,0.019390851096934808,101804,1028,99.03112840466926,0.9698443579766537
train,training_Utrecht_Utrecht_35,Utrecht,1.1,5,0.019331131135044272,101294,1028,98.53501945525292,0.9620622568093385
train,training_Utrecht_Utrecht_35,Utrecht,1.15,0,0.029771095354449925,65681,1028,63.8920233463035,0.9659533073929961
train,training_Utrecht_Utrecht_35,Utrecht,1.15,2,0.030081793395940623,64992,1028,63.221789883268485,0.9659533073929961
train,training_Utrecht_Utrecht_35,Utrecht,1.15,3,0.030204929297865193,64458,1028,62.702334630350194,0.9620622568093385
train,training_Utrecht_Utrecht_35,Utrecht,1.15,5,0.03020569522515288,63728,1028,61.992217898832685,0.9513618677042801
train,training_Utrecht_Utrecht_35,Utrecht,1.2,0,0.04857292159155946,39159,1028,38.09241245136187,0.9494163424124513
train,training_Utrecht_Utrecht_35,Utrecht,1.2,2,0.049442190669371194,38412,1028,37.36575875486381,0.9484435797665369
train,training_Utrecht_Utrecht_35,Utrecht,1.2,3,0.04977328936521022,37788,1028,36.75875486381323,0.9396887159533074
train,training_Utrecht_Utrecht_35,Utrecht,1.2,5,0.050128872757877016,36994,1028,35.9863813229572,0.9270428015564203
train,training_Utrecht_Utrecht_35,Utrecht,1.25,0,0.08324607329842931,21892,1028,21.295719844357976,0.9280155642023347
train,training_Utrecht_Utrecht_35,Utrecht,1.25,2,0.08550236008091706,21217,1028,20.639105058365757,0.9250972762645915
train,training_Utrecht_Utrecht_35,Utrecht,1.25,3,0.08684488055389977,20781,1028,20.214980544747082,0.9212062256809338
train,training_Utrecht_Utrecht_35,Utrecht,1.25,5,0.08717027512527181,20126,1028,19.57782101167315,0.896887159533074
train,training_Utrecht_Utrecht_35,Utrecht,1.3,0,0.14261141516810008,11762,1028,11.441634241245136,0.8871595330739299
train,training_Utrecht_Utrecht_35,Utrecht,1.3,2,0.14865637507146942,11215,1028,10.90953307392996,0.8852140077821011
train,training_Utrecht_Utrecht_35,Utrecht,1.3,3,0.1525065516949869,10801,1028,10.506809338521402,0.877431906614786
train,training_Utrecht_Utrecht_35,Utrecht,1.3,5,0.15636042402826855,10292,1028,10.011673151750973,0.8608949416342413
train,training_Utrecht_Utrecht_35,Utrecht,1.35,0,0.22821466524973433,6500,1028,6.3229571984435795,0.835603112840467
train,training_Utrecht_Utrecht_35,Utrecht,1.35,2,0.23880179171332586,6116,1028,5.9494163424124515,0.8297665369649806
train,training_Utrecht_Utrecht_35,Utrecht,1.35,3,0.2452884894172224,5870,1028,5.71011673151751,0.8229571984435797
train,training_Utrecht_Utrecht_35,Utrecht,1.35,5,0.2540458015267176,5522,1028,5.371595330739299,0.8093385214007782
train,training_Utrecht_Utrecht_35,Utrecht,1.4,0,0.3353367875647668,3797,1028,3.693579766536965,0.7869649805447471
train,training_Utrecht_Utrecht_35,Utrecht,1.4,2,0.3498592768997619,3591,1028,3.4931906614785992,0.7859922178988327
train,training_Utrecht_Utrecht_35,Utrecht,1.4,3,0.3608548931383577,3417,1028,3.3239299610894943,0.7801556420233463
train,training_Utrecht_Utrecht_35,Utrecht,1.4,5,0.370926143024619,3237,1028,3.1488326848249026,0.769455252918288
train,training_Utrecht_Utrecht_35,Utrecht,1.5,0,0.520392749244713,1620,1028,1.575875486381323,0.6702334630350194
train,training_Utrecht_Utrecht_35,Utrecht,1.5,2,0.536833855799373,1524,1028,1.482490272373541,0.6663424124513618
train,training_Utrecht_Utrecht_35,Utrecht,1.5,3,0.5459632294164668,1474,1028,1.433852140077821,0.664396887159533
train,training_Utrecht_Utrecht_35,Utrecht,1.5,5,0.5639316951270305,1373,1028,1.3356031128404668,0.6585603112840467
train,training_Utrecht_Utrecht_35,Utrecht,1.6,0,0.5448884276076803,899,1028,0.8745136186770428,0.5107003891050583
train,training_Utrecht_Utrecht_35,Utrecht,1.6,2,0.5532591414944356,859,1028,0.835603112840467,0.5077821011673151
train,training_Utrecht_Utrecht_35,Utrecht,1.6,3,0.5578890683898762,829,1028,0.806420233463035,0.5038910505836576
train,training_Utrecht_Utrecht_35,Utrecht,1.6,5,0.5727019498607242,767,1028,0.7461089494163424,0.5
train,training_Utrecht_Utrecht_37,Utrecht,1.05,0,0.27456555918202147,165501,27218,6.080571680505548,0.9720405613931957
train,training_Utrecht_Utrecht_37,Utrecht,1.05,2,0.27519347590912874,165054,27218,6.064148725108384,0.9720038210008083
train,training_Utrecht_Utrecht_37,Utrecht,1.05,3,0.27562927154525757,164750,27218,6.052979645822617,0.9720038210008083
train,training_Utrecht_Utrecht_37,Utrecht,1.05,5,0.2762369206992335,164306,27218,6.036666911602616,0.9718935998236461
train,training_Utrecht_Utrecht_37,Utrecht,1.1,0,0.35251347457174875,122694,27218,4.507825703578514,0.9707913880520244
train,training_Utrecht_Utrecht_37,Utrecht,1.1,2,0.3538582076059224,122113,27218,4.486479535601441,0.9707179072672496
train,training_Utrecht_Utrecht_37,Utrecht,1.1,3,0.35478823774317236,121699,27218,4.47126901315306,0.9705709456977001
train,training_Utrecht_Utrecht_37,Utrecht,1.1,5,0.3558592249691726,121189,27218,4.452531413035492,0.9701668013814387
train,training_Utrecht_Utrecht_37,Utrecht,1.15,0,0.4562309845969818,88149,27218,3.2386288485561026,0.966896906458961
train,training_Utrecht_Utrecht_37,Utrecht,1.15,2,0.4587528658977779,87493,27218,3.2145271511499742,0.966713204497024
train,training_Utrecht_Utrecht_37,Utrecht,1.15,3,0.46049487531837796,87033,27218,3.1976265706517744,0.9664927621426996
train,training_Utrecht_Utrecht_37,Utrecht,1.15,5,0.4627806639077221,86352,27218,3.1726063634359614,0.9655007715482401
train,training_Utrecht_Utrecht_37,Utrecht,1.2,0,0.5785588596598015,63141,27218,2.319825115732236,0.9603571166140055
train,training_Utrecht_Utrecht_37,Utrecht,1.2,2,0.5824381546690439,62522,27218,2.297082812844441,0.9601734146520685
train,training_Utrecht_Utrecht_37,Utrecht,1.2,3,0.5850227369458569,62064,27218,2.2802557131310164,0.9595120875890955
train,training_Utrecht_Utrecht_37,Utrecht,1.2,5,0.5891320550172776,61336,27218,2.253508707472996,0.9583731354250863
train,training_Utrecht_Utrecht_37,Utrecht,1.25,0,0.6976014285907547,46701,27218,1.715813064883533,0.9472775369240943
train,training_Utrecht_Utrecht_37,Utrecht,1.25,2,0.7026695388978267,46128,27218,1.6947608200455582,0.9467631714306709
train,training_Utrecht_Utrecht_37,Utrecht,1.25,3,0.705775925875161,45740,27218,1.6805055477992505,0.9459181424057609
train,training_Utrecht_Utrecht_37,Utrecht,1.25,5,0.7107161613090467,45140,27218,1.6584613123668162,0.944705709456977
train,training_Utrecht_Utrecht_37,Utrecht,1.3,0,0.7921658768518665,36299,27218,1.3336395032698949,0.9243147916819752
train,training_Utrecht_Utrecht_37,Utrecht,1.3,2,0.7975382272698432,35826,27218,1.3162612976706591,0.9236534646190021
train,training_Utrecht_Utrecht_37,Utrecht,1.3,3,0.8014865382161541,35478,27218,1.3034756411198472,0.9231023587331912
train,training_Utrecht_Utrecht_37,Utrecht,1.3,5,0.8064993564993564,34942,27218,1.2837827908002057,0.9209346755823352
train,training_Utrecht_Utrecht_37,Utrecht,1.35,0,0.8457354069321431,30138,27218,1.1072819457711809,0.891101476963774
train,training_Utrecht_Utrecht_37,Utrecht,1.35,2,0.8503315440479949,29788,27218,1.094422808435594,0.8904768902931883
train,training_Utrecht_Utrecht_37,Utrecht,1.35,3,0.8529743445164928,29534,27218,1.0850907487691968,0.8892644573444044
train,training_Utrecht_Utrecht_37,Utrecht,1.35,5,0.8561645050831219,29145,27218,1.0707987361305018,0.8864721875229628
train,training_Utrecht_Utrecht_37,Utrecht,1.4,0,0.8632921333607584,26261,27218,0.9648394444852672,0.8481152178705269
train,training_Utrecht_Utrecht_37,Utrecht,1.4,2,0.8659406684190762,26042,27218,0.9567932985524286,0.8472334484532295
train,training_Utrecht_Utrecht_37,Utrecht,1.4,3,0.8678605089538172,25832,27218,0.9490778161510764,0.8457638327577338
train,training_Utrecht_Utrecht_37,Utrecht,1.4,5,0.8697794284848025,25554,27218,0.9388639870673818,0.8431920052906166
train,training_Utrecht_Utrecht_37,Utrecht,1.5,0,0.8205308417397056,21158,27218,0.7773532221324124,0.7291865677125432
train,training_Utrecht_Utrecht_37,Utrecht,1.5,2,0.8214766769587832,21039,27218,0.7729811154383128,0.728231317510471
train,training_Utrecht_Utrecht_37,Utrecht,1.5,3,0.8219570405727924,20967,27218,0.7703358071864207,0.7275699904474979
train,training_Utrecht_Utrecht_37,Utrecht,1.5,5,0.8227410829483498,20836,27218,0.7655228157836725,0.7262840767139394
train,training_Utrecht_Utrecht_37,Utrecht,1.6,0,0.739191887465506,17355,27218,0.6376295098831656,0.6052612241898744
train,training_Utrecht_Utrecht_37,Utrecht,1.6,2,0.7396619920891766,17278,27218,0.6348004996693365,0.6045998971269013
train,training_Utrecht_Utrecht_37,Utrecht,1.6,3,0.7402737752161384,17198,27218,0.6318612682783452,0.604012050848703
train,training_Utrecht_Utrecht_37,Utrecht,1.6,5,0.7398384986691929,17116,27218,0.6288485561025792,0.6025424351532075
train,training_Utrecht_Utrecht_39,Utrecht,1.05,0,0.21243982336741912,129012,16601,7.77133907595928,0.9316908619962653
train,training_Utrecht_Utrecht_39,Utrecht,1.05,2,0.21323792979843936,128467,16601,7.7385097283296185,0.9316908619962653
train,training_Utrecht_Utrecht_39,Utrecht,1.05,3,0.21384021794747687,128021,16601,7.711643876874887,0.9314499126558641
train,training_Utrecht_Utrecht_39,Utrecht,1.05,5,0.21446169434593418,127490,16601,7.67965785193663,0.9307270646346606
train,training_Utrecht_Utrecht_39,Utrecht,1.1,0,0.2896878985670343,90031,16601,5.4232275164146735,0.9303656406240588
train,training_Utrecht_Utrecht_39,Utrecht,1.1,2,0.29142684606820024,89381,16601,5.384073248599482,0.9302451659538582
train,training_Utrecht_Utrecht_39,Utrecht,1.1,3,0.2929889158821743,88775,16601,5.347569423528703,0.9298837419432564
train,training_Utrecht_Utrecht_39,Utrecht,1.1,5,0.29475615349334966,88055,16601,5.304198542256491,0.9291006565869526
train,training_Utrecht_Utrecht_39,Utrecht,1.15,0,0.3919765664798777,61919,16601,3.7298355520751763,0.9269923498584423
train,training_Utrecht_Utrecht_39,Utrecht,1.15,2,0.39548574513483636,61197,16601,3.686344196132763,0.9266911631829408
train,training_Utrecht_Utrecht_39,Utrecht,1.15,3,0.39806302923582876,60633,16601,3.652370339136197,0.9259683151617373
train,training_Utrecht_Utrecht_39,Utrecht,1.15,5,0.40148066760843404,59851,16601,3.605264743087766,0.9244623817842299
train,training_Utrecht_Utrecht_39,Utrecht,1.2,0,0.5122682432545598,43106,16601,2.5965905668333233,0.921209565688814
train,training_Utrecht_Utrecht_39,Utrecht,1.2,2,0.5178961632929618,42434,16601,2.556111077645925,0.9208481416782122
train,training_Utrecht_Utrecht_39,Utrecht,1.2,3,0.5218446187229826,41926,16601,2.525510511414975,0.9198843443166075
train,training_Utrecht_Utrecht_39,Utrecht,1.2,5,0.5266211898799759,41304,16601,2.4880428889825916,0.9184386482742003
train,training_Utrecht_Utrecht_39,Utrecht,1.25,0,0.6318757047988974,31285,16601,1.8845250286127342,0.9113306427323655
train,training_Utrecht_Utrecht_39,Utrecht,1.25,2,0.638349975722519,30768,16601,1.8533823263658815,0.9107282693813625
train,training_Utrecht_Utrecht_39,Utrecht,1.25,3,0.6432633933326233,30344,16601,1.8278416962833564,0.9095235226793567
train,training_Utrecht_Utrecht_39,Utrecht,1.25,5,0.650157470123819,29757,16601,1.7924823805794832,0.9077766399614481
train,training_Utrecht_Utrecht_39,Utrecht,1.3,0,0.7277934157385877,24254,16601,1.4609963255225589,0.8955484609360882
train,training_Utrecht_Utrecht_39,Utrecht,1.3,2,0.734013891291989,23856,16601,1.4370218661526415,0.8944039515691826
train,training_Utrecht_Utrecht_39,Utrecht,1.3,3,0.7383673164538054,23566,16601,1.4195530389735558,0.8932594422022769
train,training_Utrecht_Utrecht_39,Utrecht,1.3,5,0.7445652173913043,23143,16601,1.394072646226131,0.8912716101439673
train,training_Utrecht_Utrecht_39,Utrecht,1.35,0,0.7893573475235366,20044,16601,1.2073971447503162,0.8712125775555689
train,training_Utrecht_Utrecht_39,Utrecht,1.35,2,0.7950262716293912,19750,16601,1.1896873682308295,0.8704294921992651
train,training_Utrecht_Utrecht_39,Utrecht,1.35,3,0.7984841359851733,19550,16601,1.1776399012107703,0.86940545750256
train,training_Utrecht_Utrecht_39,Utrecht,1.35,5,0.8034941810164383,19230,16601,1.158363953978676,0.8671164387687489
train,training_Utrecht_Utrecht_39,Utrecht,1.4,0,0.8187560595822193,17436,16601,1.0502981748087465,0.8393470272875128
train,training_Utrecht_Utrecht_39,Utrecht,1.4,2,0.8232267983324957,17222,16601,1.0374073850972834,0.8386241792663093
train,training_Utrecht_Utrecht_39,Utrecht,1.4,3,0.8260107536464367,17062,16601,1.0277694114812361,0.8374796698994037
train,training_Utrecht_Utrecht_39,Utrecht,1.4,5,0.8286399041342121,16779,16601,1.0107222456478526,0.8330823444370821
train,training_Utrecht_Utrecht_39,Utrecht,1.5,0,0.8151582472069288,14458,16601,0.8709113908800674,0.7625444250346365
train,training_Utrecht_Utrecht_39,Utrecht,1.5,2,0.8166311300639659,14353,16601,0.8645864706945364,0.7613396783326306
train,training_Utrecht_Utrecht_39,Utrecht,1.5,3,0.8174279235503725,14269,16601,0.8595265345461117,0.760014456960424
train,training_Utrecht_Utrecht_39,Utrecht,1.5,5,0.8180428631825425,14148,16601,0.8522378169989759,0.7576049635564123
train,training_Utrecht_Utrecht_39,Utrecht,1.6,0,0.7729155162893429,12375,16601,0.7454370218661527,0.6745376784531052
train,training_Utrecht_Utrecht_39,Utrecht,1.6,2,0.7738074648033484,12308,16601,0.7414011204144328,0.6737545930968014
train,training_Utrecht_Utrecht_39,Utrecht,1.6,3,0.7740929410541636,12256,16601,0.7382687789892175,0.6727907957351966
train,training_Utrecht_Utrecht_39,Utrecht,1.6,5,0.7744808153894319,12146,16601,0.731642672128185,0.6705620143364858
train,training_Utrecht_Utrecht_4,Utrecht,1.05,0,0.15212940642140935,131825,11290,11.676262178919398,0.9642161204605846
train,training_Utrecht_Utrecht_4,Utrecht,1.05,2,0.15259856316803924,131385,11290,11.637289636846766,0.9642161204605846
train,training_Utrecht_Utrecht_4,Utrecht,1.05,3,0.1529179572543318,131087,11290,11.610894596988485,0.9642161204605846
train,training_Utrecht_Utrecht_4,Utrecht,1.05,5,0.15334859961247138,130635,11290,11.570859167404784,0.9638618246235606
train,training_Utrecht_Utrecht_4,Utrecht,1.1,0,0.19403397690284033,100845,11290,8.932240921169177,0.9635961027457928
train,training_Utrecht_Utrecht_4,Utrecht,1.1,2,0.19495716999390703,100314,11290,8.885208148804251,0.9635961027457928
train,training_Utrecht_Utrecht_4,Utrecht,1.1,3,0.19566194852610563,99912,11290,8.849601417183347,0.9635961027457928
train,training_Utrecht_Utrecht_4,Utrecht,1.1,5,0.1965021319650213,99406,11290,8.804782993799822,0.9633303808680248
train,training_Utrecht_Utrecht_4,Utrecht,1.15,0,0.25054797997277406,75392,11290,6.67776793622675,0.9618246235606731
train,training_Utrecht_Utrecht_4,Utrecht,1.15,2,0.25202516073625325,74876,11290,6.632063773250664,0.9617360496014172
train,training_Utrecht_Utrecht_4,Utrecht,1.15,3,0.25307188323346314,74488,11290,6.597697077059345,0.9613817537643933
train,training_Utrecht_Utrecht_4,Utrecht,1.15,5,0.25466363188398994,73944,11290,6.549512843224092,0.9612931798051373
train,training_Utrecht_Utrecht_4,Utrecht,1.2,0,0.3230743984126747,55741,11290,4.937201062887511,0.9590788308237378
train,training_Utrecht_Utrecht_4,Utrecht,1.2,2,0.32551077168242704,55227,11290,4.891674047829938,0.9589016829052258
train,training_Utrecht_Utrecht_4,Utrecht,1.2,3,0.32754838026357597,54801,11290,4.853941541186891,0.958724534986714
train,training_Utrecht_Utrecht_4,Utrecht,1.2,5,0.3299393348169375,54316,11290,4.8109831709477415,0.958635961027458
train,training_Utrecht_Utrecht_4,Utrecht,1.25,0,0.40957477196122866,41223,11290,3.6512843224092117,0.9525243578387954
train,training_Utrecht_Utrecht_4,Utrecht,1.25,2,0.4132285401333615,40749,11290,3.6093002657218776,0.9523472099202834
train,training_Utrecht_Utrecht_4,Utrecht,1.25,3,0.4166230544087147,40301,11290,3.569619131975199,0.9519043401240035
train,training_Utrecht_Utrecht_4,Utrecht,1.25,5,0.4211970905954085,39717,11290,3.5178919397697075,0.9514614703277237
train,training_Utrecht_Utrecht_4,Utrecht,1.3,0,0.498181562214036,31329,11290,2.774933569530558,0.9403011514614703
train,training_Utrecht_Utrecht_4,Utrecht,1.3,2,0.5034052348069576,30851,11290,2.7325952170062,0.9395039858281665
train,training_Utrecht_Utrecht_4,Utrecht,1.3,3,0.5079623554203884,30469,11290,2.6987599645704163,0.9394154118689105
train,training_Utrecht_Utrecht_4,Utrecht,1.3,5,0.5128738747459104,30034,11290,2.6602302922940657,0.9386182462356067
train,training_Utrecht_Utrecht_4,Utrecht,1.35,0,0.5827239360062761,24401,11290,2.161293179805137,0.921080602302923
train,training_Utrecht_Utrecht_4,Utrecht,1.35,2,0.588735026760683,24023,11290,2.1278122232063774,0.920726306465899
train,training_Utrecht_Utrecht_4,Utrecht,1.35,3,0.5935509667837661,23723,11290,2.1012400354295835,0.9203720106288751
train,training_Utrecht_Utrecht_4,Utrecht,1.35,5,0.5979304182399908,23403,11290,2.0728963684676707,0.9186891054030115
train,training_Utrecht_Utrecht_4,Utrecht,1.4,0,0.6490544154128677,19749,11290,1.749247121346324,0.8922054915854739
train,training_Utrecht_Utrecht_4,Utrecht,1.4,2,0.6544414098062167,19466,11290,1.7241806908768822,0.89140832595217
train,training_Utrecht_Utrecht_4,Utrecht,1.4,3,0.6591519758830854,19228,11290,1.7031000885739593,0.8908768821966342
train,training_Utrecht_Utrecht_4,Utrecht,1.4,5,0.664746772591857,18920,11290,1.6758193091231177,0.8893711248892826
train,training_Utrecht_Utrecht_4,Utrecht,1.5,0,0.7070003167564143,13966,11290,1.2370239149689992,0.7907883082373782
train,training_Utrecht_Utrecht_4,Utrecht,1.5,2,0.7110207012085676,13781,11290,1.220637732506643,0.7894596988485385
train,training_Utrecht_Utrecht_4,Utrecht,1.5,3,0.7167290434222705,13559,11290,1.2009743135518158,0.7887511071744907
train,training_Utrecht_Utrecht_4,Utrecht,1.5,5,0.7218540353730433,13305,11290,1.1784765279007972,0.7862710363153232
train,training_Utrecht_Utrecht_4,Utrecht,1.6,0,0.6695512082853855,10435,11290,0.9242692648361381,0.6441984056687334
train,training_Utrecht_Utrecht_4,Utrecht,1.6,2,0.6723786587625046,10302,11290,0.912488928255093,0.6429583702391497
train,training_Utrecht_Utrecht_4,Utrecht,1.6,3,0.6752096924510718,10170,11290,0.9007971656333038,0.641718334809566
train,training_Utrecht_Utrecht_4,Utrecht,1.6,5,0.6784153390666855,9989,11290,0.8847652790079716,0.6393268379096546
train,training_Utrecht_Utrecht_41,Utrecht,1.05,0,0.16537838497555346,123231,11962,10.30187259655576,0.9345427186089282
train,training_Utrecht_Utrecht_41,Utrecht,1.05,2,0.1659984556901877,122726,11962,10.259655575990637,0.9345427186089282
train,training_Utrecht_Utrecht_41,Utrecht,1.05,3,0.16639868989132053,122378,11962,10.230563450927939,0.9343755224878783
train,training_Utrecht_Utrecht_41,Utrecht,1.05,5,0.16698434054639907,121823,11962,10.184166527336565,0.9337903360642034
train,training_Utrecht_Utrecht_41,Utrecht,1.1,0,0.24007573638573917,80992,11962,6.770774118040461,0.9327871593379033
train,training_Utrecht_Utrecht_41,Utrecht,1.1,2,0.24165114566639234,80386,11962,6.720113693362314,0.9327871593379033
train,training_Utrecht_Utrecht_41,Utrecht,1.1,3,0.24257985899556098,79950,11962,6.683664938973416,0.9319511787326534
train,training_Utrecht_Utrecht_41,Utrecht,1.1,5,0.24430977611694957,79291,11962,6.628573817087443,0.9318675806721284
train,training_Utrecht_Utrecht_41,Utrecht,1.15,0,0.35018647028277394,51587,11962,4.31257314830296,0.9301956194616285
train,training_Utrecht_Utrecht_41,Utrecht,1.15,2,0.35328675770085743,51018,11962,4.265005851864236,0.9300284233405784
train,training_Utrecht_Utrecht_41,Utrecht,1.15,3,0.35594739031649014,50536,11962,4.224711586691189,0.9298612272195285
train,training_Utrecht_Utrecht_41,Utrecht,1.15,5,0.3588013046145897,49972,11962,4.177562280555091,0.9288580504932286
train,training_Utrecht_Utrecht_41,Utrecht,1.2,0,0.4922707355590649,32997,11962,2.758485203143287,0.9250961377696038
train,training_Utrecht_Utrecht_41,Utrecht,1.2,2,0.49786199756942884,32472,11962,2.7145962213676644,0.9246781474669787
train,training_Utrecht_Utrecht_41,Utrecht,1.2,3,0.5026147060160975,32020,11962,2.676809898010366,0.9240093629827788
train,training_Utrecht_Utrecht_41,Utrecht,1.2,5,0.508607379070357,31431,11962,2.6275706403611436,0.9225045978933288
train,training_Utrecht_Utrecht_41,Utrecht,1.25,0,0.6336438292562607,22499,11962,1.880872763751881,0.9127236248119044
train,training_Utrecht_Utrecht_41,Utrecht,1.25,2,0.6408998795853035,22087,11962,1.8464303628155827,0.9121384383882294
train,training_Utrecht_Utrecht_41,Utrecht,1.25,3,0.6455145470151241,21825,11962,1.8245276709580338,0.9116368500250794
train,training_Utrecht_Utrecht_41,Utrecht,1.25,5,0.6516181181331018,21441,11962,1.7924260157164353,0.9097976926935295
train,training_Utrecht_Utrecht_41,Utrecht,1.3,0,0.746426199713397,16649,11962,1.3918241096806554,0.8926600902859053
train,training_Utrecht_Utrecht_41,Utrecht,1.3,2,0.752582772116639,16399,11962,1.3709245945494064,0.8921585019227554
train,training_Utrecht_Utrecht_41,Utrecht,1.3,3,0.7566454910033006,16215,11962,1.3555425514128072,0.8911553251964555
train,training_Utrecht_Utrecht_41,Utrecht,1.3,5,0.7614813752554405,15931,11962,1.3318007022237084,0.8878114027754556
train,training_Utrecht_Utrecht_41,Utrecht,1.35,0,0.8089056722523799,13460,11962,1.1252298946664436,0.859555258318007
train,training_Utrecht_Utrecht_41,Utrecht,1.35,2,0.8134331313611343,13289,11962,1.1109346263166695,0.858552081591707
train,training_Utrecht_Utrecht_41,Utrecht,1.35,3,0.8165737051792828,13138,11962,1.098311319177395,0.8567129242601572
train,training_Utrecht_Utrecht_41,Utrecht,1.35,5,0.8197681415219222,12967,11962,1.0840160508276209,0.8542049824444072
train,training_Utrecht_Utrecht_41,Utrecht,1.4,0,0.8389107051391498,11466,11962,0.9585353619796021,0.8215181407791339
train,training_Utrecht_Utrecht_41,Utrecht,1.4,2,0.8418120258860841,11371,11962,0.9505935462297275,0.8210165524159839
train,training_Utrecht_Utrecht_41,Utrecht,1.4,3,0.8426073131955485,11311,11962,0.9455776625982277,0.819678983447584
train,training_Utrecht_Utrecht_41,Utrecht,1.4,5,0.843871301647546,11224,11962,0.938304631332553,0.8178398261160341
train,training_Utrecht_Utrecht_41,Utrecht,1.5,0,0.8150190114068441,9078,11962,0.7589031934459121,0.7167697709413141
train,training_Utrecht_Utrecht_41,Utrecht,1.5,2,0.8152023973743043,9061,11962,0.7574820264169871,0.7163517806386892
train,training_Utrecht_Utrecht_41,Utrecht,1.5,3,0.8152137648348505,9019,11962,0.7539709078749373,0.7149306136097643
train,training_Utrecht_Utrecht_41,Utrecht,1.5,5,0.8158586099832816,8973,11962,0.7501253970907875,0.7139274368834643
train,training_Utrecht_Utrecht_41,Utrecht,1.6,0,0.7315471226021685,7222,11962,0.6037451931115199,0.5866075907038957
train,training_Utrecht_Utrecht_41,Utrecht,1.6,2,0.7313892221816475,7207,11962,0.6024912222036449,0.5860224042802207
train,training_Utrecht_Utrecht_41,Utrecht,1.6,3,0.7310884886452623,7193,11962,0.6013208493562949,0.5853536197960207
train,training_Utrecht_Utrecht_41,Utrecht,1.6,5,0.7304656875555323,7171,11962,0.599481692024745,0.5841832469486707
train,training_Utrecht_Utrecht_49,Utrecht,1.05,0,0.11751579130068249,151679,9644,15.72781003732891,0.9828909166321028
train,training_Utrecht_Utrecht_49,Utrecht,1.05,2,0.11777203488805507,151328,9644,15.691414350891746,0.9828909166321028
train,training_Utrecht_Utrecht_49,Utrecht,1.05,3,0.11793697416239358,151052,9644,15.6627955205309,0.9825798423890502
train,training_Utrecht_Utrecht_49,Utrecht,1.05,5,0.11818998203951307,150708,9644,15.627125673994193,0.9825798423890502
train,training_Utrecht_Utrecht_49,Utrecht,1.1,0,0.15772311499807695,109958,9644,11.401700539195355,0.978017420157611
train,training_Utrecht_Utrecht_49,Utrecht,1.1,2,0.15847274621673627,109367,9644,11.340418913313977,0.9778100373289091
train,training_Utrecht_Utrecht_49,Utrecht,1.1,3,0.1590611897108822,108889,9644,11.290854417254252,0.9774989630858565
train,training_Utrecht_Utrecht_49,Utrecht,1.1,5,0.15974565493853327,108306,9644,11.23040232268768,0.9768768145997512
train,training_Utrecht_Utrecht_49,Utrecht,1.15,0,0.21705715217290047,76232,9644,7.90460389879718,0.9664039817503111
train,training_Utrecht_Utrecht_49,Utrecht,1.15,2,0.21867849473721265,75577,9644,7.836686022397346,0.9661965989216093
train,training_Utrecht_Utrecht_49,Utrecht,1.15,3,0.21986376568642496,75063,9644,7.783388635420987,0.9655744504355039
train,training_Utrecht_Utrecht_49,Utrecht,1.15,5,0.22116151456356906,74367,9644,7.711219411032767,0.9632932393197843
train,training_Utrecht_Utrecht_49,Utrecht,1.2,0,0.3035032320994594,50843,9644,5.271982579842389,0.9517834923268353
train,training_Utrecht_Utrecht_49,Utrecht,1.2,2,0.3063357937276644,50238,9644,5.2092492741601,0.9510576524263791
train,training_Utrecht_Utrecht_49,Utrecht,1.2,3,0.3085625778645746,49754,9644,5.159062629614268,0.950228121111572
train,training_Utrecht_Utrecht_49,Utrecht,1.2,5,0.3103524491218525,49173,9644,5.0988179178764,0.946391538780589
train,training_Utrecht_Utrecht_49,Utrecht,1.25,0,0.4168970885517113,33393,9644,3.4625673994193282,0.9302156781418498
train,training_Utrecht_Utrecht_49,Utrecht,1.25,2,0.4214337777150784,32887,9644,3.410099543757777,0.9292824554126918
train,training_Utrecht_Utrecht_49,Utrecht,1.25,3,0.4251657832814394,32429,9644,3.3626088759850683,0.9274160099543758
train,training_Utrecht_Utrecht_49,Utrecht,1.25,5,0.42853016224543833,31898,9644,3.3075487349647448,0.9229572791372874
train,training_Utrecht_Utrecht_49,Utrecht,1.3,0,0.5441397445529677,22300,9644,2.312318540024886,0.9011820821236002
train,training_Utrecht_Utrecht_49,Utrecht,1.3,2,0.550704404112197,21872,9644,2.2679386146827043,0.8998340937370386
train,training_Utrecht_Utrecht_49,Utrecht,1.3,3,0.5565831727681438,21496,9644,2.228950642886769,0.8985897967648279
train,training_Utrecht_Utrecht_49,Utrecht,1.3,5,0.5618475991649269,21012,9644,2.1787639983409375,0.8929904603898797
train,training_Utrecht_Utrecht_49,Utrecht,1.35,0,0.6604938271604939,15628,9644,1.620489423475736,0.8654085441725425
train,training_Utrecht_Utrecht_49,Utrecht,1.35,2,0.6681903845382734,15295,9644,1.5859601824968892,0.86395686437163
train,training_Utrecht_Utrecht_49,Utrecht,1.35,3,0.674264854998986,15011,9644,1.556511820821236,0.8618830360846121
train,training_Utrecht_Utrecht_49,Utrecht,1.35,5,0.6805670018130872,14624,9644,1.516383243467441,0.856283699709664
train,training_Utrecht_Utrecht_49,Utrecht,1.4,0,0.7365061485027692,11662,9644,1.2092492741600995,0.8135628369970966
train,training_Utrecht_Utrecht_49,Utrecht,1.4,2,0.7435300821501496,11415,9644,1.1836374948154293,0.8118000829531314
train,training_Utrecht_Utrecht_49,Utrecht,1.4,3,0.7485503426462836,11223,9644,1.163728743260058,0.8098299460804645
train,training_Utrecht_Utrecht_49,Utrecht,1.4,5,0.7500484214603912,11008,9644,1.1414350891746163,0.8030900041476565
train,training_Utrecht_Utrecht_49,Utrecht,1.5,0,0.7487855655794587,7648,9644,0.79303193695562,0.6712982165076732
train,training_Utrecht_Utrecht_49,Utrecht,1.5,2,0.7505377594325912,7557,9644,0.7835960182496889,0.6693280796350062
train,training_Utrecht_Utrecht_49,Utrecht,1.5,3,0.7505402721803633,7477,9644,0.7753007051016176,0.6662173372044795
train,training_Utrecht_Utrecht_49,Utrecht,1.5,5,0.7510583254938852,7364,9644,0.7635835752799668,0.6622770634591456
train,training_Utrecht_Utrecht_49,Utrecht,1.6,0,0.6615212085229897,5515,9644,0.5718581501451679,0.5199087515553712
train,training_Utrecht_Utrecht_49,Utrecht,1.6,2,0.6613767109700456,5479,9644,0.5681252592285359,0.5185607631688096
train,training_Utrecht_Utrecht_49,Utrecht,1.6,3,0.6608315098468271,5437,9644,0.5637702198257984,0.5166943177104936
train,training_Utrecht_Utrecht_49,Utrecht,1.6,5,0.6592938041305796,5366,9644,0.5564081294068851,0.5130651182082123
train,training_Utrecht_Utrecht_8,Utrecht,1.05,0,0.005626831099876252,188548,546,345.3260073260073,0.9743589743589743
train,training_Utrecht_Utrecht_8,Utrecht,1.05,2,0.005623183187635351,188315,546,344.8992673992674,0.9725274725274725
train,training_Utrecht_Utrecht_8,Utrecht,1.05,3,0.005606812966682389,188153,546,344.6025641025641,0.9688644688644689
train,training_Utrecht_Utrecht_8,Utrecht,1.05,5,0.005559563722785724,187958,546,344.24542124542126,0.9597069597069597
train,training_Utrecht_Utrecht_8,Utrecht,1.1,0,0.006981086127120708,147282,546,269.74725274725273,0.945054945054945
train,training_Utrecht_Utrecht_8,Utrecht,1.1,2,0.006983713708419782,146940,546,269.1208791208791,0.9432234432234432
train,training_Utrecht_Utrecht_8,Utrecht,1.1,3,0.006941331485933956,146688,546,268.65934065934067,0.9358974358974359
train,training_Utrecht_Utrecht_8,Utrecht,1.1,5,0.006767290973087424,146337,546,268.0164835164835,0.9102564102564102
train,training_Utrecht_Utrecht_8,Utrecht,1.15,0,0.008828749290546932,110455,546,202.2985347985348,0.8974358974358975
train,training_Utrecht_Utrecht_8,Utrecht,1.15,2,0.008812406130684182,109980,546,201.42857142857142,0.891941391941392
train,training_Utrecht_Utrecht_8,Utrecht,1.15,3,0.008586573721090658,109626,546,200.78021978021977,0.8663003663003663
train,training_Utrecht_Utrecht_8,Utrecht,1.15,5,0.008409339657059468,109094,546,199.80586080586082,0.8443223443223443
train,training_Utrecht_Utrecht_8,Utrecht,1.2,0,0.011483779161933768,79567,546,145.72710622710622,0.8424908424908425
train,training_Utrecht_Utrecht_8,Utrecht,1.2,2,0.01141549641065614,78995,546,144.67948717948718,0.8315018315018315
train,training_Utrecht_Utrecht_8,Utrecht,1.2,3,0.011334168216259977,78507,546,143.78571428571428,0.8205128205128205
train,training_Utrecht_Utrecht_8,Utrecht,1.2,5,0.010909044566505665,77921,546,142.71245421245422,0.7838827838827839
train,training_Utrecht_Utrecht_8,Utrecht,1.25,0,0.014494301994301994,55614,546,101.85714285714286,0.7454212454212454
train,training_Utrecht_Utrecht_8,Utrecht,1.25,2,0.014387712893189216,55057,546,100.83699633699634,0.7326007326007326
train,training_Utrecht_Utrecht_8,Utrecht,1.25,3,0.014345118120244775,54525,546,99.86263736263736,0.7234432234432234
train,training_Utrecht_Utrecht_8,Utrecht,1.25,5,0.014008125448094565,53851,546,98.62820512820512,0.6978021978021978
train,training_Utrecht_Utrecht_8,Utrecht,1.3,0,0.01878033900103451,37153,546,68.04578754578755,0.6483516483516484
train,training_Utrecht_Utrecht_8,Utrecht,1.3,2,0.018685046577997955,36596,546,67.02564102564102,0.6355311355311355
train,training_Utrecht_Utrecht_8,Utrecht,1.3,3,0.018588171163804852,36144,546,66.1978021978022,0.6245421245421245
train,training_Utrecht_Utrecht_8,Utrecht,1.3,5,0.017521485999445523,35524,546,65.06227106227107,0.5787545787545788
train,training_Utrecht_Utrecht_8,Utrecht,1.35,0,0.02533316829640632,23691,546,43.39010989010989,0.5622710622710623
train,training_Utrecht_Utrecht_8,Utrecht,1.35,2,0.025483081596489748,23156,546,42.41025641025641,0.5531135531135531
train,training_Utrecht_Utrecht_8,Utrecht,1.35,3,0.02534799793779,22730,546,41.63003663003663,0.5402930402930403
train,training_Utrecht_Utrecht_8,Utrecht,1.35,5,0.023814754602574807,22213,546,40.68315018315018,0.49633699633699635
train,training_Utrecht_Utrecht_8,Utrecht,1.4,0,0.03425347572033045,14343,546,26.26923076923077,0.46703296703296704
train,training_Utrecht_Utrecht_8,Utrecht,1.4,2,0.033821093318608504,13942,546,25.534798534798536,0.44871794871794873
train,training_Utrecht_Utrecht_8,Utrecht,1.4,3,0.0337253790562562,13568,546,24.84981684981685,0.4358974358974359
train,training_Utrecht_Utrecht_8,Utrecht,1.4,5,0.0339454239520082,13123,546,24.034798534798536,0.4249084249084249
train,training_Utrecht_Utrecht_8,Utrecht,1.5,0,0.07708161582852432,4306,546,7.886446886446887,0.3424908424908425
train,training_Utrecht_Utrecht_8,Utrecht,1.5,2,0.0780701754385965,4014,546,7.351648351648351,0.326007326007326
train,training_Utrecht_Utrecht_8,Utrecht,1.5,3,0.07905686546463246,3780,546,6.923076923076923,0.3131868131868132
train,training_Utrecht_Utrecht_8,Utrecht,1.5,5,0.0820969337289812,3498,546,6.406593406593407,0.304029304029304
train,training_Utrecht_Utrecht_8,Utrecht,1.6,0,0.15836832633473305,1121,546,2.053113553113553,0.24175824175824176
train,training_Utrecht_Utrecht_8,Utrecht,1.6,2,0.16329196603527107,985,546,1.804029304029304,0.22893772893772893
train,training_Utrecht_Utrecht_8,Utrecht,1.6,3,0.17593244194229415,875,546,1.6025641025641026,0.22893772893772893
train,training_Utrecht_Utrecht_8,Utrecht,1.6,5,0.18870843000773396,747,546,1.3681318681318682,0.22344322344322345
val,training_Amsterdam_GE3T_100,Amsterdam,1.05,0,0.021372700231353972,161602,1784,90.58408071748879,0.9786995515695067
val,training_Amsterdam_GE3T_100,Amsterdam,1.05,2,0.02139116052559037,161461,1784,90.50504484304933,0.9786995515695067
val,training_Amsterdam_GE3T_100,Amsterdam,1.05,3,0.021402435660919716,161375,1784,90.45683856502242,0.9786995515695067
val,training_Amsterdam_GE3T_100,Amsterdam,1.05,5,0.02138046931540792,161262,1784,90.39349775784753,0.977017937219731
val,training_Amsterdam_GE3T_100,Amsterdam,1.1,0,0.028296408973069342,120493,1784,67.54091928251121,0.9697309417040358
val,training_Amsterdam_GE3T_100,Amsterdam,1.1,2,0.02834183861534555,120297,1784,67.4310538116592,0.9697309417040358
val,training_Amsterdam_GE3T_100,Amsterdam,1.1,3,0.02838648278351615,120105,1784,67.32343049327355,0.9697309417040358
val,training_Amsterdam_GE3T_100,Amsterdam,1.1,5,0.028375902664245868,119939,1784,67.23038116591928,0.9680493273542601
val,training_Amsterdam_GE3T_100,Amsterdam,1.15,0,0.03974626062124014,83658,1784,46.893497757847534,0.9517937219730942
val,training_Amsterdam_GE3T_100,Amsterdam,1.15,2,0.0398951488721451,83289,1784,46.68665919282511,0.9512331838565022
val,training_Amsterdam_GE3T_100,Amsterdam,1.15,3,0.039958955972024014,83003,1784,46.52634529147982,0.9495515695067265
val,training_Amsterdam_GE3T_100,Amsterdam,1.15,5,0.03976552785836935,82661,1784,46.33464125560538,0.9411434977578476
val,training_Amsterdam_GE3T_100,Amsterdam,1.2,0,0.05911116724707241,53637,1784,30.065582959641254,0.9181614349775785
val,training_Amsterdam_GE3T_100,Amsterdam,1.2,2,0.05951123575044615,53130,1784,29.781390134529147,0.9159192825112108
val,training_Amsterdam_GE3T_100,Amsterdam,1.2,3,0.059603619445360294,52810,1784,29.60201793721973,0.9119955156950673
val,training_Amsterdam_GE3T_100,Amsterdam,1.2,5,0.05916634289837376,52267,1784,29.297645739910315,0.8963004484304933
val,training_Amsterdam_GE3T_100,Amsterdam,1.25,0,0.0918274756518057,31278,1784,17.532511210762333,0.850896860986547
val,training_Amsterdam_GE3T_100,Amsterdam,1.25,2,0.09295462928808558,30748,1784,17.23542600896861,0.8475336322869955
val,training_Amsterdam_GE3T_100,Amsterdam,1.25,3,0.09301745635910225,30296,1784,16.982062780269057,0.8363228699551569
val,training_Amsterdam_GE3T_100,Amsterdam,1.25,5,0.09232720355104629,29756,1784,16.679372197309416,0.8161434977578476
val,training_Amsterdam_GE3T_100,Amsterdam,1.3,0,0.1538980383339891,16007,1784,8.972533632286995,0.7673766816143498
val,training_Amsterdam_GE3T_100,Amsterdam,1.3,2,0.1577268773557553,15461,1784,8.666479820627803,0.7623318385650224
val,training_Amsterdam_GE3T_100,Amsterdam,1.3,3,0.15988528410109337,14953,1784,8.381726457399104,0.75
val,training_Amsterdam_GE3T_100,Amsterdam,1.3,5,0.1601627519881635,14437,1784,8.092488789237668,0.7281390134529148
val,training_Amsterdam_GE3T_100,Amsterdam,1.35,0,0.2559375338900336,7437,1784,4.16872197309417,0.6614349775784754
val,training_Amsterdam_GE3T_100,Amsterdam,1.35,2,0.2677201419901523,6949,1784,3.8951793721973096,0.6552690582959642
val,training_Amsterdam_GE3T_100,Amsterdam,1.35,3,0.2754676516144406,6609,1784,3.7045964125560538,0.647982062780269
val,training_Amsterdam_GE3T_100,Amsterdam,1.35,5,0.28236184708554124,6142,1784,3.442825112107623,0.6272421524663677
val,training_Amsterdam_GE3T_100,Amsterdam,1.4,0,0.3792307692307692,3416,1784,1.9147982062780269,0.5526905829596412
val,training_Amsterdam_GE3T_100,Amsterdam,1.4,2,0.39647757526111,3099,1784,1.7371076233183858,0.5426008968609866
val,training_Amsterdam_GE3T_100,Amsterdam,1.4,3,0.4099806409980641,2865,1784,1.6059417040358743,0.5341928251121076
val,training_Amsterdam_GE3T_100,Amsterdam,1.4,5,0.4250681198910082,2620,1784,1.468609865470852,0.5246636771300448
val,training_Amsterdam_GE3T_100,Amsterdam,1.5,0,0.4500734214390602,940,1784,0.5269058295964125,0.34360986547085204
val,training_Amsterdam_GE3T_100,Amsterdam,1.5,2,0.45643153526970953,867,1784,0.4859865470852018,0.3391255605381166
val,training_Amsterdam_GE3T_100,Amsterdam,1.5,3,0.4626113909337466,797,1784,0.4467488789237668,0.33464125560538116
val,training_Amsterdam_GE3T_100,Amsterdam,1.5,5,0.4642999601116873,723,1784,0.4052690582959641,0.32623318385650224
val,training_Amsterdam_GE3T_100,Amsterdam,1.6,0,0.33439635535307516,411,1784,0.2303811659192825,0.20571748878923768
val,training_Amsterdam_GE3T_100,Amsterdam,1.6,2,0.33087557603686635,386,1784,0.2163677130044843,0.20123318385650224
val,training_Amsterdam_GE3T_100,Amsterdam,1.6,3,0.32590529247910865,370,1784,0.20739910313901344,0.19674887892376683
val,training_Amsterdam_GE3T_100,Amsterdam,1.6,5,0.3123827392120075,348,1784,0.19506726457399104,0.18665919282511212
val,training_Amsterdam_GE3T_103,Amsterdam,1.05,0,0.11389219970864786,99253,6461,15.361863488624053,0.9317443120260022
val,training_Amsterdam_GE3T_103,Amsterdam,1.05,2,0.11429005372771629,98885,6461,15.30490636124439,0.9317443120260022
val,training_Amsterdam_GE3T_103,Amsterdam,1.05,3,0.11459741446604345,98585,6461,15.258473920445752,0.93158953722334
val,training_Amsterdam_GE3T_103,Amsterdam,1.05,5,0.11492672681273569,98284,6461,15.211886704844451,0.93158953722334
val,training_Amsterdam_GE3T_103,Amsterdam,1.1,0,0.16301239275500476,66969,6461,10.365113759479957,0.9263271939328277
val,training_Amsterdam_GE3T_103,Amsterdam,1.1,2,0.1642612910756217,66362,6461,10.271165454264047,0.9257080947221792
val,training_Amsterdam_GE3T_103,Amsterdam,1.1,3,0.1652732674635528,65904,6461,10.200278594644791,0.9255533199195171
val,training_Amsterdam_GE3T_103,Amsterdam,1.1,5,0.1663535534866892,65398,6461,10.121962544497755,0.9250889955115307
val,training_Amsterdam_GE3T_103,Amsterdam,1.15,0,0.24100799967431352,42666,6461,6.603621730382294,0.9162668317597895
val,training_Amsterdam_GE3T_103,Amsterdam,1.15,2,0.24422156182928842,41995,6461,6.499767837796007,0.9158025073518031
val,training_Amsterdam_GE3T_103,Amsterdam,1.15,3,0.24680584551148224,41439,6461,6.413713047515865,0.9148738585358304
val,training_Amsterdam_GE3T_103,Amsterdam,1.15,5,0.25020136504302853,40717,6461,6.301965639993809,0.9134808853118712
val,training_Amsterdam_GE3T_103,Amsterdam,1.2,0,0.34933147378952795,26522,6461,4.104937316204921,0.8916576381365113
val,training_Amsterdam_GE3T_103,Amsterdam,1.2,2,0.35547731554402545,25918,6461,4.011453335396998,0.8907289893205386
val,training_Amsterdam_GE3T_103,Amsterdam,1.2,3,0.35989088514721096,25432,6461,3.936232781303204,0.8882525924779446
val,training_Amsterdam_GE3T_103,Amsterdam,1.2,5,0.3640415101547081,24953,6461,3.8620956508280453,0.88500232162204
val,training_Amsterdam_GE3T_103,Amsterdam,1.25,0,0.47437394576359154,16660,6461,2.5785482123510293,0.8487850177991023
val,training_Amsterdam_GE3T_103,Amsterdam,1.25,2,0.48209329985463195,16240,6461,2.513542795232936,0.8469277201671568
val,training_Amsterdam_GE3T_103,Amsterdam,1.25,3,0.4870753158623153,15938,6461,2.466800804828974,0.8442965485219006
val,training_Amsterdam_GE3T_103,Amsterdam,1.25,5,0.4909518639160333,15643,6461,2.4211422380436467,0.8398080792446989
val,training_Amsterdam_GE3T_103,Amsterdam,1.3,0,0.5935453695042096,10643,6461,1.6472682247330135,0.7856368983129547
val,training_Amsterdam_GE3T_103,Amsterdam,1.3,2,0.6017699115044248,10376,6461,1.6059433524222257,0.7840891502863334
val,training_Amsterdam_GE3T_103,Amsterdam,1.3,3,0.6060387778378054,10198,6461,1.578393437548367,0.7813032038384151
val,training_Amsterdam_GE3T_103,Amsterdam,1.3,5,0.61044957472661,9999,6461,1.547593251818604,0.777588608574524
val,training_Amsterdam_GE3T_103,Amsterdam,1.35,0,0.6689869668246445,7043,6461,1.0900789351493576,0.6991177836248259
val,training_Amsterdam_GE3T_103,Amsterdam,1.35,2,0.676172607879925,6864,6461,1.062374245472837,0.6972604859928804
val,training_Amsterdam_GE3T_103,Amsterdam,1.35,3,0.6817665328384214,6740,6461,1.0431821699427333,0.6964866119795697
val,training_Amsterdam_GE3T_103,Amsterdam,1.35,5,0.6861179361179361,6563,6461,1.015787029871537,0.6915338182943817
val,training_Amsterdam_GE3T_103,Amsterdam,1.4,0,0.6776859504132231,5034,6461,0.7791363566011453,0.6028478563689831
val,training_Amsterdam_GE3T_103,Amsterdam,1.4,2,0.6822059987685812,4908,6461,0.7596347314657174,0.600216684723727
val,training_Amsterdam_GE3T_103,Amsterdam,1.4,3,0.6853902719943298,4826,6461,0.746943197647423,0.5986689366971057
val,training_Amsterdam_GE3T_103,Amsterdam,1.4,5,0.6862780269058296,4689,6461,0.7257390496827116,0.5921683949852964
val,training_Amsterdam_GE3T_103,Amsterdam,1.5,0,0.5850283078213462,3077,6461,0.4762420677913636,0.4318216994273332
val,training_Amsterdam_GE3T_103,Amsterdam,1.5,2,0.5860435743605936,3040,6461,0.47051540009286485,0.43089305061136046
val,training_Amsterdam_GE3T_103,Amsterdam,1.5,3,0.5838706267836381,3000,6461,0.4643244079863798,0.4274880049527937
val,training_Amsterdam_GE3T_103,Amsterdam,1.5,5,0.5822434875066455,2944,6461,0.4556570190373007,0.42377340968890265
val,training_Amsterdam_GE3T_103,Amsterdam,1.6,0,0.4472693032015066,2035,6461,0.31496672341742765,0.29407212505804053
val,training_Amsterdam_GE3T_103,Amsterdam,1.6,2,0.4457021577644146,2020,6461,0.31264510137749574,0.29252437703141926
val,training_Amsterdam_GE3T_103,Amsterdam,1.6,3,0.4434998228834573,2008,6461,0.3107878037455502,0.2906670793994738
val,training_Amsterdam_GE3T_103,Amsterdam,1.6,5,0.44073811213626685,1993,6461,0.30846618170561835,0.28834545735954187
val,training_Amsterdam_GE3T_107,Amsterdam,1.05,0,0.02617921906927832,115188,1775,64.89464788732394,0.8625352112676057
val,training_Amsterdam_GE3T_107,Amsterdam,1.05,2,0.026219345115769285,115009,1775,64.7938028169014,0.8625352112676057
val,training_Amsterdam_GE3T_107,Amsterdam,1.05,3,0.026250364350256333,114871,1775,64.71605633802817,0.8625352112676057
val,training_Amsterdam_GE3T_107,Amsterdam,1.05,5,0.02627987812727975,114740,1775,64.64225352112676,0.8625352112676057
val,training_Amsterdam_GE3T_107,Amsterdam,1.1,0,0.036422934545844096,82238,1775,46.331267605633805,0.8619718309859155
val,training_Amsterdam_GE3T_107,Amsterdam,1.1,2,0.03653862227900701,81972,1775,46.181408450704225,0.8619718309859155
val,training_Amsterdam_GE3T_107,Amsterdam,1.1,3,0.03662521394630696,81774,1775,46.069859154929574,0.8619718309859155
val,training_Amsterdam_GE3T_107,Amsterdam,1.1,5,0.03671047257525887,81471,1775,45.89915492957746,0.8608450704225352
val,training_Amsterdam_GE3T_107,Amsterdam,1.15,0,0.05438249496623367,54346,1775,30.617464788732395,0.859718309859155
val,training_Amsterdam_GE3T_107,Amsterdam,1.15,2,0.05475763016157989,53925,1775,30.380281690140844,0.8591549295774648
val,training_Amsterdam_GE3T_107,Amsterdam,1.15,3,0.055074033947273386,53605,1775,30.2,0.8591549295774648
val,training_Amsterdam_GE3T_107,Amsterdam,1.15,5,0.055545437989437264,53135,1775,29.935211267605634,0.8591549295774648
val,training_Amsterdam_GE3T_107,Amsterdam,1.2,0,0.08523514606487373,33586,1775,18.92169014084507,0.8490140845070423
val,training_Amsterdam_GE3T_107,Amsterdam,1.2,2,0.08645731672311843,33063,1775,18.627042253521125,0.8484507042253521
val,training_Amsterdam_GE3T_107,Amsterdam,1.2,3,0.08732787170995293,32647,1775,18.39267605633803,0.8467605633802817
val,training_Amsterdam_GE3T_107,Amsterdam,1.2,5,0.08841148523032431,32112,1775,18.091267605633803,0.843943661971831
val,training_Amsterdam_GE3T_107,Amsterdam,1.25,0,0.1367299675775822,19815,1775,11.163380281690142,0.8315492957746479
val,training_Amsterdam_GE3T_107,Amsterdam,1.25,2,0.14026418321771358,19271,1775,10.856901408450705,0.8315492957746479
val,training_Amsterdam_GE3T_107,Amsterdam,1.25,3,0.1427946961969984,18814,1775,10.59943661971831,0.828169014084507
val,training_Amsterdam_GE3T_107,Amsterdam,1.25,5,0.14542540938454604,18194,1775,10.250140845070423,0.8180281690140845
val,training_Amsterdam_GE3T_107,Amsterdam,1.3,0,0.21985487108229118,11179,1775,6.298028169014085,0.8022535211267605
val,training_Amsterdam_GE3T_107,Amsterdam,1.3,2,0.2290088638195004,10635,1775,5.9915492957746475,0.8005633802816902
val,training_Amsterdam_GE3T_107,Amsterdam,1.3,3,0.23573448677424721,10247,1775,5.772957746478873,0.7983098591549296
val,training_Amsterdam_GE3T_107,Amsterdam,1.3,5,0.24287441699775436,9803,1775,5.522816901408451,0.7921126760563381
val,training_Amsterdam_GE3T_107,Amsterdam,1.35,0,0.3388544695916045,6134,1775,3.455774647887324,0.7549295774647887
val,training_Amsterdam_GE3T_107,Amsterdam,1.35,2,0.3565333333333333,5725,1775,3.2253521126760565,0.7532394366197183
val,training_Amsterdam_GE3T_107,Amsterdam,1.35,3,0.3677937915742794,5441,1775,3.0653521126760563,0.7476056338028169
val,training_Amsterdam_GE3T_107,Amsterdam,1.35,5,0.3804441880588405,5159,1775,2.9064788732394367,0.7430985915492958
val,training_Amsterdam_GE3T_107,Amsterdam,1.4,0,0.483200621479899,3374,1775,1.9008450704225353,0.7008450704225352
val,training_Amsterdam_GE3T_107,Amsterdam,1.4,2,0.505396049684382,3136,1775,1.7667605633802816,0.6991549295774648
val,training_Amsterdam_GE3T_107,Amsterdam,1.4,3,0.5188619599578503,2970,1775,1.6732394366197183,0.6935211267605634
val,training_Amsterdam_GE3T_107,Amsterdam,1.4,5,0.5413998675204239,2754,1775,1.551549295774648,0.6907042253521126
val,training_Amsterdam_GE3T_107,Amsterdam,1.5,0,0.6057425131213338,1464,1775,0.8247887323943662,0.5526760563380282
val,training_Amsterdam_GE3T_107,Amsterdam,1.5,2,0.6197718631178707,1381,1775,0.7780281690140846,0.5509859154929577
val,training_Amsterdam_GE3T_107,Amsterdam,1.5,3,0.6211340206185567,1329,1775,0.7487323943661972,0.5430985915492957
val,training_Amsterdam_GE3T_107,Amsterdam,1.5,5,0.6246343841403965,1302,1775,0.7335211267605634,0.5414084507042254
val,training_Amsterdam_GE3T_107,Amsterdam,1.6,0,0.5340198602427363,944,1775,0.5318309859154929,0.40901408450704224
val,training_Amsterdam_GE3T_107,Amsterdam,1.6,2,0.535701072881983,928,1775,0.5228169014084507,0.40788732394366195
val,training_Amsterdam_GE3T_107,Amsterdam,1.6,3,0.535701072881983,928,1775,0.5228169014084507,0.40788732394366195
val,training_Amsterdam_GE3T_107,Amsterdam,1.6,5,0.529806259314456,909,1775,0.512112676056338,0.40056338028169014
val,training_Amsterdam_GE3T_108,Amsterdam,1.05,0,0.005219448390670079,159354,433,368.0230946882217,0.9630484988452656
val,training_Amsterdam_GE3T_108,Amsterdam,1.05,2,0.005221539790762758,159290,433,367.8752886836028,0.9630484988452656
val,training_Amsterdam_GE3T_108,Amsterdam,1.05,3,0.0052228477671386435,159250,433,367.78290993071596,0.9630484988452656
val,training_Amsterdam_GE3T_108,Amsterdam,1.05,5,0.005224516387691691,159199,433,367.66512702078523,0.9630484988452656
val,training_Amsterdam_GE3T_108,Amsterdam,1.1,0,0.006224205742091005,133560,433,308.4526558891455,0.9630484988452656
val,training_Amsterdam_GE3T_108,Amsterdam,1.1,2,0.0062281101344943204,133476,433,308.25866050808315,0.9630484988452656
val,training_Amsterdam_GE3T_108,Amsterdam,1.1,3,0.006231833160226857,133396,433,308.07390300230946,0.9630484988452656
val,training_Amsterdam_GE3T_108,Amsterdam,1.1,5,0.006204586909069163,133339,433,307.94226327944574,0.9584295612009238
val,training_Amsterdam_GE3T_108,Amsterdam,1.15,0,0.00757925018902023,108021,433,249.47113163972287,0.9491916859122402
val,training_Amsterdam_GE3T_108,Amsterdam,1.15,2,0.007588065874012259,107895,433,249.18013856812934,0.9491916859122402
val,training_Amsterdam_GE3T_108,Amsterdam,1.15,3,0.007558956161750573,107783,433,248.92147806004618,0.9445727482678984
val,training_Amsterdam_GE3T_108,Amsterdam,1.15,5,0.00756615763136718,107680,433,248.6836027713626,0.9445727482678984
val,training_Amsterdam_GE3T_108,Amsterdam,1.2,0,0.009675535907915589,83490,433,192.8175519630485,0.9376443418013857
val,training_Amsterdam_GE3T_108,Amsterdam,1.2,2,0.009703516927378975,83248,433,192.25866050808315,0.9376443418013857
val,training_Amsterdam_GE3T_108,Amsterdam,1.2,3,0.009725832145552109,83056,433,191.81524249422634,0.9376443418013857
val,training_Amsterdam_GE3T_108,Amsterdam,1.2,5,0.009753753753753754,82817,433,191.26327944572748,0.9376443418013857
val,training_Amsterdam_GE3T_108,Amsterdam,1.25,0,0.012670390697522921,60970,433,140.8083140877598,0.8983833718244804
val,training_Amsterdam_GE3T_108,Amsterdam,1.25,2,0.012751171862195562,60581,433,139.90993071593533,0.8983833718244804
val,training_Amsterdam_GE3T_108,Amsterdam,1.25,3,0.012812911725955204,60287,433,139.2309468822171,0.8983833718244804
val,training_Amsterdam_GE3T_108,Amsterdam,1.25,5,0.012887622581500132,59935,433,138.41801385681293,0.8983833718244804
val,training_Amsterdam_GE3T_108,Amsterdam,1.3,0,0.017529496749337826,41097,433,94.91224018475751,0.8406466512702079
val,training_Amsterdam_GE3T_108,Amsterdam,1.3,2,0.01774484473260859,40593,433,93.74826789838338,0.8406466512702079
val,training_Amsterdam_GE3T_108,Amsterdam,1.3,3,0.01792397084892653,40183,433,92.8013856812933,0.8406466512702079
val,training_Amsterdam_GE3T_108,Amsterdam,1.3,5,0.017842013456267132,39697,433,91.67898383371825,0.8267898383371824
val,training_Amsterdam_GE3T_108,Amsterdam,1.35,0,0.026455026455026454,25649,433,59.235565819861435,0.7967667436489607
val,training_Amsterdam_GE3T_108,Amsterdam,1.35,2,0.02687245377624569,25095,433,57.956120092378754,0.792147806004619
val,training_Amsterdam_GE3T_108,Amsterdam,1.35,3,0.027184311224489797,24655,433,56.93995381062356,0.7875288683602771
val,training_Amsterdam_GE3T_108,Amsterdam,1.35,5,0.02732329842931937,24015,433,55.46189376443418,0.7713625866050808
val,training_Amsterdam_GE3T_108,Amsterdam,1.4,0,0.041439905579961966,14818,433,34.22170900692841,0.7297921478060047
val,training_Amsterdam_GE3T_108,Amsterdam,1.4,2,0.042956498022637395,14233,433,32.87066974595843,0.7274826789838337
val,training_Amsterdam_GE3T_108,Amsterdam,1.4,3,0.04326381059751973,13759,433,31.775981524249424,0.7090069284064665
val,training_Amsterdam_GE3T_108,Amsterdam,1.4,5,0.04364007881485806,13270,433,30.64665127020785,0.6905311778290993
val,training_Amsterdam_GE3T_108,Amsterdam,1.5,0,0.10537967677662165,4084,433,9.431870669745958,0.5496535796766744
val,training_Amsterdam_GE3T_108,Amsterdam,1.5,2,0.11446663419386265,3673,433,8.482678983833718,0.5427251732101617
val,training_Amsterdam_GE3T_108,Amsterdam,1.5,3,0.12043795620437957,3403,433,7.859122401847575,0.5334872979214781
val,training_Amsterdam_GE3T_108,Amsterdam,1.5,5,0.13043478260869565,3063,433,7.073903002309469,0.5265588914549654
val,training_Amsterdam_GE3T_108,Amsterdam,1.6,0,0.24579370885149962,934,433,2.1570438799076213,0.38799076212471134
val,training_Amsterdam_GE3T_108,Amsterdam,1.6,2,0.28426395939086296,749,433,1.7297921478060045,0.38799076212471134
val,training_Amsterdam_GE3T_108,Amsterdam,1.6,3,0.30347349177330896,661,433,1.5265588914549653,0.3833718244803695
val,training_Amsterdam_GE3T_108,Amsterdam,1.6,5,0.3364293085655315,536,433,1.2378752886836029,0.37644341801385683
val,training_Singapore_Singapore_56,Singapore,1.05,0,0.09907881653252285,101140,5462,18.51702673013548,0.9668619553277188
val,training_Singapore_Singapore_56,Singapore,1.05,2,0.09944824209555016,100744,5462,18.44452581471988,0.9668619553277188
val,training_Singapore_Singapore_56,Singapore,1.05,3,0.09968476886195897,100492,5462,18.39838886854632,0.9668619553277188
val,training_Singapore_Singapore_56,Singapore,1.05,5,0.0999734968953506,100186,5462,18.342365433906995,0.9668619553277188
val,training_Singapore_Singapore_56,Singapore,1.1,0,0.16031126039181118,60335,5462,11.0463200292933,0.9655803734895643
val,training_Singapore_Singapore_56,Singapore,1.1,2,0.16197788697788698,59658,5462,10.922372757231782,0.9655803734895643
val,training_Singapore_Singapore_56,Singapore,1.1,3,0.1630646507745107,59224,5462,10.842914683266203,0.9655803734895643
val,training_Singapore_Singapore_56,Singapore,1.1,5,0.16423630585156104,58726,5462,10.751739289637495,0.9650311241303552
val,training_Singapore_Singapore_56,Singapore,1.15,0,0.27264452708501286,32991,5462,6.040095203222263,0.9597217136580007
val,training_Singapore_Singapore_56,Singapore,1.15,2,0.2791564596868676,32094,5462,5.8758696448187475,0.9597217136580007
val,training_Singapore_Singapore_56,Singapore,1.15,3,0.2835352661185634,31514,5462,5.769681435371659,0.9597217136580007
val,training_Singapore_Singapore_56,Singapore,1.15,5,0.28971238938053095,30698,5462,5.620285609666789,0.9589893811790553
val,training_Singapore_Singapore_56,Singapore,1.2,0,0.4418906074483712,17684,5462,3.237641889417796,0.9362870743317466
val,training_Singapore_Singapore_56,Singapore,1.2,2,0.45868102288021534,16828,5462,3.0809227389234715,0.9359209080922739
val,training_Singapore_Singapore_56,Singapore,1.2,3,0.4696691176470588,16298,5462,2.9838886854632003,0.9355547418528012
val,training_Singapore_Singapore_56,Singapore,1.2,5,0.48321638535937794,15630,5462,2.8615891614793116,0.9329915781764921
val,training_Singapore_Singapore_56,Singapore,1.25,0,0.608125482129082,10094,5462,1.848041010618821,0.8659831563529843
val,training_Singapore_Singapore_56,Singapore,1.25,2,0.6319026607835272,9496,5462,1.7385573050164775,0.8652508238740388
val,training_Singapore_Singapore_56,Singapore,1.25,3,0.6465020576131687,9118,5462,1.6693518857561334,0.8628707433174662
val,training_Singapore_Singapore_56,Singapore,1.25,5,0.6623568266460544,8769,5462,1.6054558769681435,0.8628707433174662
val,training_Singapore_Singapore_56,Singapore,1.3,0,0.7005782284421352,6471,5462,1.1847308678139876,0.7652874404979861
val,training_Singapore_Singapore_56,Singapore,1.3,2,0.7208016586040082,6114,5462,1.119370194068107,0.7638227755400953
val,training_Singapore_Singapore_56,Singapore,1.3,3,0.7320203973975734,5912,5462,1.0823874038813621,0.762175027462468
val,training_Singapore_Singapore_56,Singapore,1.3,5,0.7439068100358422,5698,5462,1.043207616257781,0.7599780300256317
val,training_Singapore_Singapore_56,Singapore,1.35,0,0.6956781517625971,4580,5462,0.8385206883925302,0.6395093372391065
val,training_Singapore_Singapore_56,Singapore,1.35,2,0.7063717532467533,4394,5462,0.8044672281215672,0.6373123398022702
val,training_Singapore_Singapore_56,Singapore,1.35,3,0.7116803278688525,4298,5462,0.7868912486268766,0.6358476748443793
val,training_Singapore_Singapore_56,Singapore,1.35,5,0.7170084938885436,4192,5462,0.7674844379348225,0.633650677407543
val,training_Singapore_Singapore_56,Singapore,1.4,0,0.6304938830992297,3366,5462,0.6162577810325888,0.5095203222262907
val,training_Singapore_Singapore_56,Singapore,1.4,2,0.635822262940907,3270,5462,0.5986818015378982,0.5082387403881362
val,training_Singapore_Singapore_56,Singapore,1.4,3,0.6368457459073092,3212,5462,0.5880629805931893,0.5056755767118272
val,training_Singapore_Singapore_56,Singapore,1.4,5,0.6404742531674997,3141,5462,0.5750640790919077,0.5043939948736726
val,training_Singapore_Singapore_56,Singapore,1.5,0,0.4386902315385669,1837,5462,0.33632369095569387,0.29311607469791284
val,training_Singapore_Singapore_56,Singapore,1.5,2,0.4396634946903875,1789,5462,0.3275357012083486,0.2918344928597583
val,training_Singapore_Singapore_56,Singapore,1.5,3,0.4381136772230673,1769,5462,0.32387403881362137,0.2900036616623947
val,training_Singapore_Singapore_56,Singapore,1.5,5,0.4386792452830189,1746,5462,0.3196631270596851,0.28945441230318564
val,training_Singapore_Singapore_56,Singapore,1.6,0,0.2173288654858784,805,5462,0.14738191138777004,0.12467960454046137
val,training_Singapore_Singapore_56,Singapore,1.6,2,0.21631148854350266,779,5462,0.14262175027462468,0.12358110582204321
val,training_Singapore_Singapore_56,Singapore,1.6,3,0.21422836036614742,765,5462,0.14005858659831563,0.12211644086415233
val,training_Singapore_Singapore_56,Singapore,1.6,5,0.20991441950589376,731,5462,0.13383376052727938,0.1190040278286342
val,training_Singapore_Singapore_63,Singapore,1.05,0,0.17383436079273765,123971,11963,10.36286884560729,0.987628521273928
val,training_Singapore_Singapore_63,Singapore,1.05,2,0.1742606386901689,123627,11963,10.33411351667642,0.9875449302014545
val,training_Singapore_Singapore_63,Singapore,1.05,3,0.17449228269699432,123447,11963,10.319067123631196,0.9875449302014545
val,training_Singapore_Singapore_63,Singapore,1.05,5,0.17475943581133555,123240,11963,10.30176377162919,0.9875449302014545
val,training_Singapore_Singapore_63,Singapore,1.1,0,0.2430758394961987,84583,11963,7.070383683022653,0.9808576444035777
val,training_Singapore_Singapore_63,Singapore,1.1,2,0.2442593941917352,84107,11963,7.030594332525286,0.9807740533311042
val,training_Singapore_Singapore_63,Singapore,1.1,3,0.24497337926714688,83827,11963,7.007188832232718,0.9807740533311042
val,training_Singapore_Singapore_63,Singapore,1.1,5,0.24580630965727518,83478,11963,6.97801554793948,0.9805232801136838
val,training_Singapore_Singapore_63,Singapore,1.15,0,0.3521600755303111,53706,11963,4.489342138259634,0.9665635710106161
val,training_Singapore_Singapore_63,Singapore,1.15,2,0.3559366389064208,52998,11963,4.4301596589484245,0.9663963888656691
val,training_Singapore_Singapore_63,Singapore,1.15,3,0.3582121935343892,52563,11963,4.393797542422469,0.9660620245757753
val,training_Singapore_Singapore_63,Singapore,1.15,5,0.361314325017195,52009,11963,4.347488088272173,0.9660620245757753
val,training_Singapore_Singapore_63,Singapore,1.2,0,0.4954031351279847,33394,11963,2.7914402741787177,0.9391456992393212
val,training_Singapore_Singapore_63,Singapore,1.2,2,0.5039483129935391,32613,11963,2.7261556465769456,0.9388949260219008
val,training_Singapore_Singapore_63,Singapore,1.2,3,0.5093663536989159,32131,11963,2.685864749644738,0.9387277438769539
val,training_Singapore_Singapore_63,Singapore,1.2,5,0.5156978480053284,31578,11963,2.6396388865669147,0.9384769706595336
val,training_Singapore_Singapore_63,Singapore,1.25,0,0.632688611244594,21333,11963,1.7832483490763187,0.8804647663629525
val,training_Singapore_Singapore_63,Singapore,1.25,2,0.6451692005885238,20661,11963,1.7270751483741535,0.8797124467106913
val,training_Singapore_Singapore_63,Singapore,1.25,3,0.6517000061931009,20331,11963,1.6994900944579119,0.8796288556382178
val,training_Singapore_Singapore_63,Singapore,1.25,5,0.6595371009220348,19923,11963,1.6653849368887403,0.8789601270584302
val,training_Singapore_Singapore_63,Singapore,1.3,0,0.7188593155893536,14337,11963,1.1984452060519937,0.7901864080916158
val,training_Singapore_Singapore_63,Singapore,1.3,2,0.7297036206963174,13916,11963,1.163253364540667,0.7892669062944078
val,training_Singapore_Singapore_63,Singapore,1.3,3,0.7370270586857209,13648,11963,1.1408509571177798,0.7889325420045139
val,training_Singapore_Singapore_63,Singapore,1.3,5,0.7441401625759608,13379,11963,1.1183649586224191,0.7881802223522528
val,training_Singapore_Singapore_63,Singapore,1.35,0,0.7255935486777493,10234,11963,0.8554710356933879,0.6731589066287721
val,training_Singapore_Singapore_63,Singapore,1.35,2,0.7342743593257504,9928,11963,0.8298921675165092,0.6718214494691966
val,training_Singapore_Singapore_63,Singapore,1.35,3,0.7384119677790564,9762,11963,0.8160160494859149,0.6704839923096213
val,training_Singapore_Singapore_63,Singapore,1.35,5,0.7455792469556292,9470,11963,0.7916074563236646,0.6678926690629441
val,training_Singapore_Singapore_63,Singapore,1.4,0,0.6872170507146854,7696,11963,0.6433168937557469,0.5646576945582212
val,training_Singapore_Singapore_63,Singapore,1.4,2,0.6923116482386218,7482,11963,0.6254284042464264,0.5626515088188582
val,training_Singapore_Singapore_63,Singapore,1.4,3,0.694730309768837,7374,11963,0.6164005684192928,0.5614812338042298
val,training_Singapore_Singapore_63,Singapore,1.4,5,0.6971226390551017,7256,11963,0.6065368218674245,0.5599765944997074
val,training_Singapore_Singapore_63,Singapore,1.5,0,0.5171574592358238,4473,11963,0.37390286717378585,0.3552620580122043
val,training_Singapore_Singapore_63,Singapore,1.5,2,0.517481662591687,4397,11963,0.3675499456658029,0.3538410097801555
val,training_Singapore_Singapore_63,Singapore,1.5,3,0.5177235373482154,4343,11963,0.36303602775223603,0.35283791691047395
val,training_Singapore_Singapore_63,Singapore,1.5,5,0.5175082934021379,4315,11963,0.36069547772297916,0.3520855972582128
val,training_Singapore_Singapore_63,Singapore,1.6,0,0.28167404656477646,2039,11963,0.1704421967733846,0.1648415949176628
val,training_Singapore_Singapore_63,Singapore,1.6,2,0.2790797677918727,1990,11963,0.16634623422218506,0.16275181810582628
val,training_Singapore_Singapore_63,Singapore,1.6,3,0.2773827479709833,1960,11963,0.16383850204798128,0.16141436094625095
val,training_Singapore_Singapore_63,Singapore,1.6,5,0.27524652702799973,1930,11963,0.16133076987377748,0.1598261305692552
val,training_Singapore_Singapore_67,Singapore,1.05,0,0.2255470696839153,87371,11748,7.43709567585972,0.9514811031664965
val,training_Singapore_Singapore_67,Singapore,1.05,2,0.22634403158853902,87022,11748,7.407388491658154,0.9514811031664965
val,training_Singapore_Singapore_67,Singapore,1.05,3,0.22692846555260004,86750,11748,7.3842356145726935,0.951310861423221
val,training_Singapore_Singapore_67,Singapore,1.05,5,0.22759393137155076,86462,11748,7.359720803541029,0.951310861423221
val,training_Singapore_Singapore_67,Singapore,1.1,0,0.31921270280395375,57654,11748,4.90755873340143,0.9428838951310862
val,training_Singapore_Singapore_67,Singapore,1.1,2,0.32169985331067635,57105,11748,4.8608273748723185,0.9427136533878107
val,training_Singapore_Singapore_67,Singapore,1.1,3,0.3231984118874892,56761,11748,4.831545795028941,0.9423731699012597
val,training_Singapore_Singapore_67,Singapore,1.1,5,0.3247138244790138,56392,11748,4.8001361933946205,0.941692202928158
val,training_Singapore_Singapore_67,Singapore,1.15,0,0.4443893878393724,36687,11748,3.122829417773238,0.9160708205652026
val,training_Singapore_Singapore_67,Singapore,1.15,2,0.4498159919705587,36076,11748,3.0708205652025877,0.9155600953353762
val,training_Singapore_Singapore_67,Singapore,1.15,3,0.4531928345626976,35702,11748,3.0389853592100784,0.9152196118488254
val,training_Singapore_Singapore_67,Singapore,1.15,5,0.45792021151836926,35151,11748,2.9920837589376914,0.9140279196458971
val,training_Singapore_Singapore_67,Singapore,1.2,0,0.5576308746078799,22999,11748,1.9576949267960504,0.8246510044262854
val,training_Singapore_Singapore_67,Singapore,1.2,2,0.5659980115796246,22450,11748,1.910963568266939,0.823799795709908
val,training_Singapore_Singapore_67,Singapore,1.2,3,0.5718676122931442,22092,11748,1.8804902962206334,0.8236295539666326
val,training_Singapore_Singapore_67,Singapore,1.2,5,0.5774985038898863,21672,11748,1.8447395301327885,0.8214164113040517
val,training_Singapore_Singapore_67,Singapore,1.25,0,0.6209711256055231,14469,11748,1.2316138917262514,0.6928838951310862
val,training_Singapore_Singapore_67,Singapore,1.25,2,0.6296712233280409,14075,11748,1.1980762683009873,0.6920326864147089
val,training_Singapore_Singapore_67,Singapore,1.25,3,0.6330429347189124,13849,11748,1.1788389513108615,0.6896493020088525
val,training_Singapore_Singapore_67,Singapore,1.25,5,0.6392307387915002,13523,11748,1.1510895471569629,0.6875212802179095
val,training_Singapore_Singapore_67,Singapore,1.3,0,0.6173038611137464,9334,11748,0.7945182158665305,0.5538815117466803
val,training_Singapore_Singapore_67,Singapore,1.3,2,0.6237985390234525,9060,11748,0.7711950970377937,0.552434456928839
val,training_Singapore_Singapore_67,Singapore,1.3,3,0.6259549366598975,8934,11748,0.7604698672114403,0.5509874021109976
val,training_Singapore_Singapore_67,Singapore,1.3,5,0.63104897839476,8710,11748,0.7414027919645897,0.5494552264215186
val,training_Singapore_Singapore_67,Singapore,1.35,0,0.5684984095645498,6486,11748,0.552093973442288,0.4411814776983316
val,training_Singapore_Singapore_67,Singapore,1.35,2,0.5713179580775399,6333,11748,0.539070480081716,0.43964930200885255
val,training_Singapore_Singapore_67,Singapore,1.35,3,0.572651949063004,6235,11748,0.5307286346612189,0.43828736806264895
val,training_Singapore_Singapore_67,Singapore,1.35,5,0.5740979020979021,6127,11748,0.5215355805243446,0.4367551923731699
val,training_Singapore_Singapore_67,Singapore,1.4,0,0.4924163976365962,4669,11748,0.3974293496765407,0.34405856315968675
val,training_Singapore_Singapore_67,Singapore,1.4,2,0.4928956393924547,4580,11748,0.38985359210078313,0.3425263874702077
val,training_Singapore_Singapore_67,Singapore,1.4,3,0.49348093480934807,4512,11748,0.3840653728294178,0.341504937010555
val,training_Singapore_Singapore_67,Singapore,1.4,5,0.4941627030699858,4441,11748,0.37802179094313926,0.34048348655090227
val,training_Singapore_Singapore_67,Singapore,1.5,0,0.28993404072268425,2200,11748,0.18726591760299627,0.1721144024514811
val,training_Singapore_Singapore_67,Singapore,1.5,2,0.2877904885243543,2151,11748,0.1830949948927477,0.17024174327545114
val,training_Singapore_Singapore_67,Singapore,1.5,3,0.2860644510129046,2123,11748,0.18071161048689138,0.16887980932924754
val,training_Singapore_Singapore_67,Singapore,1.5,5,0.2849501228856441,2086,11748,0.17756213823629555,0.1677732379979571
val,training_Singapore_Singapore_67,Singapore,1.6,0,0.11606217616580311,797,11748,0.06784133469526728,0.06196799455226421
val,training_Singapore_Singapore_67,Singapore,1.6,2,0.11178634255557332,758,11748,0.06452162070139598,0.059499489274770175
val,training_Singapore_Singapore_67,Singapore,1.6,3,0.10849358974358975,732,11748,0.06230847803881512,0.057626830098740214
val,training_Singapore_Singapore_67,Singapore,1.6,5,0.10524624407487748,699,11748,0.059499489274770175,0.05575417092271025
val,training_Singapore_Singapore_69,Singapore,1.05,0,0.10036806342015855,107163,5861,18.28408121480976,0.967752943183757
val,training_Singapore_Singapore_69,Singapore,1.05,2,0.10069271758436944,106739,5861,18.211738611158506,0.9672410851390548
val,training_Singapore_Singapore_69,Singapore,1.05,3,0.10090828138913624,106439,5861,18.16055280668828,0.9667292270943525
val,training_Singapore_Singapore_69,Singapore,1.05,5,0.10112841022711042,106155,5861,18.1120969117898,0.9663879883978843
val,training_Singapore_Singapore_69,Singapore,1.1,0,0.14816490565033402,69285,5861,11.821361542398908,0.9498379116191776
val,training_Singapore_Singapore_69,Singapore,1.1,2,0.1492069025623148,68720,5861,11.724961610646647,0.9493260535744753
val,training_Singapore_Singapore_69,Singapore,1.1,3,0.14985917011441585,68342,5861,11.660467497014162,0.9486435761815389
val,training_Singapore_Singapore_69,Singapore,1.1,5,0.15006980306049147,67918,5861,11.588124893362908,0.9445487118239209
val,training_Singapore_Singapore_69,Singapore,1.15,0,0.2213794540529277,42129,5861,7.188022521753967,0.9063299778194848
val,training_Singapore_Singapore_69,Singapore,1.15,2,0.2242706131078224,41439,5861,7.070295171472445,0.904965023033612
val,training_Singapore_Singapore_69,Singapore,1.15,3,0.22607359344318279,40991,5861,6.993857703463573,0.9036000682477393
val,training_Singapore_Singapore_69,Singapore,1.15,5,0.22761524344164957,40454,5861,6.902235113461867,0.8993345845418871
val,training_Singapore_Singapore_69,Singapore,1.2,0,0.32300712896953987,24999,5861,4.265313086504009,0.8503668315987033
val,training_Singapore_Singapore_69,Singapore,1.2,2,0.3288450722863665,24366,5861,4.157311039071831,0.847978160723426
val,training_Singapore_Singapore_69,Singapore,1.2,3,0.3320271944807261,23998,5861,4.0945231189216855,0.8457601091963829
val,training_Singapore_Singapore_69,Singapore,1.2,5,0.3363893527827954,23480,5861,4.006142296536427,0.8420064835352329
val,training_Singapore_Singapore_69,Singapore,1.25,0,0.43217357310398746,14603,5861,2.4915543422624125,0.7544787578911448
val,training_Singapore_Singapore_69,Singapore,1.25,2,0.4406373308026572,14160,5861,2.415969970994711,0.7526019450605699
val,training_Singapore_Singapore_69,Singapore,1.25,3,0.445444888461733,13908,5861,2.37297389523972,0.7512369902746971
val,training_Singapore_Singapore_69,Singapore,1.25,5,0.450331807191728,13578,5861,2.3166695103224706,0.7468008872206108
val,training_Singapore_Singapore_69,Singapore,1.3,0,0.530990864371047,8369,5861,1.4279133253710972,0.6445998976283911
val,training_Singapore_Singapore_69,Singapore,1.3,2,0.5402035258707181,8093,5861,1.3808223852584882,0.6430643234942842
val,training_Singapore_Singapore_69,Singapore,1.3,3,0.5451776649746193,7929,5861,1.3528408121480977,0.6413581300119433
val,training_Singapore_Singapore_69,Singapore,1.3,5,0.5525366320594949,7720,5861,1.317181368367173,0.6401637945743047
val,training_Singapore_Singapore_69,Singapore,1.35,0,0.5659092999724037,5010,5861,0.8548029346527897,0.5248251151680601
val,training_Singapore_Singapore_69,Singapore,1.35,2,0.5744521445963664,4817,5861,0.8218734004436103,0.5232895410339532
val,training_Singapore_Singapore_69,Singapore,1.35,3,0.5784202569916855,4723,5861,0.8058351817096059,0.5222658249445488
val,training_Singapore_Singapore_69,Singapore,1.35,5,0.5834609494640123,4587,5861,0.7826309503497697,0.5200477734175055
val,training_Singapore_Singapore_69,Singapore,1.4,0,0.5215077605321508,3159,5861,0.5389865210714895,0.4012967070465791
val,training_Singapore_Singapore_69,Singapore,1.4,2,0.5261976887692135,3052,5861,0.5207302508104419,0.40010237160894047
val,training_Singapore_Singapore_69,Singapore,1.4,3,0.5286732270105192,2980,5861,0.5084456577375874,0.39873741682306774
val,training_Singapore_Singapore_69,Singapore,1.4,5,0.5309613410879234,2908,5861,0.496161064664733,0.3972018426889609
val,training_Singapore_Singapore_69,Singapore,1.5,0,0.3311385459533608,1429,5861,0.24381504862651424,0.20593755331854632
val,training_Singapore_Singapore_69,Singapore,1.5,2,0.3282800441014333,1395,5861,0.2380139907865552,0.2032076437468009
val,training_Singapore_Singapore_69,Singapore,1.5,3,0.3276195742327896,1373,5861,0.2342603651254052,0.20218392765739635
val,training_Singapore_Singapore_69,Singapore,1.5,5,0.32636678200692043,1364,5861,0.23272479099129842,0.2011602115679918
val,training_Singapore_Singapore_69,Singapore,1.6,0,0.09427932246724192,397,5861,0.06773588124893364,0.05033270772905647
val,training_Singapore_Singapore_69,Singapore,1.6,2,0.09007853822728001,378,5861,0.06449411363248593,0.047944036853779216
val,training_Singapore_Singapore_69,Singapore,1.6,3,0.08893883448386579,368,5861,0.06278792015014503,0.04726155946084286
val,training_Singapore_Singapore_69,Singapore,1.6,5,0.08131655372700872,337,5861,0.05749872035488825,0.04299607575499061
val,training_Utrecht_Utrecht_19,Utrecht,1.05,0,0.06412495671911668,125649,4316,29.112372567191844,0.9654772937905468
val,training_Utrecht_Utrecht_19,Utrecht,1.05,2,0.06426291195657202,125370,4316,29.04772937905468,0.9654772937905468
val,training_Utrecht_Utrecht_19,Utrecht,1.05,3,0.06435521235521235,125184,4316,29.00463392029657,0.9654772937905468
val,training_Utrecht_Utrecht_19,Utrecht,1.05,5,0.06436539740991165,124946,4316,28.949490268767377,0.963855421686747
val,training_Utrecht_Utrecht_19,Utrecht,1.1,0,0.08555477730625026,92768,4316,21.49397590361446,0.9622335495829472
val,training_Utrecht_Utrecht_19,Utrecht,1.1,2,0.0859129283231253,92340,4316,21.39481000926784,0.9620018535681186
val,training_Utrecht_Utrecht_19,Utrecht,1.1,3,0.08600900770013076,92046,4316,21.326691380908247,0.9601482854494903
val,training_Utrecht_Utrecht_19,Utrecht,1.1,5,0.08639335884947907,91571,4316,21.216635773864688,0.9596848934198332
val,training_Utrecht_Utrecht_19,Utrecht,1.15,0,0.1177392468905384,65873,4316,15.262511584800741,0.9573679332715477
val,training_Utrecht_Utrecht_19,Utrecht,1.15,2,0.11855721892896615,65355,4316,15.142493049119555,0.9569045412418906
val,training_Utrecht_Utrecht_19,Utrecht,1.15,3,0.11926154912893999,64910,4316,15.039388322520853,0.9564411492122336
val,training_Utrecht_Utrecht_19,Utrecht,1.15,5,0.11987942157305334,64353,4316,14.910333642261353,0.953660797034291
val,training_Utrecht_Utrecht_19,Utrecht,1.2,0,0.1644039801796721,45330,4316,10.502780352177943,0.9455514365152919
val,training_Utrecht_Utrecht_19,Utrecht,1.2,2,0.16608306188925082,44804,4316,10.380908248378129,0.9450880444856349
val,training_Utrecht_Utrecht_19,Utrecht,1.2,3,0.16773583353894234,44320,4316,10.268767377201112,0.9450880444856349
val,training_Utrecht_Utrecht_19,Utrecht,1.2,5,0.16902347085407252,43701,4316,10.125347544022242,0.9402224281742354
val,training_Utrecht_Utrecht_19,Utrecht,1.25,0,0.23674024170434063,29527,4316,6.841288229842447,0.928174235403151
val,training_Utrecht_Utrecht_19,Utrecht,1.25,2,0.24005281161855607,29010,4316,6.721501390176089,0.9267840593141798
val,training_Utrecht_Utrecht_19,Utrecht,1.25,3,0.24279985417426175,28600,4316,6.626506024096385,0.9258572752548656
val,training_Utrecht_Utrecht_19,Utrecht,1.25,5,0.24590113317071666,28071,4316,6.503938832252086,0.922613531047266
val,training_Utrecht_Utrecht_19,Utrecht,1.3,0,0.34027354299154977,18642,4316,4.319277108433735,0.9050046339202966
val,training_Utrecht_Utrecht_19,Utrecht,1.3,2,0.34612483918193515,18225,4316,4.222659870250232,0.9038461538461539
val,training_Utrecht_Utrecht_19,Utrecht,1.3,3,0.3515146051208078,17868,4316,4.1399443929564415,0.9033827618164968
val,training_Utrecht_Utrecht_19,Utrecht,1.3,5,0.3570606911148944,17417,4316,4.035449490268768,0.8989805375347544
val,training_Utrecht_Utrecht_19,Utrecht,1.35,0,0.4605956612329942,12002,4316,2.7808155699721966,0.870713623725672
val,training_Utrecht_Utrecht_19,Utrecht,1.35,2,0.4701095461658842,11659,4316,2.7013438368860054,0.8700185356811863
val,training_Utrecht_Utrecht_19,Utrecht,1.35,3,0.4777622021154581,11378,4316,2.6362372567191845,0.868628359592215
val,training_Utrecht_Utrecht_19,Utrecht,1.35,5,0.48648295677158154,10998,4316,2.5481927710843375,0.8630676552363299
val,training_Utrecht_Utrecht_19,Utrecht,1.4,0,0.5763068457679236,8042,4316,1.8632993512511584,0.8250695088044485
val,training_Utrecht_Utrecht_19,Utrecht,1.4,2,0.5880505743326998,7785,4316,1.8037534754402225,0.8243744207599629
val,training_Utrecht_Utrecht_19,Utrecht,1.4,3,0.597256123221951,7565,4316,1.7527803521779426,0.8220574606116775
val,training_Utrecht_Utrecht_19,Utrecht,1.4,5,0.606617963042544,7319,4316,1.6957831325301205,0.8176552363299351
val,training_Utrecht_Utrecht_19,Utrecht,1.5,0,0.7111921586505585,4458,4316,1.0329008341056534,0.7228915662650602
val,training_Utrecht_Utrecht_19,Utrecht,1.5,2,0.7206121029445861,4310,4316,0.9986098239110287,0.7201112140871178
val,training_Utrecht_Utrecht_19,Utrecht,1.5,3,0.729068673565381,4188,4316,0.9703429101019463,0.7182576459684893
val,training_Utrecht_Utrecht_19,Utrecht,1.5,5,0.7383874849578821,3994,4316,0.9253938832252085,0.7108433734939759
val,training_Utrecht_Utrecht_19,Utrecht,1.6,0,0.7021046950890448,3096,4316,0.7173308619091752,0.602873030583874
val,training_Utrecht_Utrecht_19,Utrecht,1.6,2,0.705481319880011,3018,4316,0.6992585727525487,0.5993975903614458
val,training_Utrecht_Utrecht_19,Utrecht,1.6,3,0.7090659340659341,2964,4316,0.6867469879518072,0.5980074142724745
val,training_Utrecht_Utrecht_19,Utrecht,1.6,5,0.7093281510272071,2888,4316,0.6691380908248378,0.5919833178869324
val,training_Utrecht_Utrecht_27,Utrecht,1.05,0,0.00452933639262195,133929,307,436.25081433224756,0.990228013029316
val,training_Utrecht_Utrecht_27,Utrecht,1.05,2,0.004545352601242496,133456,307,434.7100977198697,0.990228013029316
val,training_Utrecht_Utrecht_27,Utrecht,1.05,3,0.0045590539962957685,133054,307,433.40065146579803,0.990228013029316
val,training_Utrecht_Utrecht_27,Utrecht,1.05,5,0.004578140883249877,132498,307,431.5895765472313,0.990228013029316
val,training_Utrecht_Utrecht_27,Utrecht,1.1,0,0.006519757653745108,92948,307,302.76221498371336,0.990228013029316
val,training_Utrecht_Utrecht_27,Utrecht,1.1,2,0.006562968879869604,92334,307,300.76221498371336,0.990228013029316
val,training_Utrecht_Utrecht_27,Utrecht,1.1,3,0.006601161717604907,91798,307,299.01628664495115,0.990228013029316
val,training_Utrecht_Utrecht_27,Utrecht,1.1,5,0.006649532454749275,91128,307,296.8338762214984,0.990228013029316
val,training_Utrecht_Utrecht_27,Utrecht,1.15,0,0.009912450886088331,61030,307,198.79478827361564,0.990228013029316
val,training_Utrecht_Utrecht_27,Utrecht,1.15,2,0.010018785222291797,60379,307,196.6742671009772,0.990228013029316
val,training_Utrecht_Utrecht_27,Utrecht,1.15,3,0.010115126106341918,59801,307,194.7915309446254,0.990228013029316
val,training_Utrecht_Utrecht_27,Utrecht,1.15,5,0.010220892310795817,59179,307,192.7654723127036,0.990228013029316
val,training_Utrecht_Utrecht_27,Utrecht,1.2,0,0.016002526714744433,37687,307,122.75895765472313,0.990228013029316
val,training_Utrecht_Utrecht_27,Utrecht,1.2,2,0.016291532690246517,37013,307,120.56351791530945,0.990228013029316
val,training_Utrecht_Utrecht_27,Utrecht,1.2,3,0.01651366179586072,36511,307,118.92833876221498,0.990228013029316
val,training_Utrecht_Utrecht_27,Utrecht,1.2,5,0.016845371678718864,35786,307,116.56677524429968,0.990228013029316
val,training_Utrecht_Utrecht_27,Utrecht,1.25,0,0.026644389729159338,22437,307,73.08469055374593,0.9869706840390879
val,training_Utrecht_Utrecht_27,Utrecht,1.25,2,0.02742701968771215,21788,307,70.97068403908794,0.9869706840390879
val,training_Utrecht_Utrecht_27,Utrecht,1.25,3,0.028012758285952018,21326,307,69.46579804560261,0.9869706840390879
val,training_Utrecht_Utrecht_27,Utrecht,1.25,5,0.028817347472537922,20722,307,67.49837133550488,0.9869706840390879
val,training_Utrecht_Utrecht_27,Utrecht,1.3,0,0.042263819830359754,13369,307,43.5472312703583,0.9413680781758957
val,training_Utrecht_Utrecht_27,Utrecht,1.3,2,0.04384101941747573,12877,307,41.94462540716612,0.9413680781758957
val,training_Utrecht_Utrecht_27,Utrecht,1.3,3,0.04536179563647779,12435,307,40.504885993485345,0.9413680781758957
val,training_Utrecht_Utrecht_27,Utrecht,1.3,5,0.046674826601387186,11948,307,38.9185667752443,0.9315960912052117
val,training_Utrecht_Utrecht_27,Utrecht,1.35,0,0.06236631768546662,8576,307,27.93485342019544,0.9022801302931596
val,training_Utrecht_Utrecht_27,Utrecht,1.35,2,0.06544595392793857,8158,307,26.57328990228013,0.9022801302931596
val,training_Utrecht_Utrecht_27,Utrecht,1.35,3,0.06667480766882403,7882,307,25.6742671009772,0.8892508143322475
val,training_Utrecht_Utrecht_27,Utrecht,1.35,5,0.06990142107284598,7504,307,24.44299674267101,0.8892508143322475
val,training_Utrecht_Utrecht_27,Utrecht,1.4,0,0.08503240082187451,6020,307,19.60912052117264,0.8762214983713354
val,training_Utrecht_Utrecht_27,Utrecht,1.4,2,0.08922923256201098,5700,307,18.566775244299674,0.8729641693811075
val,training_Utrecht_Utrecht_27,Utrecht,1.4,3,0.09158202788776038,5502,307,17.921824104234528,0.8664495114006515
val,training_Utrecht_Utrecht_27,Utrecht,1.4,5,0.0968681718863802,5185,307,16.889250814332247,0.8664495114006515
val,training_Utrecht_Utrecht_27,Utrecht,1.5,0,0.10866940352571842,3834,307,12.488599348534201,0.7328990228013029
val,training_Utrecht_Utrecht_27,Utrecht,1.5,2,0.11367673179396093,3634,307,11.8371335504886,0.7296416938110749
val,training_Utrecht_Utrecht_27,Utrecht,1.5,3,0.1173081958627913,3512,307,11.439739413680782,0.7296416938110749
val,training_Utrecht_Utrecht_27,Utrecht,1.5,5,0.11501771599890978,3362,307,10.95114006514658,0.6872964169381107
val,training_Utrecht_Utrecht_27,Utrecht,1.6,0,0.10438680755683638,2816,307,9.172638436482085,0.5309446254071661
val,training_Utrecht_Utrecht_27,Utrecht,1.6,2,0.10876132930513595,2672,307,8.703583061889251,0.5276872964169381
val,training_Utrecht_Utrecht_27,Utrecht,1.6,3,0.1078667124699416,2604,307,8.482084690553746,0.511400651465798
val,training_Utrecht_Utrecht_27,Utrecht,1.6,5,0.11174377224199289,2503,307,8.153094462540716,0.511400651465798
val,training_Utrecht_Utrecht_33,Utrecht,1.05,0,0.017902390293278996,149721,1432,104.55377094972067,0.9448324022346368
val,training_Utrecht_Utrecht_33,Utrecht,1.05,2,0.01792604181859164,149410,1432,104.33659217877096,0.9441340782122905
val,training_Utrecht_Utrecht_33,Utrecht,1.05,3,0.017951986403229234,149192,1432,104.18435754189944,0.9441340782122905
val,training_Utrecht_Utrecht_33,Utrecht,1.05,5,0.017946824715797595,148901,1432,103.98114525139665,0.9420391061452514
val,training_Utrecht_Utrecht_33,Utrecht,1.1,0,0.02352178786605016,112760,1432,78.74301675977654,0.9378491620111732
val,training_Utrecht_Utrecht_33,Utrecht,1.1,2,0.023587517246834052,112357,1432,78.46159217877096,0.9371508379888268
val,training_Utrecht_Utrecht_33,Utrecht,1.1,3,0.02365028593583406,112055,1432,78.25069832402235,0.9371508379888268
val,training_Utrecht_Utrecht_33,Utrecht,1.1,5,0.023734568992960985,111652,1432,77.96927374301676,0.9371508379888268
val,training_Utrecht_Utrecht_33,Utrecht,1.15,0,0.03180713615475302,81694,1432,57.048882681564244,0.9231843575418994
val,training_Utrecht_Utrecht_33,Utrecht,1.15,2,0.03201511152011237,81154,1432,56.67178770949721,0.9231843575418994
val,training_Utrecht_Utrecht_33,Utrecht,1.15,3,0.03217327816987101,80748,1432,56.38826815642458,0.9231843575418994
val,training_Utrecht_Utrecht_33,Utrecht,1.15,5,0.03209119882324099,80148,1432,55.96927374301676,0.9141061452513967
val,training_Utrecht_Utrecht_33,Utrecht,1.2,0,0.04447487802790379,56983,1432,39.792597765363126,0.9071229050279329
val,training_Utrecht_Utrecht_33,Utrecht,1.2,2,0.04487390019187222,56419,1432,39.398743016759774,0.9064245810055865
val,training_Utrecht_Utrecht_33,Utrecht,1.2,3,0.04523987940679295,55951,1432,39.07192737430167,0.9064245810055865
val,training_Utrecht_Utrecht_33,Utrecht,1.2,5,0.044960448195063514,55329,1432,38.637569832402235,0.8910614525139665
val,training_Utrecht_Utrecht_33,Utrecht,1.25,0,0.06390544654506383,37657,1432,26.296787709497206,0.8722067039106145
val,training_Utrecht_Utrecht_33,Utrecht,1.25,2,0.0646366135809514,37122,1432,25.9231843575419,0.8701117318435754
val,training_Utrecht_Utrecht_33,Utrecht,1.25,3,0.06500996120373283,36716,1432,25.639664804469273,0.8659217877094972
val,training_Utrecht_Utrecht_33,Utrecht,1.25,5,0.06408757572536933,36204,1432,25.282122905027933,0.8421787709497207
val,training_Utrecht_Utrecht_33,Utrecht,1.3,0,0.09428221440708104,23875,1432,16.672486033519554,0.8331005586592178
val,training_Utrecht_Utrecht_33,Utrecht,1.3,2,0.09569377990430622,23439,1432,16.368016759776538,0.8310055865921788
val,training_Utrecht_Utrecht_33,Utrecht,1.3,3,0.09570002037905033,23103,1432,16.133379888268156,0.8198324022346368
val,training_Utrecht_Utrecht_33,Utrecht,1.3,5,0.0967741935483871,22624,1432,15.798882681564246,0.8128491620111732
val,training_Utrecht_Utrecht_33,Utrecht,1.35,0,0.14074772227458374,14483,1432,10.113826815642458,0.7821229050279329
val,training_Utrecht_Utrecht_33,Utrecht,1.35,2,0.14320606761794574,14126,1432,9.864525139664805,0.7779329608938548
val,training_Utrecht_Utrecht_33,Utrecht,1.35,3,0.14469200524246395,13828,1432,9.656424581005586,0.770949720670391
val,training_Utrecht_Utrecht_33,Utrecht,1.35,5,0.14649211144679422,13463,1432,9.401536312849162,0.7618715083798883
val,training_Utrecht_Utrecht_33,Utrecht,1.4,0,0.21046301864101022,8546,1432,5.967877094972067,0.7332402234636871
val,training_Utrecht_Utrecht_33,Utrecht,1.4,2,0.21444788441692467,8258,1432,5.766759776536313,0.7255586592178771
val,training_Utrecht_Utrecht_33,Utrecht,1.4,3,0.2191142191142191,8006,1432,5.590782122905028,0.7220670391061452
val,training_Utrecht_Utrecht_33,Utrecht,1.4,5,0.22271030090050517,7674,1432,5.358938547486034,0.7081005586592178
val,training_Utrecht_Utrecht_33,Utrecht,1.5,0,0.40594285714285716,2943,1432,2.055167597765363,0.6201117318435754
val,training_Utrecht_Utrecht_33,Utrecht,1.5,2,0.4194470924690181,2764,1432,1.9301675977653632,0.6145251396648045
val,training_Utrecht_Utrecht_33,Utrecht,1.5,3,0.42626163645271925,2650,1432,1.850558659217877,0.6075418994413407
val,training_Utrecht_Utrecht_33,Utrecht,1.5,5,0.4366412213740458,2498,1432,1.744413407821229,0.5991620111731844
val,training_Utrecht_Utrecht_33,Utrecht,1.6,0,0.5436370626682046,1169,1432,0.8163407821229051,0.4937150837988827
val,training_Utrecht_Utrecht_33,Utrecht,1.6,2,0.55357848952155,1097,1432,0.7660614525139665,0.4888268156424581
val,training_Utrecht_Utrecht_33,Utrecht,1.6,3,0.5562273276904474,1049,1432,0.7325418994413407,0.4818435754189944
val,training_Utrecht_Utrecht_33,Utrecht,1.6,5,0.5627849150435142,981,1432,0.6850558659217877,0.47416201117318435
val,training_Utrecht_Utrecht_6,Utrecht,1.05,0,0.008148921541164787,156432,644,242.90683229813664,0.9937888198757764
val,training_Utrecht_Utrecht_6,Utrecht,1.05,2,0.008167849303180357,156068,644,242.3416149068323,0.9937888198757764
val,training_Utrecht_Utrecht_6,Utrecht,1.05,3,0.008184771210067268,155744,644,241.8385093167702,0.9937888198757764
val,training_Utrecht_Utrecht_6,Utrecht,1.05,5,0.00820334029762744,155390,644,241.2888198757764,0.9937888198757764
val,training_Utrecht_Utrecht_6,Utrecht,1.1,0,0.011446485855934675,109084,644,169.38509316770185,0.9751552795031055
val,training_Utrecht_Utrecht_6,Utrecht,1.1,2,0.011500673009129117,108567,644,168.58229813664596,0.9751552795031055
val,training_Utrecht_Utrecht_6,Utrecht,1.1,3,0.011551868441141575,108083,644,167.83074534161491,0.9751552795031055
val,training_Utrecht_Utrecht_6,Utrecht,1.1,5,0.011613070251678162,107510,644,166.94099378881987,0.9751552795031055
val,training_Utrecht_Utrecht_6,Utrecht,1.15,0,0.01715351842053967,71178,644,110.5248447204969,0.9565217391304348
val,training_Utrecht_Utrecht_6,Utrecht,1.15,2,0.017325270707354803,70466,644,109.4192546583851,0.9565217391304348
val,training_Utrecht_Utrecht_6,Utrecht,1.15,3,0.01745784327617968,69926,644,108.5807453416149,0.9565217391304348
val,training_Utrecht_Utrecht_6,Utrecht,1.15,5,0.017659031619986814,69122,644,107.33229813664596,0.9565217391304348
val,training_Utrecht_Utrecht_6,Utrecht,1.2,0,0.026375604816023406,43791,644,67.99844720496894,0.9099378881987578
val,training_Utrecht_Utrecht_6,Utrecht,1.2,2,0.02682781669184636,43042,644,66.83540372670808,0.9099378881987578
val,training_Utrecht_Utrecht_6,Utrecht,1.2,3,0.027238077530910104,42384,644,65.8136645962733,0.9099378881987578
val,training_Utrecht_Utrecht_6,Utrecht,1.2,5,0.02753424008340837,41558,644,64.53105590062111,0.9021739130434783
val,training_Utrecht_Utrecht_6,Utrecht,1.25,0,0.041419662791592884,25334,644,39.338509316770185,0.8354037267080745
val,training_Utrecht_Utrecht_6,Utrecht,1.25,2,0.04253132534882802,24655,644,38.28416149068323,0.8354037267080745
val,training_Utrecht_Utrecht_6,Utrecht,1.25,3,0.04341335485172483,24141,644,37.4860248447205,0.8354037267080745
val,training_Utrecht_Utrecht_6,Utrecht,1.25,5,0.04401445002698999,23439,644,36.39596273291925,0.8229813664596274
val,training_Utrecht_Utrecht_6,Utrecht,1.3,0,0.06554040301241604,14095,644,21.88664596273292,0.75
val,training_Utrecht_Utrecht_6,Utrecht,1.3,2,0.06788032740615298,13528,644,21.006211180124225,0.7468944099378882
val,training_Utrecht_Utrecht_6,Utrecht,1.3,3,0.06973358567477071,13094,644,20.332298136645964,0.7437888198757764
val,training_Utrecht_Utrecht_6,Utrecht,1.3,5,0.07171678720974496,12491,644,19.395962732919255,0.7313664596273292
val,training_Utrecht_Utrecht_6,Utrecht,1.35,0,0.10013238656878085,7665,644,11.902173913043478,0.6459627329192547
val,training_Utrecht_Utrecht_6,Utrecht,1.35,2,0.10511616097499048,7233,644,11.23136645962733,0.6428571428571429
val,training_Utrecht_Utrecht_6,Utrecht,1.35,3,0.10892267019167218,6921,644,10.746894409937887,0.639751552795031
val,training_Utrecht_Utrecht_6,Utrecht,1.35,5,0.11164847312422274,6593,644,10.237577639751553,0.6273291925465838
val,training_Utrecht_Utrecht_6,Utrecht,1.4,0,0.14433880726015558,3984,644,6.186335403726708,0.5186335403726708
val,training_Utrecht_Utrecht_6,Utrecht,1.4,2,0.15295748613678373,3684,644,5.720496894409938,0.5139751552795031
val,training_Utrecht_Utrecht_6,Utrecht,1.4,3,0.1569682151589242,3446,644,5.350931677018633,0.4984472049689441
val,training_Utrecht_Utrecht_6,Utrecht,1.4,5,0.16398629053519642,3149,644,4.8897515527950315,0.4829192546583851
val,training_Utrecht_Utrecht_6,Utrecht,1.5,0,0.1938534278959811,1048,644,1.6273291925465838,0.2546583850931677
val,training_Utrecht_Utrecht_6,Utrecht,1.5,2,0.20755925688661114,917,644,1.423913043478261,0.2515527950310559
val,training_Utrecht_Utrecht_6,Utrecht,1.5,3,0.21681723419041002,795,644,1.234472049689441,0.2422360248447205
val,training_Utrecht_Utrecht_6,Utrecht,1.5,5,0.24081313526192338,635,644,0.9860248447204969,0.2391304347826087
val,training_Utrecht_Utrecht_6,Utrecht,1.6,0,0.18236472945891782,354,644,0.5496894409937888,0.14130434782608695
val,training_Utrecht_Utrecht_6,Utrecht,1.6,2,0.18967334035827185,305,644,0.47360248447204967,0.13975155279503104
val,training_Utrecht_Utrecht_6,Utrecht,1.6,3,0.185226019845645,263,644,0.4083850931677019,0.13043478260869565
val,training_Utrecht_Utrecht_6,Utrecht,1.6,5,0.1837968561064087,183,644,0.2841614906832298,0.11801242236024845
