experiment,scheme,candidate,subject_key,site,repeat,fold,y_true,y_pred,tuned_value,converged
full_features,4class,regression_then_threshold,training_Amsterdam_GE3T_100,Amsterdam,0,0,1,1,1.0,True
full_features,4class,regression_then_threshold,training_Amsterdam_GE3T_105,Amsterdam,0,0,2,2,1.0,True
full_features,4class,regression_then_threshold,training_Amsterdam_GE3T_107,Amsterdam,0,0,1,2,1.0,True
full_features,4class,regression_then_threshold,training_Amsterdam_GE3T_108,Amsterdam,0,0,0,0,1.0,True
full_features,4class,regression_then_threshold,training_Amsterdam_GE3T_116,Amsterdam,0,0,0,1,1.0,True
full_features,4class,regression_then_threshold,training_Singapore_Singapore_51,Singapore,0,0,3,3,1.0,True
full_features,4class,regression_then_threshold,training_Singapore_Singapore_54,Singapore,0,0,0,0,1.0,True
full_features,4class,regression_then_threshold,training_Singapore_Singapore_60,Singapore,0,0,3,3,1.0,True
full_features,4class,regression_then_threshold,training_Singapore_Singapore_67,Singapore,0,0,3,3,1.0,True
full_features,4class,regression_then_threshold,training_Singapore_Singapore_68,Singapore,0,0,3,3,1.0,True
full_features,4class,regression_then_threshold,training_Utrecht_Utrecht_0,Utrecht,0,0,3,3,1.0,True
full_features,4class,regression_then_threshold,training_Utrecht_Utrecht_11,Utrecht,0,0,0,0,1.0,True
full_features,4class,regression_then_threshold,training_Amsterdam_GE3T_113,Amsterdam,0,1,3,3,0.1,True
full_features,4class,regression_then_threshold,training_Amsterdam_GE3T_126,Amsterdam,0,1,2,3,0.1,True
full_features,4class,regression_then_threshold,training_Amsterdam_GE3T_132,Amsterdam,0,1,3,3,0.1,True
full_features,4class,regression_then_threshold,training_Amsterdam_GE3T_137,Amsterdam,0,1,1,1,0.1,True
full_features,4class,regression_then_threshold,training_Singapore_Singapore_53,Singapore,0,1,0,0,0.1,True
full_features,4class,regression_then_threshold,training_Singapore_Singapore_66,Singapore,0,1,2,1,0.1,True
full_features,4class,regression_then_threshold,training_Singapore_Singapore_69,Singapore,0,1,3,2,0.1,True
full_features,4class,regression_then_threshold,training_Utrecht_Utrecht_17,Utrecht,0,1,1,0,0.1,True
full_features,4class,regression_then_threshold,training_Utrecht_Utrecht_2,Utrecht,0,1,3,3,0.1,True
full_features,4class,regression_then_threshold,training_Utrecht_Utrecht_23,Utrecht,0,1,0,0,0.1,True
full_features,4class,regression_then_threshold,training_Utrecht_Utrecht_37,Utrecht,0,1,3,3,0.1,True
full_features,4class,regression_then_threshold,training_Utrecht_Utrecht_8,Utrecht,0,1,0,0,0.1,True
full_features,4class,regression_then_threshold,training_Amsterdam_GE3T_102,Amsterdam,0,2,1,0,1.0,True
full_features,4class,regression_then_threshold,training_Amsterdam_GE3T_103,Amsterdam,0,2,3,3,1.0,True
full_features,4class,regression_then_threshold,training_Amsterdam_GE3T_104,Amsterdam,0,2,3,3,1.0,True
full_features,4class,regression_then_threshold,training_Amsterdam_GE3T_106,Amsterdam,0,2,0,1,1.0,True
full_features,4class,regression_then_threshold,training_Amsterdam_GE3T_109,Amsterdam,0,2,0,0,1.0,True
full_features,4class,regression_then_threshold,training_Singapore_Singapore_52,Singapore,0,2,1,1,1.0,True
full_features,4class,regression_then_threshold,training_Singapore_Singapore_57,Singapore,0,2,2,2,1.0,True
full_features,4class,regression_then_threshold,training_Singapore_Singapore_64,Singapore,0,2,2,2,1.0,True
full_features,4class,regression_then_threshold,training_Singapore_Singapore_65,Singapore,0,2,3,3,1.0,True
full_features,4class,regression_then_threshold,training_Utrecht_Utrecht_27,Utrecht,0,2,0,0,1.0,True
full_features,4class,regression_then_threshold,training_Utrecht_Utrecht_29,Utrecht,0,2,3,3,1.0,True
full_features,4class,regression_then_threshold,training_Utrecht_Utrecht_49,Utrecht,0,2,3,3,1.0,True
full_features,4class,regression_then_threshold,training_Amsterdam_GE3T_114,Amsterdam,0,3,2,3,0.1,True
full_features,4class,regression_then_threshold,training_Amsterdam_GE3T_115,Amsterdam,0,3,0,1,0.1,True
full_features,4class,regression_then_threshold,training_Amsterdam_GE3T_144,Amsterdam,0,3,0,0,0.1,True
full_features,4class,regression_then_threshold,training_Singapore_Singapore_50,Singapore,0,3,3,3,0.1,True
full_features,4class,regression_then_threshold,training_Singapore_Singapore_55,Singapore,0,3,0,1,0.1,True
full_features,4class,regression_then_threshold,training_Singapore_Singapore_56,Singapore,0,3,2,2,0.1,True
full_features,4class,regression_then_threshold,training_Singapore_Singapore_63,Singapore,0,3,3,3,0.1,True
full_features,4class,regression_then_threshold,training_Utrecht_Utrecht_25,Utrecht,0,3,3,3,0.1,True
full_features,4class,regression_then_threshold,training_Utrecht_Utrecht_31,Utrecht,0,3,3,3,0.1,True
full_features,4class,regression_then_threshold,training_Utrecht_Utrecht_33,Utrecht,0,3,1,0,0.1,True
full_features,4class,regression_then_threshold,training_Utrecht_Utrecht_39,Utrecht,0,3,3,3,0.1,True
full_features,4class,regression_then_threshold,training_Utrecht_Utrecht_6,Utrecht,0,3,0,0,0.1,True
full_features,4class,regression_then_threshold,training_Amsterdam_GE3T_101,Amsterdam,0,4,0,0,1.0,True
full_features,4class,regression_then_threshold,training_Amsterdam_GE3T_110,Amsterdam,0,4,0,0,1.0,True
full_features,4class,regression_then_threshold,training_Amsterdam_GE3T_112,Amsterdam,0,4,1,1,1.0,True
full_features,4class,regression_then_threshold,training_Singapore_Singapore_58,Singapore,0,4,0,0,1.0,True
full_features,4class,regression_then_threshold,training_Singapore_Singapore_59,Singapore,0,4,3,2,1.0,True
full_features,4class,regression_then_threshold,training_Singapore_Singapore_61,Singapore,0,4,2,2,1.0,True
full_features,4class,regression_then_threshold,training_Singapore_Singapore_62,Singapore,0,4,3,3,1.0,True
full_features,4class,regression_then_threshold,training_Utrecht_Utrecht_19,Utrecht,0,4,2,3,1.0,True
full_features,4class,regression_then_threshold,training_Utrecht_Utrecht_21,Utrecht,0,4,3,3,1.0,True
full_features,4class,regression_then_threshold,training_Utrecht_Utrecht_35,Utrecht,0,4,0,1,1.0,True
full_features,4class,regression_then_threshold,training_Utrecht_Utrecht_4,Utrecht,0,4,3,3,1.0,True
full_features,4class,regression_then_threshold,training_Utrecht_Utrecht_41,Utrecht,0,4,3,3,1.0,True
full_features,4class,regression_then_threshold,training_Amsterdam_GE3T_101,Amsterdam,1,0,0,0,0.1,True
full_features,4class,regression_then_threshold,training_Amsterdam_GE3T_106,Amsterdam,1,0,0,1,0.1,True
full_features,4class,regression_then_threshold,training_Amsterdam_GE3T_107,Amsterdam,1,0,1,1,0.1,True
full_features,4class,regression_then_threshold,training_Amsterdam_GE3T_112,Amsterdam,1,0,1,1,0.1,True
full_features,4class,regression_then_threshold,training_Amsterdam_GE3T_113,Amsterdam,1,0,3,3,0.1,True
full_features,4class,regression_then_threshold,training_Singapore_Singapore_62,Singapore,1,0,3,3,0.1,True
full_features,4class,regression_then_threshold,training_Singapore_Singapore_66,Singapore,1,0,2,1,0.1,True
full_features,4class,regression_then_threshold,training_Singapore_Singapore_69,Singapore,1,0,3,2,0.1,True
full_features,4class,regression_then_threshold,training_Utrecht_Utrecht_2,Utrecht,1,0,3,3,0.1,True
full_features,4class,regression_then_threshold,training_Utrecht_Utrecht_27,Utrecht,1,0,0,0,0.1,True
full_features,4class,regression_then_threshold,training_Utrecht_Utrecht_35,Utrecht,1,0,0,1,0.1,True
full_features,4class,regression_then_threshold,training_Utrecht_Utrecht_49,Utrecht,1,0,3,3,0.1,True
full_features,4class,regression_then_threshold,training_Amsterdam_GE3T_114,Amsterdam,1,1,2,3,1.0,True
full_features,4class,regression_then_threshold,training_Amsterdam_GE3T_116,Amsterdam,1,1,0,1,1.0,True
full_features,4class,regression_then_threshold,training_Amsterdam_GE3T_137,Amsterdam,1,1,1,1,1.0,True
full_features,4class,regression_then_threshold,training_Amsterdam_GE3T_144,Amsterdam,1,1,0,0,1.0,True
full_features,4class,regression_then_threshold,training_Singapore_Singapore_50,Singapore,1,1,3,3,1.0,True
full_features,4class,regression_then_threshold,training_Singapore_Singapore_59,Singapore,1,1,3,2,1.0,True
full_features,4class,regression_then_threshold,training_Singapore_Singapore_65,Singapore,1,1,3,3,1.0,True
full_features,4class,regression_then_threshold,training_Singapore_Singapore_67,Singapore,1,1,3,3,1.0,True
full_features,4class,regression_then_threshold,training_Utrecht_Utrecht_11,Utrecht,1,1,0,1,1.0,True
full_features,4class,regression_then_threshold,training_Utrecht_Utrecht_17,Utrecht,1,1,1,0,1.0,True
full_features,4class,regression_then_threshold,training_Utrecht_Utrecht_19,Utrecht,1,1,2,3,1.0,True
full_features,4class,regression_then_threshold,training_Utrecht_Utrecht_37,Utrecht,1,1,3,3,1.0,True
full_features,4class,regression_then_threshold,training_Amsterdam_GE3T_100,Amsterdam,1,2,1,1,1.0,True
full_features,4class,regression_then_threshold,training_Amsterdam_GE3T_105,Amsterdam,1,2,2,2,1.0,True
full_features,4class,regression_then_threshold,training_Amsterdam_GE3T_110,Amsterdam,1,2,0,0,1.0,True
full_features,4class,regression_then_threshold,training_Amsterdam_GE3T_126,Amsterdam,1,2,2,3,1.0,True
full_features,4class,regression_then_threshold,training_Singapore_Singapore_52,Singapore,1,2,1,1,1.0,True
full_features,4class,regression_then_threshold,training_Singapore_Singapore_55,Singapore,1,2,0,0,1.0,True
full_features,4class,regression_then_threshold,training_Singapore_Singapore_60,Singapore,1,2,3,3,1.0,True
full_features,4class,regression_then_threshold,training_Singapore_Singapore_63,Singapore,1,2,3,3,1.0,True
full_features,4class,regression_then_threshold,training_Utrecht_Utrecht_21,Utrecht,1,2,3,3,1.0,True
full_features,4class,regression_then_threshold,training_Utrecht_Utrecht_39,Utrecht,1,2,3,3,1.0,True
full_features,4class,regression_then_threshold,training_Utrecht_Utrecht_41,Utrecht,1,2,3,3,1.0,True
full_features,4class,regression_then_threshold,training_Utrecht_Utrecht_6,Utrecht,1,2,0,0,1.0,True
full_features,4class,regression_then_threshold,training_Amsterdam_GE3T_103,Amsterdam,1,3,3,3,0.1,True
full_features,4class,regression_then_threshold,training_Amsterdam_GE3T_104,Amsterdam,1,3,3,3,0.1,True
full_features,4class,regression_then_threshold,training_Amsterdam_GE3T_109,Amsterdam,1,3,0,0,0.1,True
full_features,4class,regression_then_threshold,training_Singapore_Singapore_51,Singapore,1,3,3,3,0.1,True
full_features,4class,regression_then_threshold,training_Singapore_Singapore_53,Singapore,1,3,0,0,0.1,True
full_features,4class,regression_then_threshold,training_Singapore_Singapore_56,Singapore,1,3,2,2,0.1,True
full_features,4class,regression_then_threshold,training_Singapore_Singapore_58,Singapore,1,3,0,0,0.1,True
full_features,4class,regression_then_threshold,training_Singapore_Singapore_61,Singapore,1,3,2,2,0.1,True
full_features,4class,regression_then_threshold,training_Singapore_Singapore_68,Singapore,1,3,3,3,0.1,True
full_features,4class,regression_then_threshold,training_Utrecht_Utrecht_23,Utrecht,1,3,0,0,0.1,True
full_features,4class,regression_then_threshold,training_Utrecht_Utrecht_33,Utrecht,1,3,1,1,0.1,True
full_features,4class,regression_then_threshold,training_Utrecht_Utrecht_4,Utrecht,1,3,3,3,0.1,True
full_features,4class,regression_then_threshold,training_Amsterdam_GE3T_102,Amsterdam,1,4,1,0,1.0,True
full_features,4class,regression_then_threshold,training_Amsterdam_GE3T_108,Amsterdam,1,4,0,0,1.0,True
full_features,4class,regression_then_threshold,training_Amsterdam_GE3T_115,Amsterdam,1,4,0,1,1.0,True
full_features,4class,regression_then_threshold,training_Amsterdam_GE3T_132,Amsterdam,1,4,3,3,1.0,True
full_features,4class,regression_then_threshold,training_Singapore_Singapore_54,Singapore,1,4,0,0,1.0,True
full_features,4class,regression_then_threshold,training_Singapore_Singapore_57,Singapore,1,4,2,2,1.0,True
full_features,4class,regression_then_threshold,training_Singapore_Singapore_64,Singapore,1,4,2,2,1.0,True
full_features,4class,regression_then_threshold,training_Utrecht_Utrecht_0,Utrecht,1,4,3,3,1.0,True
full_features,4class,regression_then_threshold,training_Utrecht_Utrecht_25,Utrecht,1,4,3,3,1.0,True
full_features,4class,regression_then_threshold,training_Utrecht_Utrecht_29,Utrecht,1,4,3,3,1.0,True
full_features,4class,regression_then_threshold,training_Utrecht_Utrecht_31,Utrecht,1,4,3,3,1.0,True
full_features,4class,regression_then_threshold,training_Utrecht_Utrecht_8,Utrecht,1,4,0,0,1.0,True
full_features,4class,regression_then_threshold,training_Amsterdam_GE3T_101,Amsterdam,2,0,0,0,0.1,True
full_features,4class,regression_then_threshold,training_Amsterdam_GE3T_104,Amsterdam,2,0,3,3,0.1,True
full_features,4class,regression_then_threshold,training_Amsterdam_GE3T_114,Amsterdam,2,0,2,3,0.1,True
full_features,4class,regression_then_threshold,training_Singapore_Singapore_52,Singapore,2,0,1,1,0.1,True
full_features,4class,regression_then_threshold,training_Singapore_Singapore_55,Singapore,2,0,0,0,0.1,True
full_features,4class,regression_then_threshold,training_Singapore_Singapore_65,Singapore,2,0,3,3,0.1,True
full_features,4class,regression_then_threshold,training_Utrecht_Utrecht_17,Utrecht,2,0,1,0,0.1,True
full_features,4class,regression_then_threshold,training_Utrecht_Utrecht_35,Utrecht,2,0,0,0,0.1,True
full_features,4class,regression_then_threshold,training_Utrecht_Utrecht_4,Utrecht,2,0,3,3,0.1,True
full_features,4class,regression_then_threshold,training_Utrecht_Utrecht_41,Utrecht,2,0,3,3,0.1,True
full_features,4class,regression_then_threshold,training_Utrecht_Utrecht_49,Utrecht,2,0,3,3,0.1,True
full_features,4class,regression_then_threshold,training_Utrecht_Utrecht_6,Utrecht,2,0,0,0,0.1,True
full_features,4class,regression_then_threshold,training_Amsterdam_GE3T_103,Amsterdam,2,1,3,3,1.0,True
full_features,4class,regression_then_threshold,training_Amsterdam_GE3T_112,Amsterdam,2,1,1,1,1.0,True
full_features,4class,regression_then_threshold,training_Amsterdam_GE3T_137,Amsterdam,2,1,1,1,1.0,True
full_features,4class,regression_then_threshold,training_Singapore_Singapore_53,Singapore,2,1,0,0,1.0,True
full_features,4class,regression_then_threshold,training_Singapore_Singapore_56,Singapore,2,1,2,2,1.0,True
full_features,4class,regression_then_threshold,training_Singapore_Singapore_58,Singapore,2,1,0,0,1.0,True
full_features,4class,regression_then_threshold,training_Singapore_Singapore_59,Singapore,2,1,3,2,1.0,True
full_features,4class,regression_then_threshold,training_Singapore_Singapore_66,Singapore,2,1,2,1,1.0,True
full_features,4class,regression_then_threshold,training_Utrecht_Utrecht_21,Utrecht,2,1,3,3,1.0,True
full_features,4class,regression_then_threshold,training_Utrecht_Utrecht_27,Utrecht,2,1,0,0,1.0,True
full_features,4class,regression_then_threshold,training_Utrecht_Utrecht_31,Utrecht,2,1,3,3,1.0,True
full_features,4class,regression_then_threshold,training_Utrecht_Utrecht_37,Utrecht,2,1,3,3,1.0,True
full_features,4class,regression_then_threshold,training_Amsterdam_GE3T_100,Amsterdam,2,2,1,1,1.0,True
full_features,4class,regression_then_threshold,training_Amsterdam_GE3T_107,Amsterdam,2,2,1,2,1.0,True
full_features,4class,regression_then_threshold,training_Amsterdam_GE3T_109,Amsterdam,2,2,0,0,1.0,True
full_features,4class,regression_then_threshold,training_Amsterdam_GE3T_116,Amsterdam,2,2,0,1,1.0,True
full_features,4class,regression_then_threshold,training_Amsterdam_GE3T_126,Amsterdam,2,2,2,3,1.0,True
full_features,4class,regression_then_threshold,training_Singapore_Singapore_57,Singapore,2,2,2,2,1.0,True
full_features,4class,regression_then_threshold,training_Singapore_Singapore_63,Singapore,2,2,3,3,1.0,True
full_features,4class,regression_then_threshold,training_Utrecht_Utrecht_0,Utrecht,2,2,3,3,1.0,True
full_features,4class,regression_then_threshold,training_Utrecht_Utrecht_11,Utrecht,2,2,0,0,1.0,True
full_features,4class,regression_then_threshold,training_Utrecht_Utrecht_2,Utrecht,2,2,3,3,1.0,True
full_features,4class,regression_then_threshold,training_Utrecht_Utrecht_29,Utrecht,2,2,3,3,1.0,True
full_features,4class,regression_then_threshold,training_Utrecht_Utrecht_39,Utrecht,2,2,3,3,1.0,True
full_features,4class,regression_then_threshold,training_Amsterdam_GE3T_110,Amsterdam,2,3,0,0,0.1,True
full_features,4class,regression_then_threshold,training_Amsterdam_GE3T_113,Amsterdam,2,3,3,3,0.1,True
full_features,4class,regression_then_threshold,training_Amsterdam_GE3T_132,Amsterdam,2,3,3,3,0.1,True
full_features,4class,regression_then_threshold,training_Amsterdam_GE3T_144,Amsterdam,2,3,0,0,0.1,True
full_features,4class,regression_then_threshold,training_Singapore_Singapore_51,Singapore,2,3,3,3,0.1,True
full_features,4class,regression_then_threshold,training_Singapore_Singapore_54,Singapore,2,3,0,0,0.1,True
full_features,4class,regression_then_threshold,training_Singapore_Singapore_60,Singapore,2,3,3,3,0.1,True
full_features,4class,regression_then_threshold,training_Singapore_Singapore_61,Singapore,2,3,2,2,0.1,True
full_features,4class,regression_then_threshold,training_Utrecht_Utrecht_19,Utrecht,2,3,2,3,0.1,True
full_features,4class,regression_then_threshold,training_Utrecht_Utrecht_25,Utrecht,2,3,3,3,0.1,True
full_features,4class,regression_then_threshold,training_Utrecht_Utrecht_33,Utrecht,2,3,1,1,0.1,True
full_features,4class,regression_then_threshold,training_Utrecht_Utrecht_8,Utrecht,2,3,0,0,0.1,True
full_features,4class,regression_then_threshold,training_Amsterdam_GE3T_102,Amsterdam,2,4,1,0,0.1,True
full_features,4class,regression_then_threshold,training_Amsterdam_GE3T_105,Amsterdam,2,4,2,2,0.1,True
full_features,4class,regression_then_threshold,training_Amsterdam_GE3T_106,Amsterdam,2,4,0,0,0.1,True
full_features,4class,regression_then_threshold,training_Amsterdam_GE3T_108,Amsterdam,2,4,0,0,0.1,True
full_features,4class,regression_then_threshold,training_Amsterdam_GE3T_115,Amsterdam,2,4,0,1,0.1,True
full_features,4class,regression_then_threshold,training_Singapore_Singapore_50,Singapore,2,4,3,3,0.1,True
full_features,4class,regression_then_threshold,training_Singapore_Singapore_62,Singapore,2,4,3,3,0.1,True
full_features,4class,regression_then_threshold,training_Singapore_Singapore_64,Singapore,2,4,2,2,0.1,True
full_features,4class,regression_then_threshold,training_Singapore_Singapore_67,Singapore,2,4,3,3,0.1,True
full_features,4class,regression_then_threshold,training_Singapore_Singapore_68,Singapore,2,4,3,3,0.1,True
full_features,4class,regression_then_threshold,training_Singapore_Singapore_69,Singapore,2,4,3,2,0.1,True
full_features,4class,regression_then_threshold,training_Utrecht_Utrecht_23,Utrecht,2,4,0,0,0.1,True
full_features,4class,regression_then_threshold,training_Amsterdam_GE3T_107,Amsterdam,3,0,1,1,1.0,True
full_features,4class,regression_then_threshold,training_Amsterdam_GE3T_108,Amsterdam,3,0,0,0,1.0,True
full_features,4class,regression_then_threshold,training_Amsterdam_GE3T_113,Amsterdam,3,0,3,3,1.0,True
full_features,4class,regression_then_threshold,training_Amsterdam_GE3T_144,Amsterdam,3,0,0,0,1.0,True
full_features,4class,regression_then_threshold,training_Singapore_Singapore_54,Singapore,3,0,0,0,1.0,True
full_features,4class,regression_then_threshold,training_Singapore_Singapore_64,Singapore,3,0,2,2,1.0,True
full_features,4class,regression_then_threshold,training_Singapore_Singapore_65,Singapore,3,0,3,3,1.0,True
full_features,4class,regression_then_threshold,training_Singapore_Singapore_68,Singapore,3,0,3,3,1.0,True
full_features,4class,regression_then_threshold,training_Singapore_Singapore_69,Singapore,3,0,3,2,1.0,True
full_features,4class,regression_then_threshold,training_Utrecht_Utrecht_17,Utrecht,3,0,1,1,1.0,True
full_features,4class,regression_then_threshold,training_Utrecht_Utrecht_27,Utrecht,3,0,0,1,1.0,True
full_features,4class,regression_then_threshold,training_Utrecht_Utrecht_49,Utrecht,3,0,3,3,1.0,True
full_features,4class,regression_then_threshold,training_Amsterdam_GE3T_101,Amsterdam,3,1,0,0,1.0,True
full_features,4class,regression_then_threshold,training_Amsterdam_GE3T_102,Amsterdam,3,1,1,0,1.0,True
full_features,4class,regression_then_threshold,training_Amsterdam_GE3T_104,Amsterdam,3,1,3,3,1.0,True
full_features,4class,regression_then_threshold,training_Amsterdam_GE3T_115,Amsterdam,3,1,0,1,1.0,True
full_features,4class,regression_then_threshold,training_Amsterdam_GE3T_137,Amsterdam,3,1,1,1,1.0,True
full_features,4class,regression_then_threshold,training_Singapore_Singapore_56,Singapore,3,1,2,2,1.0,True
full_features,4class,regression_then_threshold,training_Singapore_Singapore_57,Singapore,3,1,2,2,1.0,True
full_features,4class,regression_then_threshold,training_Singapore_Singapore_62,Singapore,3,1,3,3,1.0,True
full_features,4class,regression_then_threshold,training_Utrecht_Utrecht_0,Utrecht,3,1,3,3,1.0,True
full_features,4class,regression_then_threshold,training_Utrecht_Utrecht_31,Utrecht,3,1,3,3,1.0,True
full_features,4class,regression_then_threshold,training_Utrecht_Utrecht_4,Utrecht,3,1,3,3,1.0,True
full_features,4class,regression_then_threshold,training_Utrecht_Utrecht_6,Utrecht,3,1,0,0,1.0,True
full_features,4class,regression_then_threshold,training_Amsterdam_GE3T_106,Amsterdam,3,2,0,0,0.1,True
full_features,4class,regression_then_threshold,training_Amsterdam_GE3T_110,Amsterdam,3,2,0,0,0.1,True
full_features,4class,regression_then_threshold,training_Amsterdam_GE3T_126,Amsterdam,3,2,2,3,0.1,True
full_features,4class,regression_then_threshold,training_Amsterdam_GE3T_132,Amsterdam,3,2,3,3,0.1,True
full_features,4class,regression_then_threshold,training_Singapore_Singapore_52,Singapore,3,2,1,1,0.1,True
full_features,4class,regression_then_threshold,training_Singapore_Singapore_59,Singapore,3,2,3,2,0.1,True
full_features,4class,regression_then_threshold,training_Utrecht_Utrecht_11,Utrecht,3,2,0,1,0.1,True
full_features,4class,regression_then_threshold,training_Utrecht_Utrecht_19,Utrecht,3,2,2,3,0.1,True
full_features,4class,regression_then_threshold,training_Utrecht_Utrecht_2,Utrecht,3,2,3,3,0.1,True
full_features,4class,regression_then_threshold,training_Utrecht_Utrecht_33,Utrecht,3,2,1,1,0.1,True
full_features,4class,regression_then_threshold,training_Utrecht_Utrecht_37,Utrecht,3,2,3,3,0.1,True
full_features,4class,regression_then_threshold,training_Utrecht_Utrecht_39,Utrecht,3,2,3,3,0.1,True
full_features,4class,regression_then_threshold,training_Amsterdam_GE3T_100,Amsterdam,3,3,1,1,0.1,True
full_features,4class,regression_then_threshold,training_Amsterdam_GE3T_114,Amsterdam,3,3,2,3,0.1,True
full_features,4class,regression_then_threshold,training_Singapore_Singapore_50,Singapore,3,3,3,3,0.1,True
full_features,4class,regression_then_threshold,training_Singapore_Singapore_51,Singapore,3,3,3,3,0.1,True
full_features,4class,regression_then_threshold,training_Singapore_Singapore_53,Singapore,3,3,0,0,0.1,True
full_features,4class,regression_then_threshold,training_Singapore_Singapore_55,Singapore,3,3,0,0,0.1,True
full_features,4class,regression_then_threshold,training_Singapore_Singapore_61,Singapore,3,3,2,2,0.1,True
full_features,4class,regression_then_threshold,training_Singapore_Singapore_63,Singapore,3,3,3,3,0.1,True
full_features,4class,regression_then_threshold,training_Utrecht_Utrecht_29,Utrecht,3,3,3,3,0.1,True
full_features,4class,regression_then_threshold,training_Utrecht_Utrecht_35,Utrecht,3,3,0,0,0.1,True
full_features,4class,regression_then_threshold,training_Utrecht_Utrecht_41,Utrecht,3,3,3,3,0.1,True
full_features,4class,regression_then_threshold,training_Utrecht_Utrecht_8,Utrecht,3,3,0,0,0.1,True
full_features,4class,regression_then_threshold,training_Amsterdam_GE3T_103,Amsterdam,3,4,3,3,1.0,True
full_features,4class,regression_then_threshold,training_Amsterdam_GE3T_105,Amsterdam,3,4,2,2,1.0,True
full_features,4class,regression_then_threshold,training_Amsterdam_GE3T_109,Amsterdam,3,4,0,0,1.0,True
full_features,4class,regression_then_threshold,training_Amsterdam_GE3T_112,Amsterdam,3,4,1,1,1.0,True
full_features,4class,regression_then_threshold,training_Amsterdam_GE3T_116,Amsterdam,3,4,0,1,1.0,True
full_features,4class,regression_then_threshold,training_Singapore_Singapore_58,Singapore,3,4,0,0,1.0,True
full_features,4class,regression_then_threshold,training_Singapore_Singapore_60,Singapore,3,4,3,3,1.0,True
full_features,4class,regression_then_threshold,training_Singapore_Singapore_66,Singapore,3,4,2,1,1.0,True
full_features,4class,regression_then_threshold,training_Singapore_Singapore_67,Singapore,3,4,3,3,1.0,True
full_features,4class,regression_then_threshold,training_Utrecht_Utrecht_21,Utrecht,3,4,3,3,1.0,True
full_features,4class,regression_then_threshold,training_Utrecht_Utrecht_23,Utrecht,3,4,0,0,1.0,True
full_features,4class,regression_then_threshold,training_Utrecht_Utrecht_25,Utrecht,3,4,3,3,1.0,True
full_features,4class,regression_then_threshold,training_Amsterdam_GE3T_100,Amsterdam,4,0,1,1,0.1,True
full_features,4class,regression_then_threshold,training_Amsterdam_GE3T_104,Amsterdam,4,0,3,3,0.1,True
full_features,4class,regression_then_threshold,training_Amsterdam_GE3T_113,Amsterdam,4,0,3,3,0.1,True
full_features,4class,regression_then_threshold,training_Amsterdam_GE3T_116,Amsterdam,4,0,0,1,0.1,True
full_features,4class,regression_then_threshold,training_Singapore_Singapore_54,Singapore,4,0,0,0,0.1,True
full_features,4class,regression_then_threshold,training_Singapore_Singapore_61,Singapore,4,0,2,2,0.1,True
full_features,4class,regression_then_threshold,training_Singapore_Singapore_69,Singapore,4,0,3,2,0.1,True
full_features,4class,regression_then_threshold,training_Utrecht_Utrecht_11,Utrecht,4,0,0,0,0.1,True
full_features,4class,regression_then_threshold,training_Utrecht_Utrecht_17,Utrecht,4,0,1,1,0.1,True
full_features,4class,regression_then_threshold,training_Utrecht_Utrecht_23,Utrecht,4,0,0,0,0.1,True
full_features,4class,regression_then_threshold,training_Utrecht_Utrecht_25,Utrecht,4,0,3,3,0.1,True
full_features,4class,regression_then_threshold,training_Utrecht_Utrecht_41,Utrecht,4,0,3,3,0.1,True
full_features,4class,regression_then_threshold,training_Amsterdam_GE3T_109,Amsterdam,4,1,0,0,0.1,True
full_features,4class,regression_then_threshold,training_Amsterdam_GE3T_112,Amsterdam,4,1,1,1,0.1,True
full_features,4class,regression_then_threshold,training_Amsterdam_GE3T_114,Amsterdam,4,1,2,3,0.1,True
full_features,4class,regression_then_threshold,training_Singapore_Singapore_51,Singapore,4,1,3,3,0.1,True
full_features,4class,regression_then_threshold,training_Singapore_Singapore_57,Singapore,4,1,2,2,0.1,True
full_features,4class,regression_then_threshold,training_Singapore_Singapore_62,Singapore,4,1,3,3,0.1,True
full_features,4class,regression_then_threshold,training_Utrecht_Utrecht_21,Utrecht,4,1,3,3,0.1,True
full_features,4class,regression_then_threshold,training_Utrecht_Utrecht_27,Utrecht,4,1,0,0,0.1,True
full_features,4class,regression_then_threshold,training_Utrecht_Utrecht_29,Utrecht,4,1,3,3,0.1,True
full_features,4class,regression_then_threshold,training_Utrecht_Utrecht_33,Utrecht,4,1,1,1,0.1,True
full_features,4class,regression_then_threshold,training_Utrecht_Utrecht_37,Utrecht,4,1,3,3,0.1,True
full_features,4class,regression_then_threshold,training_Utrecht_Utrecht_6,Utrecht,4,1,0,0,0.1,True
full_features,4class,regression_then_threshold,training_Amsterdam_GE3T_101,Amsterdam,4,2,0,0,0.01,True
full_features,4class,regression_then_threshold,training_Amsterdam_GE3T_103,Amsterdam,4,2,3,3,0.01,True
full_features,4class,regression_then_threshold,training_Amsterdam_GE3T_107,Amsterdam,4,2,1,1,0.01,True
full_features,4class,regression_then_threshold,training_Amsterdam_GE3T_126,Amsterdam,4,2,2,3,0.01,True
full_features,4class,regression_then_threshold,training_Singapore_Singapore_50,Singapore,4,2,3,3,0.01,True
full_features,4class,regression_then_threshold,training_Singapore_Singapore_52,Singapore,4,2,1,1,0.01,True
full_features,4class,regression_then_threshold,training_Singapore_Singapore_53,Singapore,4,2,0,0,0.01,True
full_features,4class,regression_then_threshold,training_Singapore_Singapore_59,Singapore,4,2,3,2,0.01,True
full_features,4class,regression_then_threshold,training_Singapore_Singapore_60,Singapore,4,2,3,3,0.01,True
full_features,4class,regression_then_threshold,training_Singapore_Singapore_65,Singapore,4,2,3,3,0.01,True
full_features,4class,regression_then_threshold,training_Singapore_Singapore_66,Singapore,4,2,2,1,0.01,True
full_features,4class,regression_then_threshold,training_Utrecht_Utrecht_35,Utrecht,4,2,0,0,0.01,True
full_features,4class,regression_then_threshold,training_Amsterdam_GE3T_102,Amsterdam,4,3,1,0,0.1,True
full_features,4class,regression_then_threshold,training_Amsterdam_GE3T_105,Amsterdam,4,3,2,2,0.1,True
full_features,4class,regression_then_threshold,training_Amsterdam_GE3T_106,Amsterdam,4,3,0,0,0.1,True
full_features,4class,regression_then_threshold,training_Amsterdam_GE3T_115,Amsterdam,4,3,0,1,0.1,True
full_features,4class,regression_then_threshold,training_Amsterdam_GE3T_144,Amsterdam,4,3,0,0,0.1,True
full_features,4class,regression_then_threshold,training_Singapore_Singapore_55,Singapore,4,3,0,0,0.1,True
full_features,4class,regression_then_threshold,training_Singapore_Singapore_56,Singapore,4,3,2,2,0.1,True
full_features,4class,regression_then_threshold,training_Singapore_Singapore_67,Singapore,4,3,3,3,0.1,True
full_features,4class,regression_then_threshold,training_Singapore_Singapore_68,Singapore,4,3,3,3,0.1,True
full_features,4class,regression_then_threshold,training_Utrecht_Utrecht_2,Utrecht,4,3,3,3,0.1,True
full_features,4class,regression_then_threshold,training_Utrecht_Utrecht_39,Utrecht,4,3,3,3,0.1,True
full_features,4class,regression_then_threshold,training_Utrecht_Utrecht_49,Utrecht,4,3,3,3,0.1,True
full_features,4class,regression_then_threshold,training_Amsterdam_GE3T_108,Amsterdam,4,4,0,0,1.0,True
full_features,4class,regression_then_threshold,training_Amsterdam_GE3T_110,Amsterdam,4,4,0,0,1.0,True
full_features,4class,regression_then_threshold,training_Amsterdam_GE3T_132,Amsterdam,4,4,3,3,1.0,True
full_features,4class,regression_then_threshold,training_Amsterdam_GE3T_137,Amsterdam,4,4,1,1,1.0,True
full_features,4class,regression_then_threshold,training_Singapore_Singapore_58,Singapore,4,4,0,0,1.0,True
full_features,4class,regression_then_threshold,training_Singapore_Singapore_63,Singapore,4,4,3,3,1.0,True
full_features,4class,regression_then_threshold,training_Singapore_Singapore_64,Singapore,4,4,2,2,1.0,True
full_features,4class,regression_then_threshold,training_Utrecht_Utrecht_0,Utrecht,4,4,3,3,1.0,True
full_features,4class,regression_then_threshold,training_Utrecht_Utrecht_19,Utrecht,4,4,2,3,1.0,True
full_features,4class,regression_then_threshold,training_Utrecht_Utrecht_31,Utrecht,4,4,3,3,1.0,True
full_features,4class,regression_then_threshold,training_Utrecht_Utrecht_4,Utrecht,4,4,3,3,1.0,True
full_features,4class,regression_then_threshold,training_Utrecht_Utrecht_8,Utrecht,4,4,0,0,1.0,True
full_features,4class,regression_then_threshold,training_Amsterdam_GE3T_100,Amsterdam,5,0,1,1,0.1,True
full_features,4class,regression_then_threshold,training_Amsterdam_GE3T_105,Amsterdam,5,0,2,2,0.1,True
full_features,4class,regression_then_threshold,training_Amsterdam_GE3T_109,Amsterdam,5,0,0,0,0.1,True
full_features,4class,regression_then_threshold,training_Amsterdam_GE3T_137,Amsterdam,5,0,1,1,0.1,True
full_features,4class,regression_then_threshold,training_Singapore_Singapore_55,Singapore,5,0,0,0,0.1,True
full_features,4class,regression_then_threshold,training_Singapore_Singapore_67,Singapore,5,0,3,3,0.1,True
full_features,4class,regression_then_threshold,training_Utrecht_Utrecht_0,Utrecht,5,0,3,3,0.1,True
full_features,4class,regression_then_threshold,training_Utrecht_Utrecht_2,Utrecht,5,0,3,3,0.1,True
full_features,4class,regression_then_threshold,training_Utrecht_Utrecht_27,Utrecht,5,0,0,1,0.1,True
full_features,4class,regression_then_threshold,training_Utrecht_Utrecht_31,Utrecht,5,0,3,3,0.1,True
full_features,4class,regression_then_threshold,training_Utrecht_Utrecht_35,Utrecht,5,0,0,1,0.1,True
full_features,4class,regression_then_threshold,training_Utrecht_Utrecht_41,Utrecht,5,0,3,3,0.1,True
full_features,4class,regression_then_threshold,training_Amsterdam_GE3T_101,Amsterdam,5,1,0,0,1.0,True
full_features,4class,regression_then_threshold,training_Amsterdam_GE3T_102,Amsterdam,5,1,1,0,1.0,True
full_features,4class,regression_then_threshold,training_Amsterdam_GE3T_106,Amsterdam,5,1,0,0,1.0,True
full_features,4class,regression_then_threshold,training_Amsterdam_GE3T_126,Amsterdam,5,1,2,3,1.0,True
full_features,4class,regression_then_threshold,training_Singapore_Singapore_50,Singapore,5,1,3,3,1.0,True
full_features,4class,regression_then_threshold,training_Singapore_Singapore_52,Singapore,5,1,1,1,1.0,True
full_features,4class,regression_then_threshold,training_Singapore_Singapore_56,Singapore,5,1,2,2,1.0,True
full_features,4class,regression_then_threshold,training_Singapore_Singapore_60,Singapore,5,1,3,3,1.0,True
full_features,4class,regression_then_threshold,training_Singapore_Singapore_62,Singapore,5,1,3,3,1.0,True
full_features,4class,regression_then_threshold,training_Singapore_Singapore_63,Singapore,5,1,3,3,1.0,True
full_features,4class,regression_then_threshold,training_Utrecht_Utrecht_11,Utrecht,5,1,0,0,1.0,True
full_features,4class,regression_then_threshold,training_Utrecht_Utrecht_21,Utrecht,5,1,3,3,1.0,True
full_features,4class,regression_then_threshold,training_Amsterdam_GE3T_104,Amsterdam,5,2,3,3,10.0,True
full_features,4class,regression_then_threshold,training_Amsterdam_GE3T_107,Amsterdam,5,2,1,2,10.0,True
full_features,4class,regression_then_threshold,training_Amsterdam_GE3T_108,Amsterdam,5,2,0,1,10.0,True
full_features,4class,regression_then_threshold,training_Amsterdam_GE3T_114,Amsterdam,5,2,2,3,10.0,True
full_features,4class,regression_then_threshold,training_Amsterdam_GE3T_115,Amsterdam,5,2,0,1,10.0,True
full_features,4class,regression_then_threshold,training_Amsterdam_GE3T_132,Amsterdam,5,2,3,3,10.0,True
full_features,4class,regression_then_threshold,training_Singapore_Singapore_51,Singapore,5,2,3,3,10.0,True
full_features,4class,regression_then_threshold,training_Singapore_Singapore_57,Singapore,5,2,2,2,10.0,True
full_features,4class,regression_then_threshold,training_Singapore_Singapore_68,Singapore,5,2,3,3,10.0,True
full_features,4class,regression_then_threshold,training_Utrecht_Utrecht_23,Utrecht,5,2,0,0,10.0,True
full_features,4class,regression_then_threshold,training_Utrecht_Utrecht_33,Utrecht,5,2,1,1,10.0,True
full_features,4class,regression_then_threshold,training_Utrecht_Utrecht_39,Utrecht,5,2,3,3,10.0,True
full_features,4class,regression_then_threshold,training_Amsterdam_GE3T_103,Amsterdam,5,3,3,3,0.1,True
full_features,4class,regression_then_threshold,training_Amsterdam_GE3T_110,Amsterdam,5,3,0,0,0.1,True
full_features,4class,regression_then_threshold,training_Amsterdam_GE3T_112,Amsterdam,5,3,1,1,0.1,True
full_features,4class,regression_then_threshold,training_Amsterdam_GE3T_113,Amsterdam,5,3,3,3,0.1,True
full_features,4class,regression_then_threshold,training_Amsterdam_GE3T_116,Amsterdam,5,3,0,1,0.1,True
full_features,4class,regression_then_threshold,training_Singapore_Singapore_54,Singapore,5,3,0,0,0.1,True
full_features,4class,regression_then_threshold,training_Singapore_Singapore_58,Singapore,5,3,0,0,0.1,True
full_features,4class,regression_then_threshold,training_Singapore_Singapore_59,Singapore,5,3,3,2,0.1,True
full_features,4class,regression_then_threshold,training_Singapore_Singapore_66,Singapore,5,3,2,1,0.1,True
full_features,4class,regression_then_threshold,training_Utrecht_Utrecht_19,Utrecht,5,3,2,3,0.1,True
full_features,4class,regression_then_threshold,training_Utrecht_Utrecht_25,Utrecht,5,3,3,3,0.1,True
full_features,4class,regression_then_threshold,training_Utrecht_Utrecht_4,Utrecht,5,3,3,3,0.1,True
full_features,4class,regression_then_threshold,training_Amsterdam_GE3T_144,Amsterdam,5,4,0,0,1.0,True
full_features,4class,regression_then_threshold,training_Singapore_Singapore_53,Singapore,5,4,0,0,1.0,True
full_features,4class,regression_then_threshold,training_Singapore_Singapore_61,Singapore,5,4,2,2,1.0,True
full_features,4class,regression_then_threshold,training_Singapore_Singapore_64,Singapore,5,4,2,2,1.0,True
full_features,4class,regression_then_threshold,training_Singapore_Singapore_65,Singapore,5,4,3,3,1.0,True
full_features,4class,regression_then_threshold,training_Singapore_Singapore_69,Singapore,5,4,3,2,1.0,True
full_features,4class,regression_then_threshold,training_Utrecht_Utrecht_17,Utrecht,5,4,1,0,1.0,True
full_features,4class,regression_then_threshold,training_Utrecht_Utrecht_29,Utrecht,5,4,3,3,1.0,True
full_features,4class,regression_then_threshold,training_Utrecht_Utrecht_37,Utrecht,5,4,3,3,1.0,True
full_features,4class,regression_then_threshold,training_Utrecht_Utrecht_49,Utrecht,5,4,3,3,1.0,True
full_features,4class,regression_then_threshold,training_Utrecht_Utrecht_6,Utrecht,5,4,0,0,1.0,True
full_features,4class,regression_then_threshold,training_Utrecht_Utrecht_8,Utrecht,5,4,0,0,1.0,True
full_features,4class,regression_then_threshold,training_Amsterdam_GE3T_107,Amsterdam,6,0,1,1,0.1,True
full_features,4class,regression_then_threshold,training_Amsterdam_GE3T_109,Amsterdam,6,0,0,0,0.1,True
full_features,4class,regression_then_threshold,training_Amsterdam_GE3T_113,Amsterdam,6,0,3,3,0.1,True
full_features,4class,regression_then_threshold,training_Singapore_Singapore_52,Singapore,6,0,1,1,0.1,True
full_features,4class,regression_then_threshold,training_Singapore_Singapore_58,Singapore,6,0,0,0,0.1,True
full_features,4class,regression_then_threshold,training_Singapore_Singapore_64,Singapore,6,0,2,2,0.1,True
full_features,4class,regression_then_threshold,training_Utrecht_Utrecht_0,Utrecht,6,0,3,3,0.1,True
full_features,4class,regression_then_threshold,training_Utrecht_Utrecht_11,Utrecht,6,0,0,0,0.1,True
full_features,4class,regression_then_threshold,training_Utrecht_Utrecht_29,Utrecht,6,0,3,3,0.1,True
full_features,4class,regression_then_threshold,training_Utrecht_Utrecht_4,Utrecht,6,0,3,3,0.1,True
full_features,4class,regression_then_threshold,training_Utrecht_Utrecht_49,Utrecht,6,0,3,3,0.1,True
full_features,4class,regression_then_threshold,training_Utrecht_Utrecht_6,Utrecht,6,0,0,0,0.1,True
full_features,4class,regression_then_threshold,training_Amsterdam_GE3T_102,Amsterdam,6,1,1,0,1.0,True
full_features,4class,regression_then_threshold,training_Amsterdam_GE3T_106,Amsterdam,6,1,0,0,1.0,True
full_features,4class,regression_then_threshold,training_Amsterdam_GE3T_115,Amsterdam,6,1,0,1,1.0,True
full_features,4class,regression_then_threshold,training_Singapore_Singapore_50,Singapore,6,1,3,3,1.0,True
full_features,4class,regression_then_threshold,training_Singapore_Singapore_56,Singapore,6,1,2,2,1.0,True
full_features,4class,regression_then_threshold,training_Singapore_Singapore_62,Singapore,6,1,3,3,1.0,True
full_features,4class,regression_then_threshold,training_Singapore_Singapore_67,Singapore,6,1,3,3,1.0,True
full_features,4class,regression_then_threshold,training_Singapore_Singapore_68,Singapore,6,1,3,3,1.0,True
full_features,4class,regression_then_threshold,training_Utrecht_Utrecht_19,Utrecht,6,1,2,3,1.0,True
full_features,4class,regression_then_threshold,training_Utrecht_Utrecht_33,Utrecht,6,1,1,1,1.0,True
full_features,4class,regression_then_threshold,training_Utrecht_Utrecht_35,Utrecht,6,1,0,1,1.0,True
full_features,4class,regression_then_threshold,training_Utrecht_Utrecht_41,Utrecht,6,1,3,3,1.0,True
full_features,4class,regression_then_threshold,training_Amsterdam_GE3T_105,Amsterdam,6,2,2,2,0.1,True
full_features,4class,regression_then_threshold,training_Amsterdam_GE3T_108,Amsterdam,6,2,0,0,0.1,True
full_features,4class,regression_then_threshold,training_Amsterdam_GE3T_112,Amsterdam,6,2,1,1,0.1,True
full_features,4class,regression_then_threshold,training_Amsterdam_GE3T_114,Amsterdam,6,2,2,3,0.1,True
full_features,4class,regression_then_threshold,training_Amsterdam_GE3T_116,Amsterdam,6,2,0,1,0.1,True
full_features,4class,regression_then_threshold,training_Amsterdam_GE3T_132,Amsterdam,6,2,3,3,0.1,True
full_features,4class,regression_then_threshold,training_Amsterdam_GE3T_137,Amsterdam,6,2,1,1,0.1,True
full_features,4class,regression_then_threshold,training_Singapore_Singapore_53,Singapore,6,2,0,0,0.1,True
full_features,4class,regression_then_threshold,training_Singapore_Singapore_59,Singapore,6,2,3,2,0.1,True
full_features,4class,regression_then_threshold,training_Singapore_Singapore_60,Singapore,6,2,3,3,0.1,True
full_features,4class,regression_then_threshold,training_Singapore_Singapore_65,Singapore,6,2,3,3,0.1,True
full_features,4class,regression_then_threshold,training_Utrecht_Utrecht_37,Utrecht,6,2,3,3,0.1,True
full_features,4class,regression_then_threshold,training_Amsterdam_GE3T_100,Amsterdam,6,3,1,1,0.1,True
full_features,4class,regression_then_threshold,training_Amsterdam_GE3T_101,Amsterdam,6,3,0,0,0.1,True
full_features,4class,regression_then_threshold,training_Amsterdam_GE3T_103,Amsterdam,6,3,3,3,0.1,True
full_features,4class,regression_then_threshold,training_Singapore_Singapore_55,Singapore,6,3,0,1,0.1,True
full_features,4class,regression_then_threshold,training_Singapore_Singapore_57,Singapore,6,3,2,2,0.1,True
full_features,4class,regression_then_threshold,training_Singapore_Singapore_61,Singapore,6,3,2,2,0.1,True
full_features,4class,regression_then_threshold,training_Utrecht_Utrecht_2,Utrecht,6,3,3,3,0.1,True
full_features,4class,regression_then_threshold,training_Utrecht_Utrecht_21,Utrecht,6,3,3,3,0.1,True
full_features,4class,regression_then_threshold,training_Utrecht_Utrecht_23,Utrecht,6,3,0,0,0.1,True
full_features,4class,regression_then_threshold,training_Utrecht_Utrecht_25,Utrecht,6,3,3,3,0.1,True
full_features,4class,regression_then_threshold,training_Utrecht_Utrecht_27,Utrecht,6,3,0,1,0.1,True
full_features,4class,regression_then_threshold,training_Utrecht_Utrecht_39,Utrecht,6,3,3,3,0.1,True
full_features,4class,regression_then_threshold,training_Amsterdam_GE3T_104,Amsterdam,6,4,3,3,0.1,True
full_features,4class,regression_then_threshold,training_Amsterdam_GE3T_110,Amsterdam,6,4,0,0,0.1,True
full_features,4class,regression_then_threshold,training_Amsterdam_GE3T_126,Amsterdam,6,4,2,3,0.1,True
full_features,4class,regression_then_threshold,training_Amsterdam_GE3T_144,Amsterdam,6,4,0,0,0.1,True
full_features,4class,regression_then_threshold,training_Singapore_Singapore_51,Singapore,6,4,3,3,0.1,True
full_features,4class,regression_then_threshold,training_Singapore_Singapore_54,Singapore,6,4,0,0,0.1,True
full_features,4class,regression_then_threshold,training_Singapore_Singapore_63,Singapore,6,4,3,3,0.1,True
full_features,4class,regression_then_threshold,training_Singapore_Singapore_66,Singapore,6,4,2,1,0.1,True
full_features,4class,regression_then_threshold,training_Singapore_Singapore_69,Singapore,6,4,3,2,0.1,True
full_features,4class,regression_then_threshold,training_Utrecht_Utrecht_17,Utrecht,6,4,1,0,0.1,True
full_features,4class,regression_then_threshold,training_Utrecht_Utrecht_31,Utrecht,6,4,3,3,0.1,True
full_features,4class,regression_then_threshold,training_Utrecht_Utrecht_8,Utrecht,6,4,0,0,0.1,True
full_features,4class,regression_then_threshold,training_Amsterdam_GE3T_102,Amsterdam,7,0,1,0,1.0,True
full_features,4class,regression_then_threshold,training_Amsterdam_GE3T_103,Amsterdam,7,0,3,3,1.0,True
full_features,4class,regression_then_threshold,training_Amsterdam_GE3T_105,Amsterdam,7,0,2,2,1.0,True
full_features,4class,regression_then_threshold,training_Amsterdam_GE3T_113,Amsterdam,7,0,3,3,1.0,True
full_features,4class,regression_then_threshold,training_Amsterdam_GE3T_115,Amsterdam,7,0,0,1,1.0,True
full_features,4class,regression_then_threshold,training_Singapore_Singapore_52,Singapore,7,0,1,1,1.0,True
full_features,4class,regression_then_threshold,training_Singapore_Singapore_54,Singapore,7,0,0,0,1.0,True
full_features,4class,regression_then_threshold,training_Singapore_Singapore_58,Singapore,7,0,0,0,1.0,True
full_features,4class,regression_then_threshold,training_Singapore_Singapore_59,Singapore,7,0,3,2,1.0,True
full_features,4class,regression_then_threshold,training_Singapore_Singapore_67,Singapore,7,0,3,3,1.0,True
full_features,4class,regression_then_threshold,training_Singapore_Singapore_68,Singapore,7,0,3,3,1.0,True
full_features,4class,regression_then_threshold,training_Utrecht_Utrecht_27,Utrecht,7,0,0,0,1.0,True
full_features,4class,regression_then_threshold,training_Amsterdam_GE3T_100,Amsterdam,7,1,1,1,0.1,True
full_features,4class,regression_then_threshold,training_Amsterdam_GE3T_101,Amsterdam,7,1,0,0,0.1,True
full_features,4class,regression_then_threshold,training_Amsterdam_GE3T_110,Amsterdam,7,1,0,0,0.1,True
full_features,4class,regression_then_threshold,training_Amsterdam_GE3T_112,Amsterdam,7,1,1,1,0.1,True
full_features,4class,regression_then_threshold,training_Singapore_Singapore_50,Singapore,7,1,3,3,0.1,True
full_features,4class,regression_then_threshold,training_Singapore_Singapore_57,Singapore,7,1,2,2,0.1,True
full_features,4class,regression_then_threshold,training_Singapore_Singapore_60,Singapore,7,1,3,3,0.1,True
full_features,4class,regression_then_threshold,training_Singapore_Singapore_65,Singapore,7,1,3,3,0.1,True
full_features,4class,regression_then_threshold,training_Utrecht_Utrecht_19,Utrecht,7,1,2,3,0.1,True
full_features,4class,regression_then_threshold,training_Utrecht_Utrecht_25,Utrecht,7,1,3,3,0.1,True
full_features,4class,regression_then_threshold,training_Utrecht_Utrecht_29,Utrecht,7,1,3,3,0.1,True
full_features,4class,regression_then_threshold,training_Utrecht_Utrecht_6,Utrecht,7,1,0,0,0.1,True
full_features,4class,regression_then_threshold,training_Amsterdam_GE3T_104,Amsterdam,7,2,3,3,1.0,True
full_features,4class,regression_then_threshold,training_Amsterdam_GE3T_108,Amsterdam,7,2,0,0,1.0,True
full_features,4class,regression_then_threshold,training_Amsterdam_GE3T_137,Amsterdam,7,2,1,1,1.0,True
full_features,4class,regression_then_threshold,training_Singapore_Singapore_55,Singapore,7,2,0,0,1.0,True
full_features,4class,regression_then_threshold,training_Singapore_Singapore_61,Singapore,7,2,2,2,1.0,True
full_features,4class,regression_then_threshold,training_Singapore_Singapore_63,Singapore,7,2,3,3,1.0,True
full_features,4class,regression_then_threshold,training_Singapore_Singapore_64,Singapore,7,2,2,2,1.0,True
full_features,4class,regression_then_threshold,training_Singapore_Singapore_69,Singapore,7,2,3,2,1.0,True
full_features,4class,regression_then_threshold,training_Utrecht_Utrecht_0,Utrecht,7,2,3,3,1.0,True
full_features,4class,regression_then_threshold,training_Utrecht_Utrecht_17,Utrecht,7,2,1,1,1.0,True
full_features,4class,regression_then_threshold,training_Utrecht_Utrecht_21,Utrecht,7,2,3,3,1.0,True
full_features,4class,regression_then_threshold,training_Utrecht_Utrecht_35,Utrecht,7,2,0,1,1.0,True
full_features,4class,regression_then_threshold,training_Amsterdam_GE3T_106,Amsterdam,7,3,0,1,0.1,True
full_features,4class,regression_then_threshold,training_Amsterdam_GE3T_109,Amsterdam,7,3,0,0,0.1,True
full_features,4class,regression_then_threshold,training_Amsterdam_GE3T_116,Amsterdam,7,3,0,1,0.1,True
full_features,4class,regression_then_threshold,training_Amsterdam_GE3T_126,Amsterdam,7,3,2,3,0.1,True
full_features,4class,regression_then_threshold,training_Singapore_Singapore_51,Singapore,7,3,3,3,0.1,True
full_features,4class,regression_then_threshold,training_Singapore_Singapore_66,Singapore,7,3,2,1,0.1,True
full_features,4class,regression_then_threshold,training_Utrecht_Utrecht_2,Utrecht,7,3,3,3,0.1,True
full_features,4class,regression_then_threshold,training_Utrecht_Utrecht_31,Utrecht,7,3,3,3,0.1,True
full_features,4class,regression_then_threshold,training_Utrecht_Utrecht_33,Utrecht,7,3,1,0,0.1,True
full_features,4class,regression_then_threshold,training_Utrecht_Utrecht_37,Utrecht,7,3,3,3,0.1,True
full_features,4class,regression_then_threshold,training_Utrecht_Utrecht_41,Utrecht,7,3,3,3,0.1,True
full_features,4class,regression_then_threshold,training_Utrecht_Utrecht_8,Utrecht,7,3,0,0,0.1,True
full_features,4class,regression_then_threshold,training_Amsterdam_GE3T_107,Amsterdam,7,4,1,2,1.0,True
full_features,4class,regression_then_threshold,training_Amsterdam_GE3T_114,Amsterdam,7,4,2,3,1.0,True
full_features,4class,regression_then_threshold,training_Amsterdam_GE3T_132,Amsterdam,7,4,3,3,1.0,True
full_features,4class,regression_then_threshold,training_Amsterdam_GE3T_144,Amsterdam,7,4,0,0,1.0,True
full_features,4class,regression_then_threshold,training_Singapore_Singapore_53,Singapore,7,4,0,0,1.0,True
full_features,4class,regression_then_threshold,training_Singapore_Singapore_56,Singapore,7,4,2,2,1.0,True
full_features,4class,regression_then_threshold,training_Singapore_Singapore_62,Singapore,7,4,3,3,1.0,True
full_features,4class,regression_then_threshold,training_Utrecht_Utrecht_11,Utrecht,7,4,0,1,1.0,True
full_features,4class,regression_then_threshold,training_Utrecht_Utrecht_23,Utrecht,7,4,0,0,1.0,True
full_features,4class,regression_then_threshold,training_Utrecht_Utrecht_39,Utrecht,7,4,3,3,1.0,True
full_features,4class,regression_then_threshold,training_Utrecht_Utrecht_4,Utrecht,7,4,3,3,1.0,True
full_features,4class,regression_then_threshold,training_Utrecht_Utrecht_49,Utrecht,7,4,3,3,1.0,True
full_features,4class,regression_then_threshold,training_Amsterdam_GE3T_105,Amsterdam,8,0,2,2,0.1,True
full_features,4class,regression_then_threshold,training_Amsterdam_GE3T_106,Amsterdam,8,0,0,0,0.1,True
full_features,4class,regression_then_threshold,training_Amsterdam_GE3T_108,Amsterdam,8,0,0,0,0.1,True
full_features,4class,regression_then_threshold,training_Amsterdam_GE3T_112,Amsterdam,8,0,1,1,0.1,True
full_features,4class,regression_then_threshold,training_Amsterdam_GE3T_113,Amsterdam,8,0,3,3,0.1,True
full_features,4class,regression_then_threshold,training_Singapore_Singapore_54,Singapore,8,0,0,0,0.1,True
full_features,4class,regression_then_threshold,training_Singapore_Singapore_68,Singapore,8,0,3,3,0.1,True
full_features,4class,regression_then_threshold,training_Singapore_Singapore_69,Singapore,8,0,3,2,0.1,True
full_features,4class,regression_then_threshold,training_Utrecht_Utrecht_17,Utrecht,8,0,1,1,0.1,True
full_features,4class,regression_then_threshold,training_Utrecht_Utrecht_23,Utrecht,8,0,0,0,0.1,True
full_features,4class,regression_then_threshold,training_Utrecht_Utrecht_39,Utrecht,8,0,3,3,0.1,True
full_features,4class,regression_then_threshold,training_Utrecht_Utrecht_49,Utrecht,8,0,3,3,0.1,True
full_features,4class,regression_then_threshold,training_Amsterdam_GE3T_103,Amsterdam,8,1,3,3,1.0,True
full_features,4class,regression_then_threshold,training_Amsterdam_GE3T_104,Amsterdam,8,1,3,3,1.0,True
full_features,4class,regression_then_threshold,training_Amsterdam_GE3T_109,Amsterdam,8,1,0,0,1.0,True
full_features,4class,regression_then_threshold,training_Amsterdam_GE3T_137,Amsterdam,8,1,1,1,1.0,True
full_features,4class,regression_then_threshold,training_Singapore_Singapore_50,Singapore,8,1,3,3,1.0,True
full_features,4class,regression_then_threshold,training_Singapore_Singapore_53,Singapore,8,1,0,0,1.0,True
full_features,4class,regression_then_threshold,training_Singapore_Singapore_56,Singapore,8,1,2,2,1.0,True
full_features,4class,regression_then_threshold,training_Singapore_Singapore_60,Singapore,8,1,3,3,1.0,True
full_features,4class,regression_then_threshold,training_Singapore_Singapore_61,Singapore,8,1,2,2,1.0,True
full_features,4class,regression_then_threshold,training_Singapore_Singapore_65,Singapore,8,1,3,3,1.0,True
full_features,4class,regression_then_threshold,training_Utrecht_Utrecht_33,Utrecht,8,1,1,1,1.0,True
full_features,4class,regression_then_threshold,training_Utrecht_Utrecht_8,Utrecht,8,1,0,0,1.0,True
full_features,4class,regression_then_threshold,training_Amsterdam_GE3T_102,Amsterdam,8,2,1,0,0.1,True
full_features,4class,regression_then_threshold,training_Amsterdam_GE3T_107,Amsterdam,8,2,1,1,0.1,True
full_features,4class,regression_then_threshold,training_Amsterdam_GE3T_144,Amsterdam,8,2,0,0,0.1,True
full_features,4class,regression_then_threshold,training_Singapore_Singapore_59,Singapore,8,2,3,2,0.1,True
full_features,4class,regression_then_threshold,training_Singapore_Singapore_63,Singapore,8,2,3,3,0.1,True
full_features,4class,regression_then_threshold,training_Singapore_Singapore_64,Singapore,8,2,2,2,0.1,True
full_features,4class,regression_then_threshold,training_Singapore_Singapore_66,Singapore,8,2,2,1,0.1,True
full_features,4class,regression_then_threshold,training_Singapore_Singapore_67,Singapore,8,2,3,3,0.1,True
full_features,4class,regression_then_threshold,training_Utrecht_Utrecht_11,Utrecht,8,2,0,0,0.1,True
full_features,4class,regression_then_threshold,training_Utrecht_Utrecht_21,Utrecht,8,2,3,3,0.1,True
full_features,4class,regression_then_threshold,training_Utrecht_Utrecht_37,Utrecht,8,2,3,3,0.1,True
full_features,4class,regression_then_threshold,training_Utrecht_Utrecht_6,Utrecht,8,2,0,0,0.1,True
full_features,4class,regression_then_threshold,training_Amsterdam_GE3T_100,Amsterdam,8,3,1,1,0.1,True
full_features,4class,regression_then_threshold,training_Amsterdam_GE3T_116,Amsterdam,8,3,0,1,0.1,True
full_features,4class,regression_then_threshold,training_Singapore_Singapore_51,Singapore,8,3,3,3,0.1,True
full_features,4class,regression_then_threshold,training_Singapore_Singapore_55,Singapore,8,3,0,0,0.1,True
full_features,4class,regression_then_threshold,training_Singapore_Singapore_57,Singapore,8,3,2,2,0.1,True
full_features,4class,regression_then_threshold,training_Singapore_Singapore_58,Singapore,8,3,0,0,0.1,True
full_features,4class,regression_then_threshold,training_Singapore_Singapore_62,Singapore,8,3,3,3,0.1,True
full_features,4class,regression_then_threshold,training_Utrecht_Utrecht_0,Utrecht,8,3,3,3,0.1,True
full_features,4class,regression_then_threshold,training_Utrecht_Utrecht_19,Utrecht,8,3,2,3,0.1,True
full_features,4class,regression_then_threshold,training_Utrecht_Utrecht_29,Utrecht,8,3,3,3,0.1,True
full_features,4class,regression_then_threshold,training_Utrecht_Utrecht_31,Utrecht,8,3,3,3,0.1,True
full_features,4class,regression_then_threshold,training_Utrecht_Utrecht_35,Utrecht,8,3,0,1,0.1,True
full_features,4class,regression_then_threshold,training_Amsterdam_GE3T_101,Amsterdam,8,4,0,0,10.0,True
full_features,4class,regression_then_threshold,training_Amsterdam_GE3T_110,Amsterdam,8,4,0,0,10.0,True
full_features,4class,regression_then_threshold,training_Amsterdam_GE3T_114,Amsterdam,8,4,2,3,10.0,True
full_features,4class,regression_then_threshold,training_Amsterdam_GE3T_115,Amsterdam,8,4,0,1,10.0,True
full_features,4class,regression_then_threshold,training_Amsterdam_GE3T_126,Amsterdam,8,4,2,3,10.0,True
full_features,4class,regression_then_threshold,training_Amsterdam_GE3T_132,Amsterdam,8,4,3,3,10.0,True
full_features,4class,regression_then_threshold,training_Singapore_Singapore_52,Singapore,8,4,1,1,10.0,True
full_features,4class,regression_then_threshold,training_Utrecht_Utrecht_2,Utrecht,8,4,3,3,10.0,True
full_features,4class,regression_then_threshold,training_Utrecht_Utrecht_25,Utrecht,8,4,3,3,10.0,True
full_features,4class,regression_then_threshold,training_Utrecht_Utrecht_27,Utrecht,8,4,0,1,10.0,True
full_features,4class,regression_then_threshold,training_Utrecht_Utrecht_4,Utrecht,8,4,3,3,10.0,True
full_features,4class,regression_then_threshold,training_Utrecht_Utrecht_41,Utrecht,8,4,3,3,10.0,True
full_features,4class,regression_then_threshold,training_Amsterdam_GE3T_109,Amsterdam,9,0,0,0,0.1,True
full_features,4class,regression_then_threshold,training_Amsterdam_GE3T_113,Amsterdam,9,0,3,3,0.1,True
full_features,4class,regression_then_threshold,training_Singapore_Singapore_52,Singapore,9,0,1,1,0.1,True
full_features,4class,regression_then_threshold,training_Singapore_Singapore_57,Singapore,9,0,2,2,0.1,True
full_features,4class,regression_then_threshold,training_Singapore_Singapore_62,Singapore,9,0,3,3,0.1,True
full_features,4class,regression_then_threshold,training_Singapore_Singapore_63,Singapore,9,0,3,3,0.1,True
full_features,4class,regression_then_threshold,training_Utrecht_Utrecht_11,Utrecht,9,0,0,0,0.1,True
full_features,4class,regression_then_threshold,training_Utrecht_Utrecht_17,Utrecht,9,0,1,1,0.1,True
full_features,4class,regression_then_threshold,training_Utrecht_Utrecht_27,Utrecht,9,0,0,1,0.1,True
full_features,4class,regression_then_threshold,training_Utrecht_Utrecht_31,Utrecht,9,0,3,3,0.1,True
full_features,4class,regression_then_threshold,training_Utrecht_Utrecht_35,Utrecht,9,0,0,1,0.1,True
full_features,4class,regression_then_threshold,training_Utrecht_Utrecht_4,Utrecht,9,0,3,3,0.1,True
full_features,4class,regression_then_threshold,training_Amsterdam_GE3T_100,Amsterdam,9,1,1,1,0.1,True
full_features,4class,regression_then_threshold,training_Amsterdam_GE3T_101,Amsterdam,9,1,0,0,0.1,True
full_features,4class,regression_then_threshold,training_Amsterdam_GE3T_104,Amsterdam,9,1,3,3,0.1,True
full_features,4class,regression_then_threshold,training_Amsterdam_GE3T_108,Amsterdam,9,1,0,0,0.1,True
full_features,4class,regression_then_threshold,training_Amsterdam_GE3T_126,Amsterdam,9,1,2,3,0.1,True
full_features,4class,regression_then_threshold,training_Singapore_Singapore_54,Singapore,9,1,0,0,0.1,True
full_features,4class,regression_then_threshold,training_Singapore_Singapore_64,Singapore,9,1,2,2,0.1,True
full_features,4class,regression_then_threshold,training_Singapore_Singapore_65,Singapore,9,1,3,3,0.1,True
full_features,4class,regression_then_threshold,training_Singapore_Singapore_67,Singapore,9,1,3,3,0.1,True
full_features,4class,regression_then_threshold,training_Utrecht_Utrecht_21,Utrecht,9,1,3,3,0.1,True
full_features,4class,regression_then_threshold,training_Utrecht_Utrecht_25,Utrecht,9,1,3,3,0.1,True
full_features,4class,regression_then_threshold,training_Utrecht_Utrecht_33,Utrecht,9,1,1,1,0.1,True
full_features,4class,regression_then_threshold,training_Amsterdam_GE3T_106,Amsterdam,9,2,0,1,1.0,True
full_features,4class,regression_then_threshold,training_Amsterdam_GE3T_110,Amsterdam,9,2,0,0,1.0,True
full_features,4class,regression_then_threshold,training_Amsterdam_GE3T_112,Amsterdam,9,2,1,1,1.0,True
full_features,4class,regression_then_threshold,training_Amsterdam_GE3T_116,Amsterdam,9,2,0,1,1.0,True
full_features,4class,regression_then_threshold,training_Amsterdam_GE3T_137,Amsterdam,9,2,1,1,1.0,True
full_features,4class,regression_then_threshold,training_Singapore_Singapore_50,Singapore,9,2,3,3,1.0,True
full_features,4class,regression_then_threshold,training_Singapore_Singapore_51,Singapore,9,2,3,3,1.0,True
full_features,4class,regression_then_threshold,training_Singapore_Singapore_60,Singapore,9,2,3,3,1.0,True
full_features,4class,regression_then_threshold,training_Singapore_Singapore_61,Singapore,9,2,2,2,1.0,True
full_features,4class,regression_then_threshold,training_Singapore_Singapore_66,Singapore,9,2,2,1,1.0,True
full_features,4class,regression_then_threshold,training_Utrecht_Utrecht_41,Utrecht,9,2,3,3,1.0,True
full_features,4class,regression_then_threshold,training_Utrecht_Utrecht_49,Utrecht,9,2,3,3,1.0,True
full_features,4class,regression_then_threshold,training_Amsterdam_GE3T_102,Amsterdam,9,3,1,0,1.0,True
full_features,4class,regression_then_threshold,training_Amsterdam_GE3T_105,Amsterdam,9,3,2,2,1.0,True
full_features,4class,regression_then_threshold,training_Amsterdam_GE3T_114,Amsterdam,9,3,2,3,1.0,True
full_features,4class,regression_then_threshold,training_Amsterdam_GE3T_132,Amsterdam,9,3,3,3,1.0,True
full_features,4class,regression_then_threshold,training_Amsterdam_GE3T_144,Amsterdam,9,3,0,0,1.0,True
full_features,4class,regression_then_threshold,training_Singapore_Singapore_53,Singapore,9,3,0,0,1.0,True
full_features,4class,regression_then_threshold,training_Singapore_Singapore_58,Singapore,9,3,0,0,1.0,True
full_features,4class,regression_then_threshold,training_Singapore_Singapore_68,Singapore,9,3,3,3,1.0,True
full_features,4class,regression_then_threshold,training_Utrecht_Utrecht_29,Utrecht,9,3,3,3,1.0,True
full_features,4class,regression_then_threshold,training_Utrecht_Utrecht_37,Utrecht,9,3,3,3,1.0,True
full_features,4class,regression_then_threshold,training_Utrecht_Utrecht_39,Utrecht,9,3,3,3,1.0,True
full_features,4class,regression_then_threshold,training_Utrecht_Utrecht_6,Utrecht,9,3,0,0,1.0,True
full_features,4class,regression_then_threshold,training_Amsterdam_GE3T_103,Amsterdam,9,4,3,3,0.1,True
full_features,4class,regression_then_threshold,training_Amsterdam_GE3T_107,Amsterdam,9,4,1,1,0.1,True
full_features,4class,regression_then_threshold,training_Amsterdam_GE3T_115,Amsterdam,9,4,0,1,0.1,True
full_features,4class,regression_then_threshold,training_Singapore_Singapore_55,Singapore,9,4,0,0,0.1,True
full_features,4class,regression_then_threshold,training_Singapore_Singapore_56,Singapore,9,4,2,2,0.1,True
full_features,4class,regression_then_threshold,training_Singapore_Singapore_59,Singapore,9,4,3,2,0.1,True
full_features,4class,regression_then_threshold,training_Singapore_Singapore_69,Singapore,9,4,3,2,0.1,True
full_features,4class,regression_then_threshold,training_Utrecht_Utrecht_0,Utrecht,9,4,3,3,0.1,True
full_features,4class,regression_then_threshold,training_Utrecht_Utrecht_19,Utrecht,9,4,2,3,0.1,True
full_features,4class,regression_then_threshold,training_Utrecht_Utrecht_2,Utrecht,9,4,3,3,0.1,True
full_features,4class,regression_then_threshold,training_Utrecht_Utrecht_23,Utrecht,9,4,0,0,0.1,True
full_features,4class,regression_then_threshold,training_Utrecht_Utrecht_8,Utrecht,9,4,0,0,0.1,True
full_features,4class,ordinal_logistic,training_Amsterdam_GE3T_100,Amsterdam,0,0,1,1,,True
full_features,4class,ordinal_logistic,training_Amsterdam_GE3T_105,Amsterdam,0,0,2,2,,True
full_features,4class,ordinal_logistic,training_Amsterdam_GE3T_107,Amsterdam,0,0,1,1,,True
full_features,4class,ordinal_logistic,training_Amsterdam_GE3T_108,Amsterdam,0,0,0,0,,True
full_features,4class,ordinal_logistic,training_Amsterdam_GE3T_116,Amsterdam,0,0,0,1,,True
full_features,4class,ordinal_logistic,training_Singapore_Singapore_51,Singapore,0,0,3,3,,True
full_features,4class,ordinal_logistic,training_Singapore_Singapore_54,Singapore,0,0,0,0,,True
full_features,4class,ordinal_logistic,training_Singapore_Singapore_60,Singapore,0,0,3,3,,True
full_features,4class,ordinal_logistic,training_Singapore_Singapore_67,Singapore,0,0,3,3,,True
full_features,4class,ordinal_logistic,training_Singapore_Singapore_68,Singapore,0,0,3,3,,True
full_features,4class,ordinal_logistic,training_Utrecht_Utrecht_0,Utrecht,0,0,3,3,,True
full_features,4class,ordinal_logistic,training_Utrecht_Utrecht_11,Utrecht,0,0,0,0,,True
full_features,4class,ordinal_logistic,training_Amsterdam_GE3T_113,Amsterdam,0,1,3,3,,True
full_features,4class,ordinal_logistic,training_Amsterdam_GE3T_126,Amsterdam,0,1,2,3,,True
full_features,4class,ordinal_logistic,training_Amsterdam_GE3T_132,Amsterdam,0,1,3,3,,True
full_features,4class,ordinal_logistic,training_Amsterdam_GE3T_137,Amsterdam,0,1,1,2,,True
full_features,4class,ordinal_logistic,training_Singapore_Singapore_53,Singapore,0,1,0,0,,True
full_features,4class,ordinal_logistic,training_Singapore_Singapore_66,Singapore,0,1,2,2,,True
full_features,4class,ordinal_logistic,training_Singapore_Singapore_69,Singapore,0,1,3,2,,True
full_features,4class,ordinal_logistic,training_Utrecht_Utrecht_17,Utrecht,0,1,1,1,,True
full_features,4class,ordinal_logistic,training_Utrecht_Utrecht_2,Utrecht,0,1,3,3,,True
full_features,4class,ordinal_logistic,training_Utrecht_Utrecht_23,Utrecht,0,1,0,0,,True
full_features,4class,ordinal_logistic,training_Utrecht_Utrecht_37,Utrecht,0,1,3,3,,True
full_features,4class,ordinal_logistic,training_Utrecht_Utrecht_8,Utrecht,0,1,0,0,,True
full_features,4class,ordinal_logistic,training_Amsterdam_GE3T_102,Amsterdam,0,2,1,0,,True
full_features,4class,ordinal_logistic,training_Amsterdam_GE3T_103,Amsterdam,0,2,3,3,,True
full_features,4class,ordinal_logistic,training_Amsterdam_GE3T_104,Amsterdam,0,2,3,3,,True
full_features,4class,ordinal_logistic,training_Amsterdam_GE3T_106,Amsterdam,0,2,0,0,,True
full_features,4class,ordinal_logistic,training_Amsterdam_GE3T_109,Amsterdam,0,2,0,0,,True
full_features,4class,ordinal_logistic,training_Singapore_Singapore_52,Singapore,0,2,1,0,,True
full_features,4class,ordinal_logistic,training_Singapore_Singapore_57,Singapore,0,2,2,2,,True
full_features,4class,ordinal_logistic,training_Singapore_Singapore_64,Singapore,0,2,2,2,,True
full_features,4class,ordinal_logistic,training_Singapore_Singapore_65,Singapore,0,2,3,3,,True
full_features,4class,ordinal_logistic,training_Utrecht_Utrecht_27,Utrecht,0,2,0,1,,True
full_features,4class,ordinal_logistic,training_Utrecht_Utrecht_29,Utrecht,0,2,3,3,,True
full_features,4class,ordinal_logistic,training_Utrecht_Utrecht_49,Utrecht,0,2,3,3,,True
full_features,4class,ordinal_logistic,training_Amsterdam_GE3T_114,Amsterdam,0,3,2,3,,True
full_features,4class,ordinal_logistic,training_Amsterdam_GE3T_115,Amsterdam,0,3,0,0,,True
full_features,4class,ordinal_logistic,training_Amsterdam_GE3T_144,Amsterdam,0,3,0,0,,True
full_features,4class,ordinal_logistic,training_Singapore_Singapore_50,Singapore,0,3,3,3,,True
full_features,4class,ordinal_logistic,training_Singapore_Singapore_55,Singapore,0,3,0,0,,True
full_features,4class,ordinal_logistic,training_Singapore_Singapore_56,Singapore,0,3,2,3,,True
full_features,4class,ordinal_logistic,training_Singapore_Singapore_63,Singapore,0,3,3,3,,True
full_features,4class,ordinal_logistic,training_Utrecht_Utrecht_25,Utrecht,0,3,3,3,,True
full_features,4class,ordinal_logistic,training_Utrecht_Utrecht_31,Utrecht,0,3,3,3,,True
full_features,4class,ordinal_logistic,training_Utrecht_Utrecht_33,Utrecht,0,3,1,0,,True
full_features,4class,ordinal_logistic,training_Utrecht_Utrecht_39,Utrecht,0,3,3,3,,True
full_features,4class,ordinal_logistic,training_Utrecht_Utrecht_6,Utrecht,0,3,0,0,,True
full_features,4class,ordinal_logistic,training_Amsterdam_GE3T_101,Amsterdam,0,4,0,0,,True
full_features,4class,ordinal_logistic,training_Amsterdam_GE3T_110,Amsterdam,0,4,0,0,,True
full_features,4class,ordinal_logistic,training_Amsterdam_GE3T_112,Amsterdam,0,4,1,1,,True
full_features,4class,ordinal_logistic,training_Singapore_Singapore_58,Singapore,0,4,0,0,,True
full_features,4class,ordinal_logistic,training_Singapore_Singapore_59,Singapore,0,4,3,2,,True
full_features,4class,ordinal_logistic,training_Singapore_Singapore_61,Singapore,0,4,2,1,,True
full_features,4class,ordinal_logistic,training_Singapore_Singapore_62,Singapore,0,4,3,3,,True
full_features,4class,ordinal_logistic,training_Utrecht_Utrecht_19,Utrecht,0,4,2,3,,True
full_features,4class,ordinal_logistic,training_Utrecht_Utrecht_21,Utrecht,0,4,3,3,,True
full_features,4class,ordinal_logistic,training_Utrecht_Utrecht_35,Utrecht,0,4,0,1,,True
full_features,4class,ordinal_logistic,training_Utrecht_Utrecht_4,Utrecht,0,4,3,3,,True
full_features,4class,ordinal_logistic,training_Utrecht_Utrecht_41,Utrecht,0,4,3,3,,True
full_features,4class,ordinal_logistic,training_Amsterdam_GE3T_101,Amsterdam,1,0,0,0,,True
full_features,4class,ordinal_logistic,training_Amsterdam_GE3T_106,Amsterdam,1,0,0,0,,True
full_features,4class,ordinal_logistic,training_Amsterdam_GE3T_107,Amsterdam,1,0,1,1,,True
full_features,4class,ordinal_logistic,training_Amsterdam_GE3T_112,Amsterdam,1,0,1,1,,True
full_features,4class,ordinal_logistic,training_Amsterdam_GE3T_113,Amsterdam,1,0,3,3,,True
full_features,4class,ordinal_logistic,training_Singapore_Singapore_62,Singapore,1,0,3,3,,True
full_features,4class,ordinal_logistic,training_Singapore_Singapore_66,Singapore,1,0,2,2,,True
full_features,4class,ordinal_logistic,training_Singapore_Singapore_69,Singapore,1,0,3,2,,True
full_features,4class,ordinal_logistic,training_Utrecht_Utrecht_2,Utrecht,1,0,3,3,,True
full_features,4class,ordinal_logistic,training_Utrecht_Utrecht_27,Utrecht,1,0,0,1,,True
full_features,4class,ordinal_logistic,training_Utrecht_Utrecht_35,Utrecht,1,0,0,1,,True
full_features,4class,ordinal_logistic,training_Utrecht_Utrecht_49,Utrecht,1,0,3,3,,True
full_features,4class,ordinal_logistic,training_Amsterdam_GE3T_114,Amsterdam,1,1,2,3,,True
full_features,4class,ordinal_logistic,training_Amsterdam_GE3T_116,Amsterdam,1,1,0,0,,True
full_features,4class,ordinal_logistic,training_Amsterdam_GE3T_137,Amsterdam,1,1,1,2,,True
full_features,4class,ordinal_logistic,training_Amsterdam_GE3T_144,Amsterdam,1,1,0,0,,True
full_features,4class,ordinal_logistic,training_Singapore_Singapore_50,Singapore,1,1,3,3,,True
full_features,4class,ordinal_logistic,training_Singapore_Singapore_59,Singapore,1,1,3,2,,True
full_features,4class,ordinal_logistic,training_Singapore_Singapore_65,Singapore,1,1,3,3,,True
full_features,4class,ordinal_logistic,training_Singapore_Singapore_67,Singapore,1,1,3,3,,True
full_features,4class,ordinal_logistic,training_Utrecht_Utrecht_11,Utrecht,1,1,0,0,,True
full_features,4class,ordinal_logistic,training_Utrecht_Utrecht_17,Utrecht,1,1,1,0,,True
full_features,4class,ordinal_logistic,training_Utrecht_Utrecht_19,Utrecht,1,1,2,3,,True
full_features,4class,ordinal_logistic,training_Utrecht_Utrecht_37,Utrecht,1,1,3,3,,True
full_features,4class,ordinal_logistic,training_Amsterdam_GE3T_100,Amsterdam,1,2,1,1,,True
full_features,4class,ordinal_logistic,training_Amsterdam_GE3T_105,Amsterdam,1,2,2,2,,True
full_features,4class,ordinal_logistic,training_Amsterdam_GE3T_110,Amsterdam,1,2,0,0,,True
full_features,4class,ordinal_logistic,training_Amsterdam_GE3T_126,Amsterdam,1,2,2,3,,True
full_features,4class,ordinal_logistic,training_Singapore_Singapore_52,Singapore,1,2,1,0,,True
full_features,4class,ordinal_logistic,training_Singapore_Singapore_55,Singapore,1,2,0,0,,True
full_features,4class,ordinal_logistic,training_Singapore_Singapore_60,Singapore,1,2,3,3,,True
full_features,4class,ordinal_logistic,training_Singapore_Singapore_63,Singapore,1,2,3,3,,True
full_features,4class,ordinal_logistic,training_Utrecht_Utrecht_21,Utrecht,1,2,3,3,,True
full_features,4class,ordinal_logistic,training_Utrecht_Utrecht_39,Utrecht,1,2,3,3,,True
full_features,4class,ordinal_logistic,training_Utrecht_Utrecht_41,Utrecht,1,2,3,3,,True
full_features,4class,ordinal_logistic,training_Utrecht_Utrecht_6,Utrecht,1,2,0,0,,True
full_features,4class,ordinal_logistic,training_Amsterdam_GE3T_103,Amsterdam,1,3,3,3,,True
full_features,4class,ordinal_logistic,training_Amsterdam_GE3T_104,Amsterdam,1,3,3,3,,True
full_features,4class,ordinal_logistic,training_Amsterdam_GE3T_109,Amsterdam,1,3,0,0,,True
full_features,4class,ordinal_logistic,training_Singapore_Singapore_51,Singapore,1,3,3,3,,True
full_features,4class,ordinal_logistic,training_Singapore_Singapore_53,Singapore,1,3,0,0,,True
full_features,4class,ordinal_logistic,training_Singapore_Singapore_56,Singapore,1,3,2,3,,True
full_features,4class,ordinal_logistic,training_Singapore_Singapore_58,Singapore,1,3,0,0,,True
full_features,4class,ordinal_logistic,training_Singapore_Singapore_61,Singapore,1,3,2,1,,True
full_features,4class,ordinal_logistic,training_Singapore_Singapore_68,Singapore,1,3,3,3,,True
full_features,4class,ordinal_logistic,training_Utrecht_Utrecht_23,Utrecht,1,3,0,1,,True
full_features,4class,ordinal_logistic,training_Utrecht_Utrecht_33,Utrecht,1,3,1,1,,True
full_features,4class,ordinal_logistic,training_Utrecht_Utrecht_4,Utrecht,1,3,3,3,,True
full_features,4class,ordinal_logistic,training_Amsterdam_GE3T_102,Amsterdam,1,4,1,0,,True
full_features,4class,ordinal_logistic,training_Amsterdam_GE3T_108,Amsterdam,1,4,0,0,,True
full_features,4class,ordinal_logistic,training_Amsterdam_GE3T_115,Amsterdam,1,4,0,0,,True
full_features,4class,ordinal_logistic,training_Amsterdam_GE3T_132,Amsterdam,1,4,3,3,,True
full_features,4class,ordinal_logistic,training_Singapore_Singapore_54,Singapore,1,4,0,0,,True
full_features,4class,ordinal_logistic,training_Singapore_Singapore_57,Singapore,1,4,2,2,,True
full_features,4class,ordinal_logistic,training_Singapore_Singapore_64,Singapore,1,4,2,2,,True
full_features,4class,ordinal_logistic,training_Utrecht_Utrecht_0,Utrecht,1,4,3,3,,True
full_features,4class,ordinal_logistic,training_Utrecht_Utrecht_25,Utrecht,1,4,3,3,,True
full_features,4class,ordinal_logistic,training_Utrecht_Utrecht_29,Utrecht,1,4,3,3,,True
full_features,4class,ordinal_logistic,training_Utrecht_Utrecht_31,Utrecht,1,4,3,3,,True
full_features,4class,ordinal_logistic,training_Utrecht_Utrecht_8,Utrecht,1,4,0,0,,True
full_features,4class,ordinal_logistic,training_Amsterdam_GE3T_101,Amsterdam,2,0,0,0,,True
full_features,4class,ordinal_logistic,training_Amsterdam_GE3T_104,Amsterdam,2,0,3,3,,True
full_features,4class,ordinal_logistic,training_Amsterdam_GE3T_114,Amsterdam,2,0,2,3,,True
full_features,4class,ordinal_logistic,training_Singapore_Singapore_52,Singapore,2,0,1,0,,True
full_features,4class,ordinal_logistic,training_Singapore_Singapore_55,Singapore,2,0,0,0,,True
full_features,4class,ordinal_logistic,training_Singapore_Singapore_65,Singapore,2,0,3,3,,True
full_features,4class,ordinal_logistic,training_Utrecht_Utrecht_17,Utrecht,2,0,1,1,,True
full_features,4class,ordinal_logistic,training_Utrecht_Utrecht_35,Utrecht,2,0,0,1,,True
full_features,4class,ordinal_logistic,training_Utrecht_Utrecht_4,Utrecht,2,0,3,3,,True
full_features,4class,ordinal_logistic,training_Utrecht_Utrecht_41,Utrecht,2,0,3,3,,True
full_features,4class,ordinal_logistic,training_Utrecht_Utrecht_49,Utrecht,2,0,3,3,,True
full_features,4class,ordinal_logistic,training_Utrecht_Utrecht_6,Utrecht,2,0,0,0,,True
full_features,4class,ordinal_logistic,training_Amsterdam_GE3T_103,Amsterdam,2,1,3,3,,True
full_features,4class,ordinal_logistic,training_Amsterdam_GE3T_112,Amsterdam,2,1,1,1,,True
full_features,4class,ordinal_logistic,training_Amsterdam_GE3T_137,Amsterdam,2,1,1,2,,True
full_features,4class,ordinal_logistic,training_Singapore_Singapore_53,Singapore,2,1,0,0,,True
full_features,4class,ordinal_logistic,training_Singapore_Singapore_56,Singapore,2,1,2,3,,True
full_features,4class,ordinal_logistic,training_Singapore_Singapore_58,Singapore,2,1,0,0,,True
full_features,4class,ordinal_logistic,training_Singapore_Singapore_59,Singapore,2,1,3,3,,True
full_features,4class,ordinal_logistic,training_Singapore_Singapore_66,Singapore,2,1,2,2,,True
full_features,4class,ordinal_logistic,training_Utrecht_Utrecht_21,Utrecht,2,1,3,3,,True
full_features,4class,ordinal_logistic,training_Utrecht_Utrecht_27,Utrecht,2,1,0,1,,True
full_features,4class,ordinal_logistic,training_Utrecht_Utrecht_31,Utrecht,2,1,3,3,,True
full_features,4class,ordinal_logistic,training_Utrecht_Utrecht_37,Utrecht,2,1,3,3,,True
full_features,4class,ordinal_logistic,training_Amsterdam_GE3T_100,Amsterdam,2,2,1,1,,True
full_features,4class,ordinal_logistic,training_Amsterdam_GE3T_107,Amsterdam,2,2,1,2,,True
full_features,4class,ordinal_logistic,training_Amsterdam_GE3T_109,Amsterdam,2,2,0,0,,True
full_features,4class,ordinal_logistic,training_Amsterdam_GE3T_116,Amsterdam,2,2,0,0,,True
full_features,4class,ordinal_logistic,training_Amsterdam_GE3T_126,Amsterdam,2,2,2,3,,True
full_features,4class,ordinal_logistic,training_Singapore_Singapore_57,Singapore,2,2,2,2,,True
full_features,4class,ordinal_logistic,training_Singapore_Singapore_63,Singapore,2,2,3,3,,True
full_features,4class,ordinal_logistic,training_Utrecht_Utrecht_0,Utrecht,2,2,3,3,,True
full_features,4class,ordinal_logistic,training_Utrecht_Utrecht_11,Utrecht,2,2,0,0,,True
full_features,4class,ordinal_logistic,training_Utrecht_Utrecht_2,Utrecht,2,2,3,3,,True
full_features,4class,ordinal_logistic,training_Utrecht_Utrecht_29,Utrecht,2,2,3,3,,True
full_features,4class,ordinal_logistic,training_Utrecht_Utrecht_39,Utrecht,2,2,3,3,,True
full_features,4class,ordinal_logistic,training_Amsterdam_GE3T_110,Amsterdam,2,3,0,0,,True
full_features,4class,ordinal_logistic,training_Amsterdam_GE3T_113,Amsterdam,2,3,3,3,,True
full_features,4class,ordinal_logistic,training_Amsterdam_GE3T_132,Amsterdam,2,3,3,3,,True
full_features,4class,ordinal_logistic,training_Amsterdam_GE3T_144,Amsterdam,2,3,0,0,,True
full_features,4class,ordinal_logistic,training_Singapore_Singapore_51,Singapore,2,3,3,3,,True
full_features,4class,ordinal_logistic,training_Singapore_Singapore_54,Singapore,2,3,0,0,,True
full_features,4class,ordinal_logistic,training_Singapore_Singapore_60,Singapore,2,3,3,3,,True
full_features,4class,ordinal_logistic,training_Singapore_Singapore_61,Singapore,2,3,2,2,,True
full_features,4class,ordinal_logistic,training_Utrecht_Utrecht_19,Utrecht,2,3,2,3,,True
full_features,4class,ordinal_logistic,training_Utrecht_Utrecht_25,Utrecht,2,3,3,3,,True
full_features,4class,ordinal_logistic,training_Utrecht_Utrecht_33,Utrecht,2,3,1,1,,True
full_features,4class,ordinal_logistic,training_Utrecht_Utrecht_8,Utrecht,2,3,0,0,,True
full_features,4class,ordinal_logistic,training_Amsterdam_GE3T_102,Amsterdam,2,4,1,0,,True
full_features,4class,ordinal_logistic,training_Amsterdam_GE3T_105,Amsterdam,2,4,2,2,,True
full_features,4class,ordinal_logistic,training_Amsterdam_GE3T_106,Amsterdam,2,4,0,0,,True
full_features,4class,ordinal_logistic,training_Amsterdam_GE3T_108,Amsterdam,2,4,0,0,,True
full_features,4class,ordinal_logistic,training_Amsterdam_GE3T_115,Amsterdam,2,4,0,0,,True
full_features,4class,ordinal_logistic,training_Singapore_Singapore_50,Singapore,2,4,3,3,,True
full_features,4class,ordinal_logistic,training_Singapore_Singapore_62,Singapore,2,4,3,3,,True
full_features,4class,ordinal_logistic,training_Singapore_Singapore_64,Singapore,2,4,2,2,,True
full_features,4class,ordinal_logistic,training_Singapore_Singapore_67,Singapore,2,4,3,3,,True
full_features,4class,ordinal_logistic,training_Singapore_Singapore_68,Singapore,2,4,3,3,,True
full_features,4class,ordinal_logistic,training_Singapore_Singapore_69,Singapore,2,4,3,2,,True
full_features,4class,ordinal_logistic,training_Utrecht_Utrecht_23,Utrecht,2,4,0,0,,True
full_features,4class,ordinal_logistic,training_Amsterdam_GE3T_107,Amsterdam,3,0,1,1,,True
full_features,4class,ordinal_logistic,training_Amsterdam_GE3T_108,Amsterdam,3,0,0,0,,True
full_features,4class,ordinal_logistic,training_Amsterdam_GE3T_113,Amsterdam,3,0,3,3,,True
full_features,4class,ordinal_logistic,training_Amsterdam_GE3T_144,Amsterdam,3,0,0,0,,True
full_features,4class,ordinal_logistic,training_Singapore_Singapore_54,Singapore,3,0,0,0,,True
full_features,4class,ordinal_logistic,training_Singapore_Singapore_64,Singapore,3,0,2,2,,True
full_features,4class,ordinal_logistic,training_Singapore_Singapore_65,Singapore,3,0,3,3,,True
full_features,4class,ordinal_logistic,training_Singapore_Singapore_68,Singapore,3,0,3,3,,True
full_features,4class,ordinal_logistic,training_Singapore_Singapore_69,Singapore,3,0,3,2,,True
full_features,4class,ordinal_logistic,training_Utrecht_Utrecht_17,Utrecht,3,0,1,1,,True
full_features,4class,ordinal_logistic,training_Utrecht_Utrecht_27,Utrecht,3,0,0,1,,True
full_features,4class,ordinal_logistic,training_Utrecht_Utrecht_49,Utrecht,3,0,3,3,,True
full_features,4class,ordinal_logistic,training_Amsterdam_GE3T_101,Amsterdam,3,1,0,0,,True
full_features,4class,ordinal_logistic,training_Amsterdam_GE3T_102,Amsterdam,3,1,1,0,,True
full_features,4class,ordinal_logistic,training_Amsterdam_GE3T_104,Amsterdam,3,1,3,3,,True
full_features,4class,ordinal_logistic,training_Amsterdam_GE3T_115,Amsterdam,3,1,0,0,,True
full_features,4class,ordinal_logistic,training_Amsterdam_GE3T_137,Amsterdam,3,1,1,1,,True
full_features,4class,ordinal_logistic,training_Singapore_Singapore_56,Singapore,3,1,2,3,,True
full_features,4class,ordinal_logistic,training_Singapore_Singapore_57,Singapore,3,1,2,2,,True
full_features,4class,ordinal_logistic,training_Singapore_Singapore_62,Singapore,3,1,3,3,,True
full_features,4class,ordinal_logistic,training_Utrecht_Utrecht_0,Utrecht,3,1,3,3,,True
full_features,4class,ordinal_logistic,training_Utrecht_Utrecht_31,Utrecht,3,1,3,3,,True
full_features,4class,ordinal_logistic,training_Utrecht_Utrecht_4,Utrecht,3,1,3,3,,True
full_features,4class,ordinal_logistic,training_Utrecht_Utrecht_6,Utrecht,3,1,0,0,,True
full_features,4class,ordinal_logistic,training_Amsterdam_GE3T_106,Amsterdam,3,2,0,0,,True
full_features,4class,ordinal_logistic,training_Amsterdam_GE3T_110,Amsterdam,3,2,0,0,,True
full_features,4class,ordinal_logistic,training_Amsterdam_GE3T_126,Amsterdam,3,2,2,3,,True
full_features,4class,ordinal_logistic,training_Amsterdam_GE3T_132,Amsterdam,3,2,3,3,,True
full_features,4class,ordinal_logistic,training_Singapore_Singapore_52,Singapore,3,2,1,1,,True
full_features,4class,ordinal_logistic,training_Singapore_Singapore_59,Singapore,3,2,3,3,,True
full_features,4class,ordinal_logistic,training_Utrecht_Utrecht_11,Utrecht,3,2,0,0,,True
full_features,4class,ordinal_logistic,training_Utrecht_Utrecht_19,Utrecht,3,2,2,3,,True
full_features,4class,ordinal_logistic,training_Utrecht_Utrecht_2,Utrecht,3,2,3,3,,True
full_features,4class,ordinal_logistic,training_Utrecht_Utrecht_33,Utrecht,3,2,1,1,,True
full_features,4class,ordinal_logistic,training_Utrecht_Utrecht_37,Utrecht,3,2,3,3,,True
full_features,4class,ordinal_logistic,training_Utrecht_Utrecht_39,Utrecht,3,2,3,3,,True
full_features,4class,ordinal_logistic,training_Amsterdam_GE3T_100,Amsterdam,3,3,1,1,,True
full_features,4class,ordinal_logistic,training_Amsterdam_GE3T_114,Amsterdam,3,3,2,2,,True
full_features,4class,ordinal_logistic,training_Singapore_Singapore_50,Singapore,3,3,3,3,,True
full_features,4class,ordinal_logistic,training_Singapore_Singapore_51,Singapore,3,3,3,3,,True
full_features,4class,ordinal_logistic,training_Singapore_Singapore_53,Singapore,3,3,0,0,,True
full_features,4class,ordinal_logistic,training_Singapore_Singapore_55,Singapore,3,3,0,0,,True
full_features,4class,ordinal_logistic,training_Singapore_Singapore_61,Singapore,3,3,2,1,,True
full_features,4class,ordinal_logistic,training_Singapore_Singapore_63,Singapore,3,3,3,3,,True
full_features,4class,ordinal_logistic,training_Utrecht_Utrecht_29,Utrecht,3,3,3,3,,True
full_features,4class,ordinal_logistic,training_Utrecht_Utrecht_35,Utrecht,3,3,0,1,,True
full_features,4class,ordinal_logistic,training_Utrecht_Utrecht_41,Utrecht,3,3,3,3,,True
full_features,4class,ordinal_logistic,training_Utrecht_Utrecht_8,Utrecht,3,3,0,0,,True
full_features,4class,ordinal_logistic,training_Amsterdam_GE3T_103,Amsterdam,3,4,3,3,,True
full_features,4class,ordinal_logistic,training_Amsterdam_GE3T_105,Amsterdam,3,4,2,2,,True
full_features,4class,ordinal_logistic,training_Amsterdam_GE3T_109,Amsterdam,3,4,0,0,,True
full_features,4class,ordinal_logistic,training_Amsterdam_GE3T_112,Amsterdam,3,4,1,1,,True
full_features,4class,ordinal_logistic,training_Amsterdam_GE3T_116,Amsterdam,3,4,0,1,,True
full_features,4class,ordinal_logistic,training_Singapore_Singapore_58,Singapore,3,4,0,0,,True
full_features,4class,ordinal_logistic,training_Singapore_Singapore_60,Singapore,3,4,3,3,,True
full_features,4class,ordinal_logistic,training_Singapore_Singapore_66,Singapore,3,4,2,2,,True
full_features,4class,ordinal_logistic,training_Singapore_Singapore_67,Singapore,3,4,3,3,,True
full_features,4class,ordinal_logistic,training_Utrecht_Utrecht_21,Utrecht,3,4,3,3,,True
full_features,4class,ordinal_logistic,training_Utrecht_Utrecht_23,Utrecht,3,4,0,0,,True
full_features,4class,ordinal_logistic,training_Utrecht_Utrecht_25,Utrecht,3,4,3,3,,True
full_features,4class,ordinal_logistic,training_Amsterdam_GE3T_100,Amsterdam,4,0,1,1,,True
full_features,4class,ordinal_logistic,training_Amsterdam_GE3T_104,Amsterdam,4,0,3,3,,True
full_features,4class,ordinal_logistic,training_Amsterdam_GE3T_113,Amsterdam,4,0,3,3,,True
full_features,4class,ordinal_logistic,training_Amsterdam_GE3T_116,Amsterdam,4,0,0,0,,True
full_features,4class,ordinal_logistic,training_Singapore_Singapore_54,Singapore,4,0,0,0,,True
full_features,4class,ordinal_logistic,training_Singapore_Singapore_61,Singapore,4,0,2,2,,True
full_features,4class,ordinal_logistic,training_Singapore_Singapore_69,Singapore,4,0,3,2,,True
full_features,4class,ordinal_logistic,training_Utrecht_Utrecht_11,Utrecht,4,0,0,0,,True
full_features,4class,ordinal_logistic,training_Utrecht_Utrecht_17,Utrecht,4,0,1,1,,True
full_features,4class,ordinal_logistic,training_Utrecht_Utrecht_23,Utrecht,4,0,0,0,,True
full_features,4class,ordinal_logistic,training_Utrecht_Utrecht_25,Utrecht,4,0,3,3,,True
full_features,4class,ordinal_logistic,training_Utrecht_Utrecht_41,Utrecht,4,0,3,3,,True
full_features,4class,ordinal_logistic,training_Amsterdam_GE3T_109,Amsterdam,4,1,0,0,,True
full_features,4class,ordinal_logistic,training_Amsterdam_GE3T_112,Amsterdam,4,1,1,1,,True
full_features,4class,ordinal_logistic,training_Amsterdam_GE3T_114,Amsterdam,4,1,2,3,,True
full_features,4class,ordinal_logistic,training_Singapore_Singapore_51,Singapore,4,1,3,3,,True
full_features,4class,ordinal_logistic,training_Singapore_Singapore_57,Singapore,4,1,2,2,,True
full_features,4class,ordinal_logistic,training_Singapore_Singapore_62,Singapore,4,1,3,3,,True
full_features,4class,ordinal_logistic,training_Utrecht_Utrecht_21,Utrecht,4,1,3,3,,True
full_features,4class,ordinal_logistic,training_Utrecht_Utrecht_27,Utrecht,4,1,0,1,,True
full_features,4class,ordinal_logistic,training_Utrecht_Utrecht_29,Utrecht,4,1,3,3,,True
full_features,4class,ordinal_logistic,training_Utrecht_Utrecht_33,Utrecht,4,1,1,1,,True
full_features,4class,ordinal_logistic,training_Utrecht_Utrecht_37,Utrecht,4,1,3,3,,True
full_features,4class,ordinal_logistic,training_Utrecht_Utrecht_6,Utrecht,4,1,0,0,,True
full_features,4class,ordinal_logistic,training_Amsterdam_GE3T_101,Amsterdam,4,2,0,0,,True
full_features,4class,ordinal_logistic,training_Amsterdam_GE3T_103,Amsterdam,4,2,3,3,,True
full_features,4class,ordinal_logistic,training_Amsterdam_GE3T_107,Amsterdam,4,2,1,1,,True
full_features,4class,ordinal_logistic,training_Amsterdam_GE3T_126,Amsterdam,4,2,2,3,,True
full_features,4class,ordinal_logistic,training_Singapore_Singapore_50,Singapore,4,2,3,3,,True
full_features,4class,ordinal_logistic,training_Singapore_Singapore_52,Singapore,4,2,1,0,,True
full_features,4class,ordinal_logistic,training_Singapore_Singapore_53,Singapore,4,2,0,0,,True
full_features,4class,ordinal_logistic,training_Singapore_Singapore_59,Singapore,4,2,3,2,,True
full_features,4class,ordinal_logistic,training_Singapore_Singapore_60,Singapore,4,2,3,3,,True
full_features,4class,ordinal_logistic,training_Singapore_Singapore_65,Singapore,4,2,3,3,,True
full_features,4class,ordinal_logistic,training_Singapore_Singapore_66,Singapore,4,2,2,2,,True
full_features,4class,ordinal_logistic,training_Utrecht_Utrecht_35,Utrecht,4,2,0,1,,True
full_features,4class,ordinal_logistic,training_Amsterdam_GE3T_102,Amsterdam,4,3,1,0,,True
full_features,4class,ordinal_logistic,training_Amsterdam_GE3T_105,Amsterdam,4,3,2,2,,True
full_features,4class,ordinal_logistic,training_Amsterdam_GE3T_106,Amsterdam,4,3,0,0,,True
full_features,4class,ordinal_logistic,training_Amsterdam_GE3T_115,Amsterdam,4,3,0,0,,True
full_features,4class,ordinal_logistic,training_Amsterdam_GE3T_144,Amsterdam,4,3,0,0,,True
full_features,4class,ordinal_logistic,training_Singapore_Singapore_55,Singapore,4,3,0,0,,True
full_features,4class,ordinal_logistic,training_Singapore_Singapore_56,Singapore,4,3,2,3,,True
full_features,4class,ordinal_logistic,training_Singapore_Singapore_67,Singapore,4,3,3,3,,True
full_features,4class,ordinal_logistic,training_Singapore_Singapore_68,Singapore,4,3,3,3,,True
full_features,4class,ordinal_logistic,training_Utrecht_Utrecht_2,Utrecht,4,3,3,3,,True
full_features,4class,ordinal_logistic,training_Utrecht_Utrecht_39,Utrecht,4,3,3,3,,True
full_features,4class,ordinal_logistic,training_Utrecht_Utrecht_49,Utrecht,4,3,3,3,,True
full_features,4class,ordinal_logistic,training_Amsterdam_GE3T_108,Amsterdam,4,4,0,0,,True
full_features,4class,ordinal_logistic,training_Amsterdam_GE3T_110,Amsterdam,4,4,0,0,,True
full_features,4class,ordinal_logistic,training_Amsterdam_GE3T_132,Amsterdam,4,4,3,3,,True
full_features,4class,ordinal_logistic,training_Amsterdam_GE3T_137,Amsterdam,4,4,1,2,,True
full_features,4class,ordinal_logistic,training_Singapore_Singapore_58,Singapore,4,4,0,0,,True
full_features,4class,ordinal_logistic,training_Singapore_Singapore_63,Singapore,4,4,3,3,,True
full_features,4class,ordinal_logistic,training_Singapore_Singapore_64,Singapore,4,4,2,2,,True
full_features,4class,ordinal_logistic,training_Utrecht_Utrecht_0,Utrecht,4,4,3,3,,True
full_features,4class,ordinal_logistic,training_Utrecht_Utrecht_19,Utrecht,4,4,2,3,,True
full_features,4class,ordinal_logistic,training_Utrecht_Utrecht_31,Utrecht,4,4,3,3,,True
full_features,4class,ordinal_logistic,training_Utrecht_Utrecht_4,Utrecht,4,4,3,3,,True
full_features,4class,ordinal_logistic,training_Utrecht_Utrecht_8,Utrecht,4,4,0,0,,True
full_features,4class,ordinal_logistic,training_Amsterdam_GE3T_100,Amsterdam,5,0,1,1,,True
full_features,4class,ordinal_logistic,training_Amsterdam_GE3T_105,Amsterdam,5,0,2,2,,True
full_features,4class,ordinal_logistic,training_Amsterdam_GE3T_109,Amsterdam,5,0,0,0,,True
full_features,4class,ordinal_logistic,training_Amsterdam_GE3T_137,Amsterdam,5,0,1,2,,True
full_features,4class,ordinal_logistic,training_Singapore_Singapore_55,Singapore,5,0,0,0,,True
full_features,4class,ordinal_logistic,training_Singapore_Singapore_67,Singapore,5,0,3,3,,True
full_features,4class,ordinal_logistic,training_Utrecht_Utrecht_0,Utrecht,5,0,3,3,,True
full_features,4class,ordinal_logistic,training_Utrecht_Utrecht_2,Utrecht,5,0,3,3,,True
full_features,4class,ordinal_logistic,training_Utrecht_Utrecht_27,Utrecht,5,0,0,1,,True
full_features,4class,ordinal_logistic,training_Utrecht_Utrecht_31,Utrecht,5,0,3,3,,True
full_features,4class,ordinal_logistic,training_Utrecht_Utrecht_35,Utrecht,5,0,0,2,,True
full_features,4class,ordinal_logistic,training_Utrecht_Utrecht_41,Utrecht,5,0,3,3,,True
full_features,4class,ordinal_logistic,training_Amsterdam_GE3T_101,Amsterdam,5,1,0,0,,True
full_features,4class,ordinal_logistic,training_Amsterdam_GE3T_102,Amsterdam,5,1,1,0,,True
full_features,4class,ordinal_logistic,training_Amsterdam_GE3T_106,Amsterdam,5,1,0,0,,True
full_features,4class,ordinal_logistic,training_Amsterdam_GE3T_126,Amsterdam,5,1,2,3,,True
full_features,4class,ordinal_logistic,training_Singapore_Singapore_50,Singapore,5,1,3,3,,True
full_features,4class,ordinal_logistic,training_Singapore_Singapore_52,Singapore,5,1,1,0,,True
full_features,4class,ordinal_logistic,training_Singapore_Singapore_56,Singapore,5,1,2,3,,True
full_features,4class,ordinal_logistic,training_Singapore_Singapore_60,Singapore,5,1,3,3,,True
full_features,4class,ordinal_logistic,training_Singapore_Singapore_62,Singapore,5,1,3,3,,True
full_features,4class,ordinal_logistic,training_Singapore_Singapore_63,Singapore,5,1,3,3,,True
full_features,4class,ordinal_logistic,training_Utrecht_Utrecht_11,Utrecht,5,1,0,0,,True
full_features,4class,ordinal_logistic,training_Utrecht_Utrecht_21,Utrecht,5,1,3,3,,True
full_features,4class,ordinal_logistic,training_Amsterdam_GE3T_104,Amsterdam,5,2,3,3,,True
full_features,4class,ordinal_logistic,training_Amsterdam_GE3T_107,Amsterdam,5,2,1,1,,True
full_features,4class,ordinal_logistic,training_Amsterdam_GE3T_108,Amsterdam,5,2,0,0,,True
full_features,4class,ordinal_logistic,training_Amsterdam_GE3T_114,Amsterdam,5,2,2,3,,True
full_features,4class,ordinal_logistic,training_Amsterdam_GE3T_115,Amsterdam,5,2,0,0,,True
full_features,4class,ordinal_logistic,training_Amsterdam_GE3T_132,Amsterdam,5,2,3,3,,True
full_features,4class,ordinal_logistic,training_Singapore_Singapore_51,Singapore,5,2,3,3,,True
full_features,4class,ordinal_logistic,training_Singapore_Singapore_57,Singapore,5,2,2,2,,True
full_features,4class,ordinal_logistic,training_Singapore_Singapore_68,Singapore,5,2,3,3,,True
full_features,4class,ordinal_logistic,training_Utrecht_Utrecht_23,Utrecht,5,2,0,0,,True
full_features,4class,ordinal_logistic,training_Utrecht_Utrecht_33,Utrecht,5,2,1,1,,True
full_features,4class,ordinal_logistic,training_Utrecht_Utrecht_39,Utrecht,5,2,3,3,,True
full_features,4class,ordinal_logistic,training_Amsterdam_GE3T_103,Amsterdam,5,3,3,3,,True
full_features,4class,ordinal_logistic,training_Amsterdam_GE3T_110,Amsterdam,5,3,0,0,,True
full_features,4class,ordinal_logistic,training_Amsterdam_GE3T_112,Amsterdam,5,3,1,1,,True
full_features,4class,ordinal_logistic,training_Amsterdam_GE3T_113,Amsterdam,5,3,3,3,,True
full_features,4class,ordinal_logistic,training_Amsterdam_GE3T_116,Amsterdam,5,3,0,0,,True
full_features,4class,ordinal_logistic,training_Singapore_Singapore_54,Singapore,5,3,0,0,,True
full_features,4class,ordinal_logistic,training_Singapore_Singapore_58,Singapore,5,3,0,0,,True
full_features,4class,ordinal_logistic,training_Singapore_Singapore_59,Singapore,5,3,3,2,,True
full_features,4class,ordinal_logistic,training_Singapore_Singapore_66,Singapore,5,3,2,1,,True
full_features,4class,ordinal_logistic,training_Utrecht_Utrecht_19,Utrecht,5,3,2,3,,True
full_features,4class,ordinal_logistic,training_Utrecht_Utrecht_25,Utrecht,5,3,3,3,,True
full_features,4class,ordinal_logistic,training_Utrecht_Utrecht_4,Utrecht,5,3,3,3,,True
full_features,4class,ordinal_logistic,training_Amsterdam_GE3T_144,Amsterdam,5,4,0,0,,True
full_features,4class,ordinal_logistic,training_Singapore_Singapore_53,Singapore,5,4,0,0,,True
full_features,4class,ordinal_logistic,training_Singapore_Singapore_61,Singapore,5,4,2,2,,True
full_features,4class,ordinal_logistic,training_Singapore_Singapore_64,Singapore,5,4,2,2,,True
full_features,4class,ordinal_logistic,training_Singapore_Singapore_65,Singapore,5,4,3,3,,True
full_features,4class,ordinal_logistic,training_Singapore_Singapore_69,Singapore,5,4,3,2,,True
full_features,4class,ordinal_logistic,training_Utrecht_Utrecht_17,Utrecht,5,4,1,1,,True
full_features,4class,ordinal_logistic,training_Utrecht_Utrecht_29,Utrecht,5,4,3,3,,True
full_features,4class,ordinal_logistic,training_Utrecht_Utrecht_37,Utrecht,5,4,3,3,,True
full_features,4class,ordinal_logistic,training_Utrecht_Utrecht_49,Utrecht,5,4,3,3,,True
full_features,4class,ordinal_logistic,training_Utrecht_Utrecht_6,Utrecht,5,4,0,0,,True
full_features,4class,ordinal_logistic,training_Utrecht_Utrecht_8,Utrecht,5,4,0,0,,True
full_features,4class,ordinal_logistic,training_Amsterdam_GE3T_107,Amsterdam,6,0,1,1,,True
full_features,4class,ordinal_logistic,training_Amsterdam_GE3T_109,Amsterdam,6,0,0,0,,True
full_features,4class,ordinal_logistic,training_Amsterdam_GE3T_113,Amsterdam,6,0,3,3,,True
full_features,4class,ordinal_logistic,training_Singapore_Singapore_52,Singapore,6,0,1,0,,True
full_features,4class,ordinal_logistic,training_Singapore_Singapore_58,Singapore,6,0,0,0,,True
full_features,4class,ordinal_logistic,training_Singapore_Singapore_64,Singapore,6,0,2,2,,True
full_features,4class,ordinal_logistic,training_Utrecht_Utrecht_0,Utrecht,6,0,3,3,,True
full_features,4class,ordinal_logistic,training_Utrecht_Utrecht_11,Utrecht,6,0,0,0,,True
full_features,4class,ordinal_logistic,training_Utrecht_Utrecht_29,Utrecht,6,0,3,3,,True
full_features,4class,ordinal_logistic,training_Utrecht_Utrecht_4,Utrecht,6,0,3,3,,True
full_features,4class,ordinal_logistic,training_Utrecht_Utrecht_49,Utrecht,6,0,3,3,,True
full_features,4class,ordinal_logistic,training_Utrecht_Utrecht_6,Utrecht,6,0,0,0,,True
full_features,4class,ordinal_logistic,training_Amsterdam_GE3T_102,Amsterdam,6,1,1,0,,True
full_features,4class,ordinal_logistic,training_Amsterdam_GE3T_106,Amsterdam,6,1,0,0,,True
full_features,4class,ordinal_logistic,training_Amsterdam_GE3T_115,Amsterdam,6,1,0,0,,True
full_features,4class,ordinal_logistic,training_Singapore_Singapore_50,Singapore,6,1,3,3,,True
full_features,4class,ordinal_logistic,training_Singapore_Singapore_56,Singapore,6,1,2,3,,True
full_features,4class,ordinal_logistic,training_Singapore_Singapore_62,Singapore,6,1,3,3,,True
full_features,4class,ordinal_logistic,training_Singapore_Singapore_67,Singapore,6,1,3,3,,True
full_features,4class,ordinal_logistic,training_Singapore_Singapore_68,Singapore,6,1,3,3,,True
full_features,4class,ordinal_logistic,training_Utrecht_Utrecht_19,Utrecht,6,1,2,3,,True
full_features,4class,ordinal_logistic,training_Utrecht_Utrecht_33,Utrecht,6,1,1,1,,True
full_features,4class,ordinal_logistic,training_Utrecht_Utrecht_35,Utrecht,6,1,0,1,,True
full_features,4class,ordinal_logistic,training_Utrecht_Utrecht_41,Utrecht,6,1,3,3,,True
full_features,4class,ordinal_logistic,training_Amsterdam_GE3T_105,Amsterdam,6,2,2,2,,True
full_features,4class,ordinal_logistic,training_Amsterdam_GE3T_108,Amsterdam,6,2,0,0,,True
full_features,4class,ordinal_logistic,training_Amsterdam_GE3T_112,Amsterdam,6,2,1,1,,True
full_features,4class,ordinal_logistic,training_Amsterdam_GE3T_114,Amsterdam,6,2,2,3,,True
full_features,4class,ordinal_logistic,training_Amsterdam_GE3T_116,Amsterdam,6,2,0,1,,True
full_features,4class,ordinal_logistic,training_Amsterdam_GE3T_132,Amsterdam,6,2,3,3,,True
full_features,4class,ordinal_logistic,training_Amsterdam_GE3T_137,Amsterdam,6,2,1,2,,True
full_features,4class,ordinal_logistic,training_Singapore_Singapore_53,Singapore,6,2,0,0,,True
full_features,4class,ordinal_logistic,training_Singapore_Singapore_59,Singapore,6,2,3,2,,True
full_features,4class,ordinal_logistic,training_Singapore_Singapore_60,Singapore,6,2,3,3,,True
full_features,4class,ordinal_logistic,training_Singapore_Singapore_65,Singapore,6,2,3,3,,True
full_features,4class,ordinal_logistic,training_Utrecht_Utrecht_37,Utrecht,6,2,3,3,,True
full_features,4class,ordinal_logistic,training_Amsterdam_GE3T_100,Amsterdam,6,3,1,1,,True
full_features,4class,ordinal_logistic,training_Amsterdam_GE3T_101,Amsterdam,6,3,0,0,,True
full_features,4class,ordinal_logistic,training_Amsterdam_GE3T_103,Amsterdam,6,3,3,3,,True
full_features,4class,ordinal_logistic,training_Singapore_Singapore_55,Singapore,6,3,0,1,,True
full_features,4class,ordinal_logistic,training_Singapore_Singapore_57,Singapore,6,3,2,2,,True
full_features,4class,ordinal_logistic,training_Singapore_Singapore_61,Singapore,6,3,2,1,,True
full_features,4class,ordinal_logistic,training_Utrecht_Utrecht_2,Utrecht,6,3,3,3,,True
full_features,4class,ordinal_logistic,training_Utrecht_Utrecht_21,Utrecht,6,3,3,3,,True
full_features,4class,ordinal_logistic,training_Utrecht_Utrecht_23,Utrecht,6,3,0,1,,True
full_features,4class,ordinal_logistic,training_Utrecht_Utrecht_25,Utrecht,6,3,3,3,,True
full_features,4class,ordinal_logistic,training_Utrecht_Utrecht_27,Utrecht,6,3,0,1,,True
full_features,4class,ordinal_logistic,training_Utrecht_Utrecht_39,Utrecht,6,3,3,3,,True
full_features,4class,ordinal_logistic,training_Amsterdam_GE3T_104,Amsterdam,6,4,3,3,,True
full_features,4class,ordinal_logistic,training_Amsterdam_GE3T_110,Amsterdam,6,4,0,0,,True
full_features,4class,ordinal_logistic,training_Amsterdam_GE3T_126,Amsterdam,6,4,2,3,,True
full_features,4class,ordinal_logistic,training_Amsterdam_GE3T_144,Amsterdam,6,4,0,0,,True
full_features,4class,ordinal_logistic,training_Singapore_Singapore_51,Singapore,6,4,3,3,,True
full_features,4class,ordinal_logistic,training_Singapore_Singapore_54,Singapore,6,4,0,0,,True
full_features,4class,ordinal_logistic,training_Singapore_Singapore_63,Singapore,6,4,3,3,,True
full_features,4class,ordinal_logistic,training_Singapore_Singapore_66,Singapore,6,4,2,1,,True
full_features,4class,ordinal_logistic,training_Singapore_Singapore_69,Singapore,6,4,3,2,,True
full_features,4class,ordinal_logistic,training_Utrecht_Utrecht_17,Utrecht,6,4,1,1,,True
full_features,4class,ordinal_logistic,training_Utrecht_Utrecht_31,Utrecht,6,4,3,3,,True
full_features,4class,ordinal_logistic,training_Utrecht_Utrecht_8,Utrecht,6,4,0,0,,True
full_features,4class,ordinal_logistic,training_Amsterdam_GE3T_102,Amsterdam,7,0,1,0,,True
full_features,4class,ordinal_logistic,training_Amsterdam_GE3T_103,Amsterdam,7,0,3,3,,True
full_features,4class,ordinal_logistic,training_Amsterdam_GE3T_105,Amsterdam,7,0,2,2,,True
full_features,4class,ordinal_logistic,training_Amsterdam_GE3T_113,Amsterdam,7,0,3,3,,True
full_features,4class,ordinal_logistic,training_Amsterdam_GE3T_115,Amsterdam,7,0,0,0,,True
full_features,4class,ordinal_logistic,training_Singapore_Singapore_52,Singapore,7,0,1,0,,True
full_features,4class,ordinal_logistic,training_Singapore_Singapore_54,Singapore,7,0,0,0,,True
full_features,4class,ordinal_logistic,training_Singapore_Singapore_58,Singapore,7,0,0,0,,True
full_features,4class,ordinal_logistic,training_Singapore_Singapore_59,Singapore,7,0,3,2,,True
full_features,4class,ordinal_logistic,training_Singapore_Singapore_67,Singapore,7,0,3,3,,True
full_features,4class,ordinal_logistic,training_Singapore_Singapore_68,Singapore,7,0,3,3,,True
full_features,4class,ordinal_logistic,training_Utrecht_Utrecht_27,Utrecht,7,0,0,0,,True
full_features,4class,ordinal_logistic,training_Amsterdam_GE3T_100,Amsterdam,7,1,1,0,,True
full_features,4class,ordinal_logistic,training_Amsterdam_GE3T_101,Amsterdam,7,1,0,0,,True
full_features,4class,ordinal_logistic,training_Amsterdam_GE3T_110,Amsterdam,7,1,0,0,,True
full_features,4class,ordinal_logistic,training_Amsterdam_GE3T_112,Amsterdam,7,1,1,1,,True
full_features,4class,ordinal_logistic,training_Singapore_Singapore_50,Singapore,7,1,3,3,,True
full_features,4class,ordinal_logistic,training_Singapore_Singapore_57,Singapore,7,1,2,2,,True
full_features,4class,ordinal_logistic,training_Singapore_Singapore_60,Singapore,7,1,3,3,,True
full_features,4class,ordinal_logistic,training_Singapore_Singapore_65,Singapore,7,1,3,3,,True
full_features,4class,ordinal_logistic,training_Utrecht_Utrecht_19,Utrecht,7,1,2,3,,True
full_features,4class,ordinal_logistic,training_Utrecht_Utrecht_25,Utrecht,7,1,3,3,,True
full_features,4class,ordinal_logistic,training_Utrecht_Utrecht_29,Utrecht,7,1,3,3,,True
full_features,4class,ordinal_logistic,training_Utrecht_Utrecht_6,Utrecht,7,1,0,0,,True
full_features,4class,ordinal_logistic,training_Amsterdam_GE3T_104,Amsterdam,7,2,3,3,,True
full_features,4class,ordinal_logistic,training_Amsterdam_GE3T_108,Amsterdam,7,2,0,0,,True
full_features,4class,ordinal_logistic,training_Amsterdam_GE3T_137,Amsterdam,7,2,1,2,,True
full_features,4class,ordinal_logistic,training_Singapore_Singapore_55,Singapore,7,2,0,0,,True
full_features,4class,ordinal_logistic,training_Singapore_Singapore_61,Singapore,7,2,2,2,,True
full_features,4class,ordinal_logistic,training_Singapore_Singapore_63,Singapore,7,2,3,3,,True
full_features,4class,ordinal_logistic,training_Singapore_Singapore_64,Singapore,7,2,2,2,,True
full_features,4class,ordinal_logistic,training_Singapore_Singapore_69,Singapore,7,2,3,2,,True
full_features,4class,ordinal_logistic,training_Utrecht_Utrecht_0,Utrecht,7,2,3,3,,True
full_features,4class,ordinal_logistic,training_Utrecht_Utrecht_17,Utrecht,7,2,1,1,,True
full_features,4class,ordinal_logistic,training_Utrecht_Utrecht_21,Utrecht,7,2,3,3,,True
full_features,4class,ordinal_logistic,training_Utrecht_Utrecht_35,Utrecht,7,2,0,1,,True
full_features,4class,ordinal_logistic,training_Amsterdam_GE3T_106,Amsterdam,7,3,0,0,,True
full_features,4class,ordinal_logistic,training_Amsterdam_GE3T_109,Amsterdam,7,3,0,0,,True
full_features,4class,ordinal_logistic,training_Amsterdam_GE3T_116,Amsterdam,7,3,0,1,,True
full_features,4class,ordinal_logistic,training_Amsterdam_GE3T_126,Amsterdam,7,3,2,3,,True
full_features,4class,ordinal_logistic,training_Singapore_Singapore_51,Singapore,7,3,3,3,,True
full_features,4class,ordinal_logistic,training_Singapore_Singapore_66,Singapore,7,3,2,1,,True
full_features,4class,ordinal_logistic,training_Utrecht_Utrecht_2,Utrecht,7,3,3,3,,True
full_features,4class,ordinal_logistic,training_Utrecht_Utrecht_31,Utrecht,7,3,3,3,,True
full_features,4class,ordinal_logistic,training_Utrecht_Utrecht_33,Utrecht,7,3,1,1,,True
full_features,4class,ordinal_logistic,training_Utrecht_Utrecht_37,Utrecht,7,3,3,3,,True
full_features,4class,ordinal_logistic,training_Utrecht_Utrecht_41,Utrecht,7,3,3,3,,True
full_features,4class,ordinal_logistic,training_Utrecht_Utrecht_8,Utrecht,7,3,0,0,,True
full_features,4class,ordinal_logistic,training_Amsterdam_GE3T_107,Amsterdam,7,4,1,1,,True
full_features,4class,ordinal_logistic,training_Amsterdam_GE3T_114,Amsterdam,7,4,2,3,,True
full_features,4class,ordinal_logistic,training_Amsterdam_GE3T_132,Amsterdam,7,4,3,3,,True
full_features,4class,ordinal_logistic,training_Amsterdam_GE3T_144,Amsterdam,7,4,0,0,,True
full_features,4class,ordinal_logistic,training_Singapore_Singapore_53,Singapore,7,4,0,0,,True
full_features,4class,ordinal_logistic,training_Singapore_Singapore_56,Singapore,7,4,2,3,,True
full_features,4class,ordinal_logistic,training_Singapore_Singapore_62,Singapore,7,4,3,3,,True
full_features,4class,ordinal_logistic,training_Utrecht_Utrecht_11,Utrecht,7,4,0,0,,True
full_features,4class,ordinal_logistic,training_Utrecht_Utrecht_23,Utrecht,7,4,0,0,,True
full_features,4class,ordinal_logistic,training_Utrecht_Utrecht_39,Utrecht,7,4,3,3,,True
full_features,4class,ordinal_logistic,training_Utrecht_Utrecht_4,Utrecht,7,4,3,3,,True
full_features,4class,ordinal_logistic,training_Utrecht_Utrecht_49,Utrecht,7,4,3,3,,True
full_features,4class,ordinal_logistic,training_Amsterdam_GE3T_105,Amsterdam,8,0,2,2,,True
full_features,4class,ordinal_logistic,training_Amsterdam_GE3T_106,Amsterdam,8,0,0,0,,True
full_features,4class,ordinal_logistic,training_Amsterdam_GE3T_108,Amsterdam,8,0,0,0,,True
full_features,4class,ordinal_logistic,training_Amsterdam_GE3T_112,Amsterdam,8,0,1,1,,True
full_features,4class,ordinal_logistic,training_Amsterdam_GE3T_113,Amsterdam,8,0,3,3,,True
full_features,4class,ordinal_logistic,training_Singapore_Singapore_54,Singapore,8,0,0,0,,True
full_features,4class,ordinal_logistic,training_Singapore_Singapore_68,Singapore,8,0,3,3,,True
full_features,4class,ordinal_logistic,training_Singapore_Singapore_69,Singapore,8,0,3,2,,True
full_features,4class,ordinal_logistic,training_Utrecht_Utrecht_17,Utrecht,8,0,1,1,,True
full_features,4class,ordinal_logistic,training_Utrecht_Utrecht_23,Utrecht,8,0,0,0,,True
full_features,4class,ordinal_logistic,training_Utrecht_Utrecht_39,Utrecht,8,0,3,3,,True
full_features,4class,ordinal_logistic,training_Utrecht_Utrecht_49,Utrecht,8,0,3,3,,True
full_features,4class,ordinal_logistic,training_Amsterdam_GE3T_103,Amsterdam,8,1,3,3,,True
full_features,4class,ordinal_logistic,training_Amsterdam_GE3T_104,Amsterdam,8,1,3,3,,True
full_features,4class,ordinal_logistic,training_Amsterdam_GE3T_109,Amsterdam,8,1,0,0,,True
full_features,4class,ordinal_logistic,training_Amsterdam_GE3T_137,Amsterdam,8,1,1,2,,True
full_features,4class,ordinal_logistic,training_Singapore_Singapore_50,Singapore,8,1,3,3,,True
full_features,4class,ordinal_logistic,training_Singapore_Singapore_53,Singapore,8,1,0,0,,True
full_features,4class,ordinal_logistic,training_Singapore_Singapore_56,Singapore,8,1,2,3,,True
full_features,4class,ordinal_logistic,training_Singapore_Singapore_60,Singapore,8,1,3,3,,True
full_features,4class,ordinal_logistic,training_Singapore_Singapore_61,Singapore,8,1,2,2,,True
full_features,4class,ordinal_logistic,training_Singapore_Singapore_65,Singapore,8,1,3,3,,True
full_features,4class,ordinal_logistic,training_Utrecht_Utrecht_33,Utrecht,8,1,1,1,,True
full_features,4class,ordinal_logistic,training_Utrecht_Utrecht_8,Utrecht,8,1,0,0,,True
full_features,4class,ordinal_logistic,training_Amsterdam_GE3T_102,Amsterdam,8,2,1,0,,True
full_features,4class,ordinal_logistic,training_Amsterdam_GE3T_107,Amsterdam,8,2,1,1,,True
full_features,4class,ordinal_logistic,training_Amsterdam_GE3T_144,Amsterdam,8,2,0,0,,True
full_features,4class,ordinal_logistic,training_Singapore_Singapore_59,Singapore,8,2,3,2,,True
full_features,4class,ordinal_logistic,training_Singapore_Singapore_63,Singapore,8,2,3,3,,True
full_features,4class,ordinal_logistic,training_Singapore_Singapore_64,Singapore,8,2,2,2,,True
full_features,4class,ordinal_logistic,training_Singapore_Singapore_66,Singapore,8,2,2,2,,True
full_features,4class,ordinal_logistic,training_Singapore_Singapore_67,Singapore,8,2,3,3,,True
full_features,4class,ordinal_logistic,training_Utrecht_Utrecht_11,Utrecht,8,2,0,0,,True
full_features,4class,ordinal_logistic,training_Utrecht_Utrecht_21,Utrecht,8,2,3,3,,True
full_features,4class,ordinal_logistic,training_Utrecht_Utrecht_37,Utrecht,8,2,3,3,,True
full_features,4class,ordinal_logistic,training_Utrecht_Utrecht_6,Utrecht,8,2,0,0,,True
full_features,4class,ordinal_logistic,training_Amsterdam_GE3T_100,Amsterdam,8,3,1,1,,True
full_features,4class,ordinal_logistic,training_Amsterdam_GE3T_116,Amsterdam,8,3,0,1,,True
full_features,4class,ordinal_logistic,training_Singapore_Singapore_51,Singapore,8,3,3,3,,True
full_features,4class,ordinal_logistic,training_Singapore_Singapore_55,Singapore,8,3,0,0,,True
full_features,4class,ordinal_logistic,training_Singapore_Singapore_57,Singapore,8,3,2,2,,True
full_features,4class,ordinal_logistic,training_Singapore_Singapore_58,Singapore,8,3,0,0,,True
full_features,4class,ordinal_logistic,training_Singapore_Singapore_62,Singapore,8,3,3,3,,True
full_features,4class,ordinal_logistic,training_Utrecht_Utrecht_0,Utrecht,8,3,3,3,,True
full_features,4class,ordinal_logistic,training_Utrecht_Utrecht_19,Utrecht,8,3,2,3,,True
full_features,4class,ordinal_logistic,training_Utrecht_Utrecht_29,Utrecht,8,3,3,3,,True
full_features,4class,ordinal_logistic,training_Utrecht_Utrecht_31,Utrecht,8,3,3,3,,True
full_features,4class,ordinal_logistic,training_Utrecht_Utrecht_35,Utrecht,8,3,0,1,,True
full_features,4class,ordinal_logistic,training_Amsterdam_GE3T_101,Amsterdam,8,4,0,0,,True
full_features,4class,ordinal_logistic,training_Amsterdam_GE3T_110,Amsterdam,8,4,0,0,,True
full_features,4class,ordinal_logistic,training_Amsterdam_GE3T_114,Amsterdam,8,4,2,3,,True
full_features,4class,ordinal_logistic,training_Amsterdam_GE3T_115,Amsterdam,8,4,0,0,,True
full_features,4class,ordinal_logistic,training_Amsterdam_GE3T_126,Amsterdam,8,4,2,3,,True
full_features,4class,ordinal_logistic,training_Amsterdam_GE3T_132,Amsterdam,8,4,3,3,,True
full_features,4class,ordinal_logistic,training_Singapore_Singapore_52,Singapore,8,4,1,0,,True
full_features,4class,ordinal_logistic,training_Utrecht_Utrecht_2,Utrecht,8,4,3,3,,True
full_features,4class,ordinal_logistic,training_Utrecht_Utrecht_25,Utrecht,8,4,3,3,,True
full_features,4class,ordinal_logistic,training_Utrecht_Utrecht_27,Utrecht,8,4,0,0,,True
full_features,4class,ordinal_logistic,training_Utrecht_Utrecht_4,Utrecht,8,4,3,3,,True
full_features,4class,ordinal_logistic,training_Utrecht_Utrecht_41,Utrecht,8,4,3,3,,True
full_features,4class,ordinal_logistic,training_Amsterdam_GE3T_109,Amsterdam,9,0,0,0,,True
full_features,4class,ordinal_logistic,training_Amsterdam_GE3T_113,Amsterdam,9,0,3,3,,True
full_features,4class,ordinal_logistic,training_Singapore_Singapore_52,Singapore,9,0,1,0,,True
full_features,4class,ordinal_logistic,training_Singapore_Singapore_57,Singapore,9,0,2,2,,True
full_features,4class,ordinal_logistic,training_Singapore_Singapore_62,Singapore,9,0,3,3,,True
full_features,4class,ordinal_logistic,training_Singapore_Singapore_63,Singapore,9,0,3,3,,True
full_features,4class,ordinal_logistic,training_Utrecht_Utrecht_11,Utrecht,9,0,0,0,,True
full_features,4class,ordinal_logistic,training_Utrecht_Utrecht_17,Utrecht,9,0,1,1,,True
full_features,4class,ordinal_logistic,training_Utrecht_Utrecht_27,Utrecht,9,0,0,1,,True
full_features,4class,ordinal_logistic,training_Utrecht_Utrecht_31,Utrecht,9,0,3,3,,True
full_features,4class,ordinal_logistic,training_Utrecht_Utrecht_35,Utrecht,9,0,0,1,,True
full_features,4class,ordinal_logistic,training_Utrecht_Utrecht_4,Utrecht,9,0,3,3,,True
full_features,4class,ordinal_logistic,training_Amsterdam_GE3T_100,Amsterdam,9,1,1,1,,True
full_features,4class,ordinal_logistic,training_Amsterdam_GE3T_101,Amsterdam,9,1,0,0,,True
full_features,4class,ordinal_logistic,training_Amsterdam_GE3T_104,Amsterdam,9,1,3,3,,True
full_features,4class,ordinal_logistic,training_Amsterdam_GE3T_108,Amsterdam,9,1,0,0,,True
full_features,4class,ordinal_logistic,training_Amsterdam_GE3T_126,Amsterdam,9,1,2,3,,True
full_features,4class,ordinal_logistic,training_Singapore_Singapore_54,Singapore,9,1,0,0,,True
full_features,4class,ordinal_logistic,training_Singapore_Singapore_64,Singapore,9,1,2,2,,True
full_features,4class,ordinal_logistic,training_Singapore_Singapore_65,Singapore,9,1,3,3,,True
full_features,4class,ordinal_logistic,training_Singapore_Singapore_67,Singapore,9,1,3,3,,True
full_features,4class,ordinal_logistic,training_Utrecht_Utrecht_21,Utrecht,9,1,3,3,,True
full_features,4class,ordinal_logistic,training_Utrecht_Utrecht_25,Utrecht,9,1,3,3,,True
full_features,4class,ordinal_logistic,training_Utrecht_Utrecht_33,Utrecht,9,1,1,1,,True
full_features,4class,ordinal_logistic,training_Amsterdam_GE3T_106,Amsterdam,9,2,0,0,,True
full_features,4class,ordinal_logistic,training_Amsterdam_GE3T_110,Amsterdam,9,2,0,0,,True
full_features,4class,ordinal_logistic,training_Amsterdam_GE3T_112,Amsterdam,9,2,1,1,,True
full_features,4class,ordinal_logistic,training_Amsterdam_GE3T_116,Amsterdam,9,2,0,0,,True
full_features,4class,ordinal_logistic,training_Amsterdam_GE3T_137,Amsterdam,9,2,1,2,,True
full_features,4class,ordinal_logistic,training_Singapore_Singapore_50,Singapore,9,2,3,3,,True
full_features,4class,ordinal_logistic,training_Singapore_Singapore_51,Singapore,9,2,3,3,,True
full_features,4class,ordinal_logistic,training_Singapore_Singapore_60,Singapore,9,2,3,3,,True
full_features,4class,ordinal_logistic,training_Singapore_Singapore_61,Singapore,9,2,2,2,,True
full_features,4class,ordinal_logistic,training_Singapore_Singapore_66,Singapore,9,2,2,2,,True
full_features,4class,ordinal_logistic,training_Utrecht_Utrecht_41,Utrecht,9,2,3,3,,True
full_features,4class,ordinal_logistic,training_Utrecht_Utrecht_49,Utrecht,9,2,3,3,,True
full_features,4class,ordinal_logistic,training_Amsterdam_GE3T_102,Amsterdam,9,3,1,0,,True
full_features,4class,ordinal_logistic,training_Amsterdam_GE3T_105,Amsterdam,9,3,2,2,,True
full_features,4class,ordinal_logistic,training_Amsterdam_GE3T_114,Amsterdam,9,3,2,2,,True
full_features,4class,ordinal_logistic,training_Amsterdam_GE3T_132,Amsterdam,9,3,3,3,,True
full_features,4class,ordinal_logistic,training_Amsterdam_GE3T_144,Amsterdam,9,3,0,0,,True
full_features,4class,ordinal_logistic,training_Singapore_Singapore_53,Singapore,9,3,0,0,,True
full_features,4class,ordinal_logistic,training_Singapore_Singapore_58,Singapore,9,3,0,0,,True
full_features,4class,ordinal_logistic,training_Singapore_Singapore_68,Singapore,9,3,3,3,,True
full_features,4class,ordinal_logistic,training_Utrecht_Utrecht_29,Utrecht,9,3,3,3,,True
full_features,4class,ordinal_logistic,training_Utrecht_Utrecht_37,Utrecht,9,3,3,3,,True
full_features,4class,ordinal_logistic,training_Utrecht_Utrecht_39,Utrecht,9,3,3,3,,True
full_features,4class,ordinal_logistic,training_Utrecht_Utrecht_6,Utrecht,9,3,0,0,,True
full_features,4class,ordinal_logistic,training_Amsterdam_GE3T_103,Amsterdam,9,4,3,3,,True
full_features,4class,ordinal_logistic,training_Amsterdam_GE3T_107,Amsterdam,9,4,1,1,,True
full_features,4class,ordinal_logistic,training_Amsterdam_GE3T_115,Amsterdam,9,4,0,0,,True
full_features,4class,ordinal_logistic,training_Singapore_Singapore_55,Singapore,9,4,0,0,,True
full_features,4class,ordinal_logistic,training_Singapore_Singapore_56,Singapore,9,4,2,2,,True
full_features,4class,ordinal_logistic,training_Singapore_Singapore_59,Singapore,9,4,3,2,,True
full_features,4class,ordinal_logistic,training_Singapore_Singapore_69,Singapore,9,4,3,2,,True
full_features,4class,ordinal_logistic,training_Utrecht_Utrecht_0,Utrecht,9,4,3,3,,True
full_features,4class,ordinal_logistic,training_Utrecht_Utrecht_19,Utrecht,9,4,2,3,,True
full_features,4class,ordinal_logistic,training_Utrecht_Utrecht_2,Utrecht,9,4,3,3,,True
full_features,4class,ordinal_logistic,training_Utrecht_Utrecht_23,Utrecht,9,4,0,1,,True
full_features,4class,ordinal_logistic,training_Utrecht_Utrecht_8,Utrecht,9,4,0,0,,True
full_features,4class,multinomial_logistic,training_Amsterdam_GE3T_100,Amsterdam,0,0,1,1,0.01,True
full_features,4class,multinomial_logistic,training_Amsterdam_GE3T_105,Amsterdam,0,0,2,2,0.01,True
full_features,4class,multinomial_logistic,training_Amsterdam_GE3T_107,Amsterdam,0,0,1,2,0.01,True
full_features,4class,multinomial_logistic,training_Amsterdam_GE3T_108,Amsterdam,0,0,0,0,0.01,True
full_features,4class,multinomial_logistic,training_Amsterdam_GE3T_116,Amsterdam,0,0,0,0,0.01,True
full_features,4class,multinomial_logistic,training_Singapore_Singapore_51,Singapore,0,0,3,3,0.01,True
full_features,4class,multinomial_logistic,training_Singapore_Singapore_54,Singapore,0,0,0,0,0.01,True
full_features,4class,multinomial_logistic,training_Singapore_Singapore_60,Singapore,0,0,3,3,0.01,True
full_features,4class,multinomial_logistic,training_Singapore_Singapore_67,Singapore,0,0,3,3,0.01,True
full_features,4class,multinomial_logistic,training_Singapore_Singapore_68,Singapore,0,0,3,2,0.01,True
full_features,4class,multinomial_logistic,training_Utrecht_Utrecht_0,Utrecht,0,0,3,3,0.01,True
full_features,4class,multinomial_logistic,training_Utrecht_Utrecht_11,Utrecht,0,0,0,1,0.01,True
full_features,4class,multinomial_logistic,training_Amsterdam_GE3T_113,Amsterdam,0,1,3,2,100.0,True
full_features,4class,multinomial_logistic,training_Amsterdam_GE3T_126,Amsterdam,0,1,2,2,100.0,True
full_features,4class,multinomial_logistic,training_Amsterdam_GE3T_132,Amsterdam,0,1,3,3,100.0,True
full_features,4class,multinomial_logistic,training_Amsterdam_GE3T_137,Amsterdam,0,1,1,1,100.0,True
full_features,4class,multinomial_logistic,training_Singapore_Singapore_53,Singapore,0,1,0,0,100.0,True
full_features,4class,multinomial_logistic,training_Singapore_Singapore_66,Singapore,0,1,2,1,100.0,True
full_features,4class,multinomial_logistic,training_Singapore_Singapore_69,Singapore,0,1,3,2,100.0,True
full_features,4class,multinomial_logistic,training_Utrecht_Utrecht_17,Utrecht,0,1,1,0,100.0,True
full_features,4class,multinomial_logistic,training_Utrecht_Utrecht_2,Utrecht,0,1,3,3,100.0,True
full_features,4class,multinomial_logistic,training_Utrecht_Utrecht_23,Utrecht,0,1,0,0,100.0,True
full_features,4class,multinomial_logistic,training_Utrecht_Utrecht_37,Utrecht,0,1,3,3,100.0,True
full_features,4class,multinomial_logistic,training_Utrecht_Utrecht_8,Utrecht,0,1,0,0,100.0,True
full_features,4class,multinomial_logistic,training_Amsterdam_GE3T_102,Amsterdam,0,2,1,1,0.01,True
full_features,4class,multinomial_logistic,training_Amsterdam_GE3T_103,Amsterdam,0,2,3,3,0.01,True
full_features,4class,multinomial_logistic,training_Amsterdam_GE3T_104,Amsterdam,0,2,3,3,0.01,True
full_features,4class,multinomial_logistic,training_Amsterdam_GE3T_106,Amsterdam,0,2,0,0,0.01,True
full_features,4class,multinomial_logistic,training_Amsterdam_GE3T_109,Amsterdam,0,2,0,0,0.01,True
full_features,4class,multinomial_logistic,training_Singapore_Singapore_52,Singapore,0,2,1,0,0.01,True
full_features,4class,multinomial_logistic,training_Singapore_Singapore_57,Singapore,0,2,2,2,0.01,True
full_features,4class,multinomial_logistic,training_Singapore_Singapore_64,Singapore,0,2,2,2,0.01,True
full_features,4class,multinomial_logistic,training_Singapore_Singapore_65,Singapore,0,2,3,3,0.01,True
full_features,4class,multinomial_logistic,training_Utrecht_Utrecht_27,Utrecht,0,2,0,0,0.01,True
full_features,4class,multinomial_logistic,training_Utrecht_Utrecht_29,Utrecht,0,2,3,3,0.01,True
full_features,4class,multinomial_logistic,training_Utrecht_Utrecht_49,Utrecht,0,2,3,3,0.01,True
full_features,4class,multinomial_logistic,training_Amsterdam_GE3T_114,Amsterdam,0,3,2,1,0.01,True
full_features,4class,multinomial_logistic,training_Amsterdam_GE3T_115,Amsterdam,0,3,0,0,0.01,True
full_features,4class,multinomial_logistic,training_Amsterdam_GE3T_144,Amsterdam,0,3,0,0,0.01,True
full_features,4class,multinomial_logistic,training_Singapore_Singapore_50,Singapore,0,3,3,3,0.01,True
full_features,4class,multinomial_logistic,training_Singapore_Singapore_55,Singapore,0,3,0,0,0.01,True
full_features,4class,multinomial_logistic,training_Singapore_Singapore_56,Singapore,0,3,2,3,0.01,True
full_features,4class,multinomial_logistic,training_Singapore_Singapore_63,Singapore,0,3,3,3,0.01,True
full_features,4class,multinomial_logistic,training_Utrecht_Utrecht_25,Utrecht,0,3,3,3,0.01,True
full_features,4class,multinomial_logistic,training_Utrecht_Utrecht_31,Utrecht,0,3,3,3,0.01,True
full_features,4class,multinomial_logistic,training_Utrecht_Utrecht_33,Utrecht,0,3,1,0,0.01,True
full_features,4class,multinomial_logistic,training_Utrecht_Utrecht_39,Utrecht,0,3,3,3,0.01,True
full_features,4class,multinomial_logistic,training_Utrecht_Utrecht_6,Utrecht,0,3,0,0,0.01,True
full_features,4class,multinomial_logistic,training_Amsterdam_GE3T_101,Amsterdam,0,4,0,0,100.0,True
full_features,4class,multinomial_logistic,training_Amsterdam_GE3T_110,Amsterdam,0,4,0,0,100.0,True
full_features,4class,multinomial_logistic,training_Amsterdam_GE3T_112,Amsterdam,0,4,1,1,100.0,True
full_features,4class,multinomial_logistic,training_Singapore_Singapore_58,Singapore,0,4,0,0,100.0,True
full_features,4class,multinomial_logistic,training_Singapore_Singapore_59,Singapore,0,4,3,3,100.0,True
full_features,4class,multinomial_logistic,training_Singapore_Singapore_61,Singapore,0,4,2,2,100.0,True
full_features,4class,multinomial_logistic,training_Singapore_Singapore_62,Singapore,0,4,3,3,100.0,True
full_features,4class,multinomial_logistic,training_Utrecht_Utrecht_19,Utrecht,0,4,2,3,100.0,True
full_features,4class,multinomial_logistic,training_Utrecht_Utrecht_21,Utrecht,0,4,3,3,100.0,True
full_features,4class,multinomial_logistic,training_Utrecht_Utrecht_35,Utrecht,0,4,0,2,100.0,True
full_features,4class,multinomial_logistic,training_Utrecht_Utrecht_4,Utrecht,0,4,3,3,100.0,True
full_features,4class,multinomial_logistic,training_Utrecht_Utrecht_41,Utrecht,0,4,3,3,100.0,True
full_features,4class,multinomial_logistic,training_Amsterdam_GE3T_101,Amsterdam,1,0,0,0,0.01,True
full_features,4class,multinomial_logistic,training_Amsterdam_GE3T_106,Amsterdam,1,0,0,0,0.01,True
full_features,4class,multinomial_logistic,training_Amsterdam_GE3T_107,Amsterdam,1,0,1,2,0.01,True
full_features,4class,multinomial_logistic,training_Amsterdam_GE3T_112,Amsterdam,1,0,1,1,0.01,True
full_features,4class,multinomial_logistic,training_Amsterdam_GE3T_113,Amsterdam,1,0,3,3,0.01,True
full_features,4class,multinomial_logistic,training_Singapore_Singapore_62,Singapore,1,0,3,3,0.01,True
full_features,4class,multinomial_logistic,training_Singapore_Singapore_66,Singapore,1,0,2,1,0.01,True
full_features,4class,multinomial_logistic,training_Singapore_Singapore_69,Singapore,1,0,3,3,0.01,True
full_features,4class,multinomial_logistic,training_Utrecht_Utrecht_2,Utrecht,1,0,3,3,0.01,True
full_features,4class,multinomial_logistic,training_Utrecht_Utrecht_27,Utrecht,1,0,0,0,0.01,True
full_features,4class,multinomial_logistic,training_Utrecht_Utrecht_35,Utrecht,1,0,0,1,0.01,True
full_features,4class,multinomial_logistic,training_Utrecht_Utrecht_49,Utrecht,1,0,3,3,0.01,True
full_features,4class,multinomial_logistic,training_Amsterdam_GE3T_114,Amsterdam,1,1,2,1,0.01,True
full_features,4class,multinomial_logistic,training_Amsterdam_GE3T_116,Amsterdam,1,1,0,0,0.01,True
full_features,4class,multinomial_logistic,training_Amsterdam_GE3T_137,Amsterdam,1,1,1,1,0.01,True
full_features,4class,multinomial_logistic,training_Amsterdam_GE3T_144,Amsterdam,1,1,0,0,0.01,True
full_features,4class,multinomial_logistic,training_Singapore_Singapore_50,Singapore,1,1,3,3,0.01,True
full_features,4class,multinomial_logistic,training_Singapore_Singapore_59,Singapore,1,1,3,3,0.01,True
full_features,4class,multinomial_logistic,training_Singapore_Singapore_65,Singapore,1,1,3,3,0.01,True
full_features,4class,multinomial_logistic,training_Singapore_Singapore_67,Singapore,1,1,3,3,0.01,True
full_features,4class,multinomial_logistic,training_Utrecht_Utrecht_11,Utrecht,1,1,0,1,0.01,True
full_features,4class,multinomial_logistic,training_Utrecht_Utrecht_17,Utrecht,1,1,1,0,0.01,True
full_features,4class,multinomial_logistic,training_Utrecht_Utrecht_19,Utrecht,1,1,2,2,0.01,True
full_features,4class,multinomial_logistic,training_Utrecht_Utrecht_37,Utrecht,1,1,3,3,0.01,True
full_features,4class,multinomial_logistic,training_Amsterdam_GE3T_100,Amsterdam,1,2,1,1,0.01,True
full_features,4class,multinomial_logistic,training_Amsterdam_GE3T_105,Amsterdam,1,2,2,2,0.01,True
full_features,4class,multinomial_logistic,training_Amsterdam_GE3T_110,Amsterdam,1,2,0,0,0.01,True
full_features,4class,multinomial_logistic,training_Amsterdam_GE3T_126,Amsterdam,1,2,2,2,0.01,True
full_features,4class,multinomial_logistic,training_Singapore_Singapore_52,Singapore,1,2,1,0,0.01,True
full_features,4class,multinomial_logistic,training_Singapore_Singapore_55,Singapore,1,2,0,0,0.01,True
full_features,4class,multinomial_logistic,training_Singapore_Singapore_60,Singapore,1,2,3,3,0.01,True
full_features,4class,multinomial_logistic,training_Singapore_Singapore_63,Singapore,1,2,3,3,0.01,True
full_features,4class,multinomial_logistic,training_Utrecht_Utrecht_21,Utrecht,1,2,3,3,0.01,True
full_features,4class,multinomial_logistic,training_Utrecht_Utrecht_39,Utrecht,1,2,3,3,0.01,True
full_features,4class,multinomial_logistic,training_Utrecht_Utrecht_41,Utrecht,1,2,3,3,0.01,True
full_features,4class,multinomial_logistic,training_Utrecht_Utrecht_6,Utrecht,1,2,0,0,0.01,True
full_features,4class,multinomial_logistic,training_Amsterdam_GE3T_103,Amsterdam,1,3,3,3,1.0,True
full_features,4class,multinomial_logistic,training_Amsterdam_GE3T_104,Amsterdam,1,3,3,2,1.0,True
full_features,4class,multinomial_logistic,training_Amsterdam_GE3T_109,Amsterdam,1,3,0,0,1.0,True
full_features,4class,multinomial_logistic,training_Singapore_Singapore_51,Singapore,1,3,3,3,1.0,True
full_features,4class,multinomial_logistic,training_Singapore_Singapore_53,Singapore,1,3,0,0,1.0,True
full_features,4class,multinomial_logistic,training_Singapore_Singapore_56,Singapore,1,3,2,3,1.0,True
full_features,4class,multinomial_logistic,training_Singapore_Singapore_58,Singapore,1,3,0,0,1.0,True
full_features,4class,multinomial_logistic,training_Singapore_Singapore_61,Singapore,1,3,2,2,1.0,True
full_features,4class,multinomial_logistic,training_Singapore_Singapore_68,Singapore,1,3,3,2,1.0,True
full_features,4class,multinomial_logistic,training_Utrecht_Utrecht_23,Utrecht,1,3,0,0,1.0,True
full_features,4class,multinomial_logistic,training_Utrecht_Utrecht_33,Utrecht,1,3,1,1,1.0,True
full_features,4class,multinomial_logistic,training_Utrecht_Utrecht_4,Utrecht,1,3,3,3,1.0,True
full_features,4class,multinomial_logistic,training_Amsterdam_GE3T_102,Amsterdam,1,4,1,1,0.01,True
full_features,4class,multinomial_logistic,training_Amsterdam_GE3T_108,Amsterdam,1,4,0,0,0.01,True
full_features,4class,multinomial_logistic,training_Amsterdam_GE3T_115,Amsterdam,1,4,0,0,0.01,True
full_features,4class,multinomial_logistic,training_Amsterdam_GE3T_132,Amsterdam,1,4,3,3,0.01,True
full_features,4class,multinomial_logistic,training_Singapore_Singapore_54,Singapore,1,4,0,0,0.01,True
full_features,4class,multinomial_logistic,training_Singapore_Singapore_57,Singapore,1,4,2,2,0.01,True
full_features,4class,multinomial_logistic,training_Singapore_Singapore_64,Singapore,1,4,2,2,0.01,True
full_features,4class,multinomial_logistic,training_Utrecht_Utrecht_0,Utrecht,1,4,3,3,0.01,True
full_features,4class,multinomial_logistic,training_Utrecht_Utrecht_25,Utrecht,1,4,3,3,0.01,True
full_features,4class,multinomial_logistic,training_Utrecht_Utrecht_29,Utrecht,1,4,3,3,0.01,True
full_features,4class,multinomial_logistic,training_Utrecht_Utrecht_31,Utrecht,1,4,3,3,0.01,True
full_features,4class,multinomial_logistic,training_Utrecht_Utrecht_8,Utrecht,1,4,0,0,0.01,True
full_features,4class,multinomial_logistic,training_Amsterdam_GE3T_101,Amsterdam,2,0,0,0,0.1,True
full_features,4class,multinomial_logistic,training_Amsterdam_GE3T_104,Amsterdam,2,0,3,1,0.1,True
full_features,4class,multinomial_logistic,training_Amsterdam_GE3T_114,Amsterdam,2,0,2,1,0.1,True
full_features,4class,multinomial_logistic,training_Singapore_Singapore_52,Singapore,2,0,1,0,0.1,True
full_features,4class,multinomial_logistic,training_Singapore_Singapore_55,Singapore,2,0,0,0,0.1,True
full_features,4class,multinomial_logistic,training_Singapore_Singapore_65,Singapore,2,0,3,3,0.1,True
full_features,4class,multinomial_logistic,training_Utrecht_Utrecht_17,Utrecht,2,0,1,0,0.1,True
full_features,4class,multinomial_logistic,training_Utrecht_Utrecht_35,Utrecht,2,0,0,0,0.1,True
full_features,4class,multinomial_logistic,training_Utrecht_Utrecht_4,Utrecht,2,0,3,3,0.1,True
full_features,4class,multinomial_logistic,training_Utrecht_Utrecht_41,Utrecht,2,0,3,3,0.1,True
full_features,4class,multinomial_logistic,training_Utrecht_Utrecht_49,Utrecht,2,0,3,3,0.1,True
full_features,4class,multinomial_logistic,training_Utrecht_Utrecht_6,Utrecht,2,0,0,0,0.1,True
full_features,4class,multinomial_logistic,training_Amsterdam_GE3T_103,Amsterdam,2,1,3,3,100.0,True
full_features,4class,multinomial_logistic,training_Amsterdam_GE3T_112,Amsterdam,2,1,1,1,100.0,True
full_features,4class,multinomial_logistic,training_Amsterdam_GE3T_137,Amsterdam,2,1,1,1,100.0,True
full_features,4class,multinomial_logistic,training_Singapore_Singapore_53,Singapore,2,1,0,0,100.0,True
full_features,4class,multinomial_logistic,training_Singapore_Singapore_56,Singapore,2,1,2,3,100.0,True
full_features,4class,multinomial_logistic,training_Singapore_Singapore_58,Singapore,2,1,0,0,100.0,True
full_features,4class,multinomial_logistic,training_Singapore_Singapore_59,Singapore,2,1,3,3,100.0,True
full_features,4class,multinomial_logistic,training_Singapore_Singapore_66,Singapore,2,1,2,1,100.0,True
full_features,4class,multinomial_logistic,training_Utrecht_Utrecht_21,Utrecht,2,1,3,3,100.0,True
full_features,4class,multinomial_logistic,training_Utrecht_Utrecht_27,Utrecht,2,1,0,0,100.0,True
full_features,4class,multinomial_logistic,training_Utrecht_Utrecht_31,Utrecht,2,1,3,3,100.0,True
full_features,4class,multinomial_logistic,training_Utrecht_Utrecht_37,Utrecht,2,1,3,3,100.0,True
full_features,4class,multinomial_logistic,training_Amsterdam_GE3T_100,Amsterdam,2,2,1,1,100.0,True
full_features,4class,multinomial_logistic,training_Amsterdam_GE3T_107,Amsterdam,2,2,1,2,100.0,True
full_features,4class,multinomial_logistic,training_Amsterdam_GE3T_109,Amsterdam,2,2,0,0,100.0,True
full_features,4class,multinomial_logistic,training_Amsterdam_GE3T_116,Amsterdam,2,2,0,0,100.0,True
full_features,4class,multinomial_logistic,training_Amsterdam_GE3T_126,Amsterdam,2,2,2,2,100.0,True
full_features,4class,multinomial_logistic,training_Singapore_Singapore_57,Singapore,2,2,2,2,100.0,True
full_features,4class,multinomial_logistic,training_Singapore_Singapore_63,Singapore,2,2,3,3,100.0,True
full_features,4class,multinomial_logistic,training_Utrecht_Utrecht_0,Utrecht,2,2,3,3,100.0,True
full_features,4class,multinomial_logistic,training_Utrecht_Utrecht_11,Utrecht,2,2,0,1,100.0,True
full_features,4class,multinomial_logistic,training_Utrecht_Utrecht_2,Utrecht,2,2,3,3,100.0,True
full_features,4class,multinomial_logistic,training_Utrecht_Utrecht_29,Utrecht,2,2,3,3,100.0,True
full_features,4class,multinomial_logistic,training_Utrecht_Utrecht_39,Utrecht,2,2,3,3,100.0,True
full_features,4class,multinomial_logistic,training_Amsterdam_GE3T_110,Amsterdam,2,3,0,0,0.01,True
full_features,4class,multinomial_logistic,training_Amsterdam_GE3T_113,Amsterdam,2,3,3,3,0.01,True
full_features,4class,multinomial_logistic,training_Amsterdam_GE3T_132,Amsterdam,2,3,3,2,0.01,True
full_features,4class,multinomial_logistic,training_Amsterdam_GE3T_144,Amsterdam,2,3,0,0,0.01,True
full_features,4class,multinomial_logistic,training_Singapore_Singapore_51,Singapore,2,3,3,3,0.01,True
full_features,4class,multinomial_logistic,training_Singapore_Singapore_54,Singapore,2,3,0,0,0.01,True
full_features,4class,multinomial_logistic,training_Singapore_Singapore_60,Singapore,2,3,3,3,0.01,True
full_features,4class,multinomial_logistic,training_Singapore_Singapore_61,Singapore,2,3,2,2,0.01,True
full_features,4class,multinomial_logistic,training_Utrecht_Utrecht_19,Utrecht,2,3,2,3,0.01,True
full_features,4class,multinomial_logistic,training_Utrecht_Utrecht_25,Utrecht,2,3,3,3,0.01,True
full_features,4class,multinomial_logistic,training_Utrecht_Utrecht_33,Utrecht,2,3,1,0,0.01,True
full_features,4class,multinomial_logistic,training_Utrecht_Utrecht_8,Utrecht,2,3,0,0,0.01,True
full_features,4class,multinomial_logistic,training_Amsterdam_GE3T_102,Amsterdam,2,4,1,0,0.01,True
full_features,4class,multinomial_logistic,training_Amsterdam_GE3T_105,Amsterdam,2,4,2,2,0.01,True
full_features,4class,multinomial_logistic,training_Amsterdam_GE3T_106,Amsterdam,2,4,0,0,0.01,True
full_features,4class,multinomial_logistic,training_Amsterdam_GE3T_108,Amsterdam,2,4,0,0,0.01,True
full_features,4class,multinomial_logistic,training_Amsterdam_GE3T_115,Amsterdam,2,4,0,0,0.01,True
full_features,4class,multinomial_logistic,training_Singapore_Singapore_50,Singapore,2,4,3,3,0.01,True
full_features,4class,multinomial_logistic,training_Singapore_Singapore_62,Singapore,2,4,3,3,0.01,True
full_features,4class,multinomial_logistic,training_Singapore_Singapore_64,Singapore,2,4,2,2,0.01,True
full_features,4class,multinomial_logistic,training_Singapore_Singapore_67,Singapore,2,4,3,3,0.01,True
full_features,4class,multinomial_logistic,training_Singapore_Singapore_68,Singapore,2,4,3,2,0.01,True
full_features,4class,multinomial_logistic,training_Singapore_Singapore_69,Singapore,2,4,3,3,0.01,True
full_features,4class,multinomial_logistic,training_Utrecht_Utrecht_23,Utrecht,2,4,0,0,0.01,True
full_features,4class,multinomial_logistic,training_Amsterdam_GE3T_107,Amsterdam,3,0,1,2,0.1,True
full_features,4class,multinomial_logistic,training_Amsterdam_GE3T_108,Amsterdam,3,0,0,0,0.1,True
full_features,4class,multinomial_logistic,training_Amsterdam_GE3T_113,Amsterdam,3,0,3,3,0.1,True
full_features,4class,multinomial_logistic,training_Amsterdam_GE3T_144,Amsterdam,3,0,0,0,0.1,True
full_features,4class,multinomial_logistic,training_Singapore_Singapore_54,Singapore,3,0,0,0,0.1,True
full_features,4class,multinomial_logistic,training_Singapore_Singapore_64,Singapore,3,0,2,2,0.1,True
full_features,4class,multinomial_logistic,training_Singapore_Singapore_65,Singapore,3,0,3,3,0.1,True
full_features,4class,multinomial_logistic,training_Singapore_Singapore_68,Singapore,3,0,3,2,0.1,True
full_features,4class,multinomial_logistic,training_Singapore_Singapore_69,Singapore,3,0,3,3,0.1,True
full_features,4class,multinomial_logistic,training_Utrecht_Utrecht_17,Utrecht,3,0,1,0,0.1,True
full_features,4class,multinomial_logistic,training_Utrecht_Utrecht_27,Utrecht,3,0,0,0,0.1,True
full_features,4class,multinomial_logistic,training_Utrecht_Utrecht_49,Utrecht,3,0,3,3,0.1,True
full_features,4class,multinomial_logistic,training_Amsterdam_GE3T_101,Amsterdam,3,1,0,0,0.01,True
full_features,4class,multinomial_logistic,training_Amsterdam_GE3T_102,Amsterdam,3,1,1,0,0.01,True
full_features,4class,multinomial_logistic,training_Amsterdam_GE3T_104,Amsterdam,3,1,3,3,0.01,True
full_features,4class,multinomial_logistic,training_Amsterdam_GE3T_115,Amsterdam,3,1,0,0,0.01,True
full_features,4class,multinomial_logistic,training_Amsterdam_GE3T_137,Amsterdam,3,1,1,1,0.01,True
full_features,4class,multinomial_logistic,training_Singapore_Singapore_56,Singapore,3,1,2,3,0.01,True
full_features,4class,multinomial_logistic,training_Singapore_Singapore_57,Singapore,3,1,2,2,0.01,True
full_features,4class,multinomial_logistic,training_Singapore_Singapore_62,Singapore,3,1,3,3,0.01,True
full_features,4class,multinomial_logistic,training_Utrecht_Utrecht_0,Utrecht,3,1,3,3,0.01,True
full_features,4class,multinomial_logistic,training_Utrecht_Utrecht_31,Utrecht,3,1,3,3,0.01,True
full_features,4class,multinomial_logistic,training_Utrecht_Utrecht_4,Utrecht,3,1,3,3,0.01,True
full_features,4class,multinomial_logistic,training_Utrecht_Utrecht_6,Utrecht,3,1,0,0,0.01,True
full_features,4class,multinomial_logistic,training_Amsterdam_GE3T_106,Amsterdam,3,2,0,0,0.01,True
full_features,4class,multinomial_logistic,training_Amsterdam_GE3T_110,Amsterdam,3,2,0,0,0.01,True
full_features,4class,multinomial_logistic,training_Amsterdam_GE3T_126,Amsterdam,3,2,2,2,0.01,True
full_features,4class,multinomial_logistic,training_Amsterdam_GE3T_132,Amsterdam,3,2,3,3,0.01,True
full_features,4class,multinomial_logistic,training_Singapore_Singapore_52,Singapore,3,2,1,0,0.01,True
full_features,4class,multinomial_logistic,training_Singapore_Singapore_59,Singapore,3,2,3,3,0.01,True
full_features,4class,multinomial_logistic,training_Utrecht_Utrecht_11,Utrecht,3,2,0,0,0.01,True
full_features,4class,multinomial_logistic,training_Utrecht_Utrecht_19,Utrecht,3,2,2,3,0.01,True
full_features,4class,multinomial_logistic,training_Utrecht_Utrecht_2,Utrecht,3,2,3,3,0.01,True
full_features,4class,multinomial_logistic,training_Utrecht_Utrecht_33,Utrecht,3,2,1,0,0.01,True
full_features,4class,multinomial_logistic,training_Utrecht_Utrecht_37,Utrecht,3,2,3,3,0.01,True
full_features,4class,multinomial_logistic,training_Utrecht_Utrecht_39,Utrecht,3,2,3,3,0.01,True
full_features,4class,multinomial_logistic,training_Amsterdam_GE3T_100,Amsterdam,3,3,1,1,0.1,True
full_features,4class,multinomial_logistic,training_Amsterdam_GE3T_114,Amsterdam,3,3,2,1,0.1,True
full_features,4class,multinomial_logistic,training_Singapore_Singapore_50,Singapore,3,3,3,3,0.1,True
full_features,4class,multinomial_logistic,training_Singapore_Singapore_51,Singapore,3,3,3,3,0.1,True
full_features,4class,multinomial_logistic,training_Singapore_Singapore_53,Singapore,3,3,0,0,0.1,True
full_features,4class,multinomial_logistic,training_Singapore_Singapore_55,Singapore,3,3,0,0,0.1,True
full_features,4class,multinomial_logistic,training_Singapore_Singapore_61,Singapore,3,3,2,2,0.1,True
full_features,4class,multinomial_logistic,training_Singapore_Singapore_63,Singapore,3,3,3,3,0.1,True
full_features,4class,multinomial_logistic,training_Utrecht_Utrecht_29,Utrecht,3,3,3,3,0.1,True
full_features,4class,multinomial_logistic,training_Utrecht_Utrecht_35,Utrecht,3,3,0,1,0.1,True
full_features,4class,multinomial_logistic,training_Utrecht_Utrecht_41,Utrecht,3,3,3,3,0.1,True
full_features,4class,multinomial_logistic,training_Utrecht_Utrecht_8,Utrecht,3,3,0,1,0.1,True
full_features,4class,multinomial_logistic,training_Amsterdam_GE3T_103,Amsterdam,3,4,3,3,100.0,True
full_features,4class,multinomial_logistic,training_Amsterdam_GE3T_105,Amsterdam,3,4,2,1,100.0,True
full_features,4class,multinomial_logistic,training_Amsterdam_GE3T_109,Amsterdam,3,4,0,0,100.0,True
full_features,4class,multinomial_logistic,training_Amsterdam_GE3T_112,Amsterdam,3,4,1,1,100.0,True
full_features,4class,multinomial_logistic,training_Amsterdam_GE3T_116,Amsterdam,3,4,0,0,100.0,True
full_features,4class,multinomial_logistic,training_Singapore_Singapore_58,Singapore,3,4,0,0,100.0,True
full_features,4class,multinomial_logistic,training_Singapore_Singapore_60,Singapore,3,4,3,3,100.0,True
full_features,4class,multinomial_logistic,training_Singapore_Singapore_66,Singapore,3,4,2,1,100.0,True
full_features,4class,multinomial_logistic,training_Singapore_Singapore_67,Singapore,3,4,3,3,100.0,True
full_features,4class,multinomial_logistic,training_Utrecht_Utrecht_21,Utrecht,3,4,3,3,100.0,True
full_features,4class,multinomial_logistic,training_Utrecht_Utrecht_23,Utrecht,3,4,0,0,100.0,True
full_features,4class,multinomial_logistic,training_Utrecht_Utrecht_25,Utrecht,3,4,3,3,100.0,True
full_features,4class,multinomial_logistic,training_Amsterdam_GE3T_100,Amsterdam,4,0,1,1,0.1,True
full_features,4class,multinomial_logistic,training_Amsterdam_GE3T_104,Amsterdam,4,0,3,3,0.1,True
full_features,4class,multinomial_logistic,training_Amsterdam_GE3T_113,Amsterdam,4,0,3,3,0.1,True
full_features,4class,multinomial_logistic,training_Amsterdam_GE3T_116,Amsterdam,4,0,0,0,0.1,True
full_features,4class,multinomial_logistic,training_Singapore_Singapore_54,Singapore,4,0,0,0,0.1,True
full_features,4class,multinomial_logistic,training_Singapore_Singapore_61,Singapore,4,0,2,2,0.1,True
full_features,4class,multinomial_logistic,training_Singapore_Singapore_69,Singapore,4,0,3,3,0.1,True
full_features,4class,multinomial_logistic,training_Utrecht_Utrecht_11,Utrecht,4,0,0,1,0.1,True
full_features,4class,multinomial_logistic,training_Utrecht_Utrecht_17,Utrecht,4,0,1,0,0.1,True
full_features,4class,multinomial_logistic,training_Utrecht_Utrecht_23,Utrecht,4,0,0,0,0.1,True
full_features,4class,multinomial_logistic,training_Utrecht_Utrecht_25,Utrecht,4,0,3,3,0.1,True
full_features,4class,multinomial_logistic,training_Utrecht_Utrecht_41,Utrecht,4,0,3,3,0.1,True
full_features,4class,multinomial_logistic,training_Amsterdam_GE3T_109,Amsterdam,4,1,0,0,1.0,True
full_features,4class,multinomial_logistic,training_Amsterdam_GE3T_112,Amsterdam,4,1,1,1,1.0,True
full_features,4class,multinomial_logistic,training_Amsterdam_GE3T_114,Amsterdam,4,1,2,1,1.0,True
full_features,4class,multinomial_logistic,training_Singapore_Singapore_51,Singapore,4,1,3,3,1.0,True
full_features,4class,multinomial_logistic,training_Singapore_Singapore_57,Singapore,4,1,2,2,1.0,True
full_features,4class,multinomial_logistic,training_Singapore_Singapore_62,Singapore,4,1,3,3,1.0,True
full_features,4class,multinomial_logistic,training_Utrecht_Utrecht_21,Utrecht,4,1,3,3,1.0,True
full_features,4class,multinomial_logistic,training_Utrecht_Utrecht_27,Utrecht,4,1,0,0,1.0,True
full_features,4class,multinomial_logistic,training_Utrecht_Utrecht_29,Utrecht,4,1,3,3,1.0,True
full_features,4class,multinomial_logistic,training_Utrecht_Utrecht_33,Utrecht,4,1,1,1,1.0,True
full_features,4class,multinomial_logistic,training_Utrecht_Utrecht_37,Utrecht,4,1,3,3,1.0,True
full_features,4class,multinomial_logistic,training_Utrecht_Utrecht_6,Utrecht,4,1,0,0,1.0,True
full_features,4class,multinomial_logistic,training_Amsterdam_GE3T_101,Amsterdam,4,2,0,0,0.01,True
full_features,4class,multinomial_logistic,training_Amsterdam_GE3T_103,Amsterdam,4,2,3,3,0.01,True
full_features,4class,multinomial_logistic,training_Amsterdam_GE3T_107,Amsterdam,4,2,1,2,0.01,True
full_features,4class,multinomial_logistic,training_Amsterdam_GE3T_126,Amsterdam,4,2,2,2,0.01,True
full_features,4class,multinomial_logistic,training_Singapore_Singapore_50,Singapore,4,2,3,3,0.01,True
full_features,4class,multinomial_logistic,training_Singapore_Singapore_52,Singapore,4,2,1,0,0.01,True
full_features,4class,multinomial_logistic,training_Singapore_Singapore_53,Singapore,4,2,0,0,0.01,True
full_features,4class,multinomial_logistic,training_Singapore_Singapore_59,Singapore,4,2,3,3,0.01,True
full_features,4class,multinomial_logistic,training_Singapore_Singapore_60,Singapore,4,2,3,3,0.01,True
full_features,4class,multinomial_logistic,training_Singapore_Singapore_65,Singapore,4,2,3,3,0.01,True
full_features,4class,multinomial_logistic,training_Singapore_Singapore_66,Singapore,4,2,2,1,0.01,True
full_features,4class,multinomial_logistic,training_Utrecht_Utrecht_35,Utrecht,4,2,0,0,0.01,True
full_features,4class,multinomial_logistic,training_Amsterdam_GE3T_102,Amsterdam,4,3,1,0,1.0,True
full_features,4class,multinomial_logistic,training_Amsterdam_GE3T_105,Amsterdam,4,3,2,2,1.0,True
full_features,4class,multinomial_logistic,training_Amsterdam_GE3T_106,Amsterdam,4,3,0,0,1.0,True
full_features,4class,multinomial_logistic,training_Amsterdam_GE3T_115,Amsterdam,4,3,0,1,1.0,True
full_features,4class,multinomial_logistic,training_Amsterdam_GE3T_144,Amsterdam,4,3,0,0,1.0,True
full_features,4class,multinomial_logistic,training_Singapore_Singapore_55,Singapore,4,3,0,0,1.0,True
full_features,4class,multinomial_logistic,training_Singapore_Singapore_56,Singapore,4,3,2,3,1.0,True
full_features,4class,multinomial_logistic,training_Singapore_Singapore_67,Singapore,4,3,3,3,1.0,True
full_features,4class,multinomial_logistic,training_Singapore_Singapore_68,Singapore,4,3,3,2,1.0,True
full_features,4class,multinomial_logistic,training_Utrecht_Utrecht_2,Utrecht,4,3,3,3,1.0,True
full_features,4class,multinomial_logistic,training_Utrecht_Utrecht_39,Utrecht,4,3,3,3,1.0,True
full_features,4class,multinomial_logistic,training_Utrecht_Utrecht_49,Utrecht,4,3,3,3,1.0,True
full_features,4class,multinomial_logistic,training_Amsterdam_GE3T_108,Amsterdam,4,4,0,0,0.01,True
full_features,4class,multinomial_logistic,training_Amsterdam_GE3T_110,Amsterdam,4,4,0,0,0.01,True
full_features,4class,multinomial_logistic,training_Amsterdam_GE3T_132,Amsterdam,4,4,3,2,0.01,True
full_features,4class,multinomial_logistic,training_Amsterdam_GE3T_137,Amsterdam,4,4,1,1,0.01,True
full_features,4class,multinomial_logistic,training_Singapore_Singapore_58,Singapore,4,4,0,0,0.01,True
full_features,4class,multinomial_logistic,training_Singapore_Singapore_63,Singapore,4,4,3,3,0.01,True
full_features,4class,multinomial_logistic,training_Singapore_Singapore_64,Singapore,4,4,2,2,0.01,True
full_features,4class,multinomial_logistic,training_Utrecht_Utrecht_0,Utrecht,4,4,3,3,0.01,True
full_features,4class,multinomial_logistic,training_Utrecht_Utrecht_19,Utrecht,4,4,2,3,0.01,True
full_features,4class,multinomial_logistic,training_Utrecht_Utrecht_31,Utrecht,4,4,3,3,0.01,True
full_features,4class,multinomial_logistic,training_Utrecht_Utrecht_4,Utrecht,4,4,3,3,0.01,True
full_features,4class,multinomial_logistic,training_Utrecht_Utrecht_8,Utrecht,4,4,0,0,0.01,True
full_features,4class,multinomial_logistic,training_Amsterdam_GE3T_100,Amsterdam,5,0,1,1,0.01,True
full_features,4class,multinomial_logistic,training_Amsterdam_GE3T_105,Amsterdam,5,0,2,2,0.01,True
full_features,4class,multinomial_logistic,training_Amsterdam_GE3T_109,Amsterdam,5,0,0,0,0.01,True
full_features,4class,multinomial_logistic,training_Amsterdam_GE3T_137,Amsterdam,5,0,1,1,0.01,True
full_features,4class,multinomial_logistic,training_Singapore_Singapore_55,Singapore,5,0,0,0,0.01,True
full_features,4class,multinomial_logistic,training_Singapore_Singapore_67,Singapore,5,0,3,3,0.01,True
full_features,4class,multinomial_logistic,training_Utrecht_Utrecht_0,Utrecht,5,0,3,3,0.01,True
full_features,4class,multinomial_logistic,training_Utrecht_Utrecht_2,Utrecht,5,0,3,3,0.01,True
full_features,4class,multinomial_logistic,training_Utrecht_Utrecht_27,Utrecht,5,0,0,0,0.01,True
full_features,4class,multinomial_logistic,training_Utrecht_Utrecht_31,Utrecht,5,0,3,3,0.01,True
full_features,4class,multinomial_logistic,training_Utrecht_Utrecht_35,Utrecht,5,0,0,1,0.01,True
full_features,4class,multinomial_logistic,training_Utrecht_Utrecht_41,Utrecht,5,0,3,3,0.01,True
full_features,4class,multinomial_logistic,training_Amsterdam_GE3T_101,Amsterdam,5,1,0,0,0.01,True
full_features,4class,multinomial_logistic,training_Amsterdam_GE3T_102,Amsterdam,5,1,1,1,0.01,True
full_features,4class,multinomial_logistic,training_Amsterdam_GE3T_106,Amsterdam,5,1,0,0,0.01,True
full_features,4class,multinomial_logistic,training_Amsterdam_GE3T_126,Amsterdam,5,1,2,2,0.01,True
full_features,4class,multinomial_logistic,training_Singapore_Singapore_50,Singapore,5,1,3,3,0.01,True
full_features,4class,multinomial_logistic,training_Singapore_Singapore_52,Singapore,5,1,1,0,0.01,True
full_features,4class,multinomial_logistic,training_Singapore_Singapore_56,Singapore,5,1,2,3,0.01,True
full_features,4class,multinomial_logistic,training_Singapore_Singapore_60,Singapore,5,1,3,3,0.01,True
full_features,4class,multinomial_logistic,training_Singapore_Singapore_62,Singapore,5,1,3,3,0.01,True
full_features,4class,multinomial_logistic,training_Singapore_Singapore_63,Singapore,5,1,3,3,0.01,True
full_features,4class,multinomial_logistic,training_Utrecht_Utrecht_11,Utrecht,5,1,0,0,0.01,True
full_features,4class,multinomial_logistic,training_Utrecht_Utrecht_21,Utrecht,5,1,3,3,0.01,True
full_features,4class,multinomial_logistic,training_Amsterdam_GE3T_104,Amsterdam,5,2,3,3,100.0,True
full_features,4class,multinomial_logistic,training_Amsterdam_GE3T_107,Amsterdam,5,2,1,2,100.0,True
full_features,4class,multinomial_logistic,training_Amsterdam_GE3T_108,Amsterdam,5,2,0,0,100.0,True
full_features,4class,multinomial_logistic,training_Amsterdam_GE3T_114,Amsterdam,5,2,2,3,100.0,True
full_features,4class,multinomial_logistic,training_Amsterdam_GE3T_115,Amsterdam,5,2,0,1,100.0,True
full_features,4class,multinomial_logistic,training_Amsterdam_GE3T_132,Amsterdam,5,2,3,3,100.0,True
full_features,4class,multinomial_logistic,training_Singapore_Singapore_51,Singapore,5,2,3,3,100.0,True
full_features,4class,multinomial_logistic,training_Singapore_Singapore_57,Singapore,5,2,2,2,100.0,True
full_features,4class,multinomial_logistic,training_Singapore_Singapore_68,Singapore,5,2,3,2,100.0,True
full_features,4class,multinomial_logistic,training_Utrecht_Utrecht_23,Utrecht,5,2,0,0,100.0,True
full_features,4class,multinomial_logistic,training_Utrecht_Utrecht_33,Utrecht,5,2,1,2,100.0,True
full_features,4class,multinomial_logistic,training_Utrecht_Utrecht_39,Utrecht,5,2,3,3,100.0,True
full_features,4class,multinomial_logistic,training_Amsterdam_GE3T_103,Amsterdam,5,3,3,3,0.1,True
full_features,4class,multinomial_logistic,training_Amsterdam_GE3T_110,Amsterdam,5,3,0,0,0.1,True
full_features,4class,multinomial_logistic,training_Amsterdam_GE3T_112,Amsterdam,5,3,1,1,0.1,True
full_features,4class,multinomial_logistic,training_Amsterdam_GE3T_113,Amsterdam,5,3,3,2,0.1,True
full_features,4class,multinomial_logistic,training_Amsterdam_GE3T_116,Amsterdam,5,3,0,0,0.1,True
full_features,4class,multinomial_logistic,training_Singapore_Singapore_54,Singapore,5,3,0,0,0.1,True
full_features,4class,multinomial_logistic,training_Singapore_Singapore_58,Singapore,5,3,0,0,0.1,True
full_features,4class,multinomial_logistic,training_Singapore_Singapore_59,Singapore,5,3,3,3,0.1,True
full_features,4class,multinomial_logistic,training_Singapore_Singapore_66,Singapore,5,3,2,1,0.1,True
full_features,4class,multinomial_logistic,training_Utrecht_Utrecht_19,Utrecht,5,3,2,2,0.1,True
full_features,4class,multinomial_logistic,training_Utrecht_Utrecht_25,Utrecht,5,3,3,3,0.1,True
full_features,4class,multinomial_logistic,training_Utrecht_Utrecht_4,Utrecht,5,3,3,3,0.1,True
full_features,4class,multinomial_logistic,training_Amsterdam_GE3T_144,Amsterdam,5,4,0,1,0.01,True
full_features,4class,multinomial_logistic,training_Singapore_Singapore_53,Singapore,5,4,0,0,0.01,True
full_features,4class,multinomial_logistic,training_Singapore_Singapore_61,Singapore,5,4,2,2,0.01,True
full_features,4class,multinomial_logistic,training_Singapore_Singapore_64,Singapore,5,4,2,2,0.01,True
full_features,4class,multinomial_logistic,training_Singapore_Singapore_65,Singapore,5,4,3,3,0.01,True
full_features,4class,multinomial_logistic,training_Singapore_Singapore_69,Singapore,5,4,3,3,0.01,True
full_features,4class,multinomial_logistic,training_Utrecht_Utrecht_17,Utrecht,5,4,1,0,0.01,True
full_features,4class,multinomial_logistic,training_Utrecht_Utrecht_29,Utrecht,5,4,3,3,0.01,True
full_features,4class,multinomial_logistic,training_Utrecht_Utrecht_37,Utrecht,5,4,3,3,0.01,True
full_features,4class,multinomial_logistic,training_Utrecht_Utrecht_49,Utrecht,5,4,3,3,0.01,True
full_features,4class,multinomial_logistic,training_Utrecht_Utrecht_6,Utrecht,5,4,0,0,0.01,True
full_features,4class,multinomial_logistic,training_Utrecht_Utrecht_8,Utrecht,5,4,0,1,0.01,True
full_features,4class,multinomial_logistic,training_Amsterdam_GE3T_107,Amsterdam,6,0,1,2,100.0,True
full_features,4class,multinomial_logistic,training_Amsterdam_GE3T_109,Amsterdam,6,0,0,0,100.0,True
full_features,4class,multinomial_logistic,training_Amsterdam_GE3T_113,Amsterdam,6,0,3,2,100.0,True
full_features,4class,multinomial_logistic,training_Singapore_Singapore_52,Singapore,6,0,1,0,100.0,True
full_features,4class,multinomial_logistic,training_Singapore_Singapore_58,Singapore,6,0,0,0,100.0,True
full_features,4class,multinomial_logistic,training_Singapore_Singapore_64,Singapore,6,0,2,2,100.0,True
full_features,4class,multinomial_logistic,training_Utrecht_Utrecht_0,Utrecht,6,0,3,3,100.0,True
full_features,4class,multinomial_logistic,training_Utrecht_Utrecht_11,Utrecht,6,0,0,0,100.0,True
full_features,4class,multinomial_logistic,training_Utrecht_Utrecht_29,Utrecht,6,0,3,3,100.0,True
full_features,4class,multinomial_logistic,training_Utrecht_Utrecht_4,Utrecht,6,0,3,3,100.0,True
full_features,4class,multinomial_logistic,training_Utrecht_Utrecht_49,Utrecht,6,0,3,3,100.0,True
full_features,4class,multinomial_logistic,training_Utrecht_Utrecht_6,Utrecht,6,0,0,0,100.0,True
full_features,4class,multinomial_logistic,training_Amsterdam_GE3T_102,Amsterdam,6,1,1,1,0.01,True
full_features,4class,multinomial_logistic,training_Amsterdam_GE3T_106,Amsterdam,6,1,0,0,0.01,True
full_features,4class,multinomial_logistic,training_Amsterdam_GE3T_115,Amsterdam,6,1,0,2,0.01,True
full_features,4class,multinomial_logistic,training_Singapore_Singapore_50,Singapore,6,1,3,3,0.01,True
full_features,4class,multinomial_logistic,training_Singapore_Singapore_56,Singapore,6,1,2,3,0.01,True
full_features,4class,multinomial_logistic,training_Singapore_Singapore_62,Singapore,6,1,3,3,0.01,True
full_features,4class,multinomial_logistic,training_Singapore_Singapore_67,Singapore,6,1,3,3,0.01,True
full_features,4class,multinomial_logistic,training_Singapore_Singapore_68,Singapore,6,1,3,2,0.01,True
full_features,4class,multinomial_logistic,training_Utrecht_Utrecht_19,Utrecht,6,1,2,2,0.01,True
full_features,4class,multinomial_logistic,training_Utrecht_Utrecht_33,Utrecht,6,1,1,0,0.01,True
full_features,4class,multinomial_logistic,training_Utrecht_Utrecht_35,Utrecht,6,1,0,0,0.01,True
full_features,4class,multinomial_logistic,training_Utrecht_Utrecht_41,Utrecht,6,1,3,3,0.01,True
full_features,4class,multinomial_logistic,training_Amsterdam_GE3T_105,Amsterdam,6,2,2,2,10.0,True
full_features,4class,multinomial_logistic,training_Amsterdam_GE3T_108,Amsterdam,6,2,0,0,10.0,True
full_features,4class,multinomial_logistic,training_Amsterdam_GE3T_112,Amsterdam,6,2,1,1,10.0,True
full_features,4class,multinomial_logistic,training_Amsterdam_GE3T_114,Amsterdam,6,2,2,3,10.0,True
full_features,4class,multinomial_logistic,training_Amsterdam_GE3T_116,Amsterdam,6,2,0,0,10.0,True
full_features,4class,multinomial_logistic,training_Amsterdam_GE3T_132,Amsterdam,6,2,3,3,10.0,True
full_features,4class,multinomial_logistic,training_Amsterdam_GE3T_137,Amsterdam,6,2,1,1,10.0,True
full_features,4class,multinomial_logistic,training_Singapore_Singapore_53,Singapore,6,2,0,0,10.0,True
full_features,4class,multinomial_logistic,training_Singapore_Singapore_59,Singapore,6,2,3,2,10.0,True
full_features,4class,multinomial_logistic,training_Singapore_Singapore_60,Singapore,6,2,3,2,10.0,True
full_features,4class,multinomial_logistic,training_Singapore_Singapore_65,Singapore,6,2,3,3,10.0,True
full_features,4class,multinomial_logistic,training_Utrecht_Utrecht_37,Utrecht,6,2,3,3,10.0,True
full_features,4class,multinomial_logistic,training_Amsterdam_GE3T_100,Amsterdam,6,3,1,1,0.01,True
full_features,4class,multinomial_logistic,training_Amsterdam_GE3T_101,Amsterdam,6,3,0,0,0.01,True
full_features,4class,multinomial_logistic,training_Amsterdam_GE3T_103,Amsterdam,6,3,3,3,0.01,True
full_features,4class,multinomial_logistic,training_Singapore_Singapore_55,Singapore,6,3,0,0,0.01,True
full_features,4class,multinomial_logistic,training_Singapore_Singapore_57,Singapore,6,3,2,2,0.01,True
full_features,4class,multinomial_logistic,training_Singapore_Singapore_61,Singapore,6,3,2,2,0.01,True
full_features,4class,multinomial_logistic,training_Utrecht_Utrecht_2,Utrecht,6,3,3,3,0.01,True
full_features,4class,multinomial_logistic,training_Utrecht_Utrecht_21,Utrecht,6,3,3,3,0.01,True
full_features,4class,multinomial_logistic,training_Utrecht_Utrecht_23,Utrecht,6,3,0,0,0.01,True
full_features,4class,multinomial_logistic,training_Utrecht_Utrecht_25,Utrecht,6,3,3,3,0.01,True
full_features,4class,multinomial_logistic,training_Utrecht_Utrecht_27,Utrecht,6,3,0,0,0.01,True
full_features,4class,multinomial_logistic,training_Utrecht_Utrecht_39,Utrecht,6,3,3,3,0.01,True
full_features,4class,multinomial_logistic,training_Amsterdam_GE3T_104,Amsterdam,6,4,3,3,0.01,True
full_features,4class,multinomial_logistic,training_Amsterdam_GE3T_110,Amsterdam,6,4,0,0,0.01,True
full_features,4class,multinomial_logistic,training_Amsterdam_GE3T_126,Amsterdam,6,4,2,2,0.01,True
full_features,4class,multinomial_logistic,training_Amsterdam_GE3T_144,Amsterdam,6,4,0,0,0.01,True
full_features,4class,multinomial_logistic,training_Singapore_Singapore_51,Singapore,6,4,3,3,0.01,True
full_features,4class,multinomial_logistic,training_Singapore_Singapore_54,Singapore,6,4,0,0,0.01,True
full_features,4class,multinomial_logistic,training_Singapore_Singapore_63,Singapore,6,4,3,3,0.01,True
full_features,4class,multinomial_logistic,training_Singapore_Singapore_66,Singapore,6,4,2,1,0.01,True
full_features,4class,multinomial_logistic,training_Singapore_Singapore_69,Singapore,6,4,3,3,0.01,True
full_features,4class,multinomial_logistic,training_Utrecht_Utrecht_17,Utrecht,6,4,1,0,0.01,True
full_features,4class,multinomial_logistic,training_Utrecht_Utrecht_31,Utrecht,6,4,3,3,0.01,True
full_features,4class,multinomial_logistic,training_Utrecht_Utrecht_8,Utrecht,6,4,0,1,0.01,True
full_features,4class,multinomial_logistic,training_Amsterdam_GE3T_102,Amsterdam,7,0,1,1,0.01,True
full_features,4class,multinomial_logistic,training_Amsterdam_GE3T_103,Amsterdam,7,0,3,3,0.01,True
full_features,4class,multinomial_logistic,training_Amsterdam_GE3T_105,Amsterdam,7,0,2,2,0.01,True
full_features,4class,multinomial_logistic,training_Amsterdam_GE3T_113,Amsterdam,7,0,3,3,0.01,True
full_features,4class,multinomial_logistic,training_Amsterdam_GE3T_115,Amsterdam,7,0,0,0,0.01,True
full_features,4class,multinomial_logistic,training_Singapore_Singapore_52,Singapore,7,0,1,0,0.01,True
full_features,4class,multinomial_logistic,training_Singapore_Singapore_54,Singapore,7,0,0,0,0.01,True
full_features,4class,multinomial_logistic,training_Singapore_Singapore_58,Singapore,7,0,0,0,0.01,True
full_features,4class,multinomial_logistic,training_Singapore_Singapore_59,Singapore,7,0,3,3,0.01,True
full_features,4class,multinomial_logistic,training_Singapore_Singapore_67,Singapore,7,0,3,3,0.01,True
full_features,4class,multinomial_logistic,training_Singapore_Singapore_68,Singapore,7,0,3,2,0.01,True
full_features,4class,multinomial_logistic,training_Utrecht_Utrecht_27,Utrecht,7,0,0,0,0.01,True
full_features,4class,multinomial_logistic,training_Amsterdam_GE3T_100,Amsterdam,7,1,1,1,1.0,True
full_features,4class,multinomial_logistic,training_Amsterdam_GE3T_101,Amsterdam,7,1,0,0,1.0,True
full_features,4class,multinomial_logistic,training_Amsterdam_GE3T_110,Amsterdam,7,1,0,1,1.0,True
full_features,4class,multinomial_logistic,training_Amsterdam_GE3T_112,Amsterdam,7,1,1,1,1.0,True
full_features,4class,multinomial_logistic,training_Singapore_Singapore_50,Singapore,7,1,3,3,1.0,True
full_features,4class,multinomial_logistic,training_Singapore_Singapore_57,Singapore,7,1,2,2,1.0,True
full_features,4class,multinomial_logistic,training_Singapore_Singapore_60,Singapore,7,1,3,3,1.0,True
full_features,4class,multinomial_logistic,training_Singapore_Singapore_65,Singapore,7,1,3,3,1.0,True
full_features,4class,multinomial_logistic,training_Utrecht_Utrecht_19,Utrecht,7,1,2,3,1.0,True
full_features,4class,multinomial_logistic,training_Utrecht_Utrecht_25,Utrecht,7,1,3,3,1.0,True
full_features,4class,multinomial_logistic,training_Utrecht_Utrecht_29,Utrecht,7,1,3,3,1.0,True
full_features,4class,multinomial_logistic,training_Utrecht_Utrecht_6,Utrecht,7,1,0,0,1.0,True
full_features,4class,multinomial_logistic,training_Amsterdam_GE3T_104,Amsterdam,7,2,3,3,0.01,True
full_features,4class,multinomial_logistic,training_Amsterdam_GE3T_108,Amsterdam,7,2,0,0,0.01,True
full_features,4class,multinomial_logistic,training_Amsterdam_GE3T_137,Amsterdam,7,2,1,1,0.01,True
full_features,4class,multinomial_logistic,training_Singapore_Singapore_55,Singapore,7,2,0,0,0.01,True
full_features,4class,multinomial_logistic,training_Singapore_Singapore_61,Singapore,7,2,2,2,0.01,True
full_features,4class,multinomial_logistic,training_Singapore_Singapore_63,Singapore,7,2,3,3,0.01,True
full_features,4class,multinomial_logistic,training_Singapore_Singapore_64,Singapore,7,2,2,2,0.01,True
full_features,4class,multinomial_logistic,training_Singapore_Singapore_69,Singapore,7,2,3,3,0.01,True
full_features,4class,multinomial_logistic,training_Utrecht_Utrecht_0,Utrecht,7,2,3,3,0.01,True
full_features,4class,multinomial_logistic,training_Utrecht_Utrecht_17,Utrecht,7,2,1,0,0.01,True
full_features,4class,multinomial_logistic,training_Utrecht_Utrecht_21,Utrecht,7,2,3,3,0.01,True
full_features,4class,multinomial_logistic,training_Utrecht_Utrecht_35,Utrecht,7,2,0,0,0.01,True
full_features,4class,multinomial_logistic,training_Amsterdam_GE3T_106,Amsterdam,7,3,0,0,0.1,True
full_features,4class,multinomial_logistic,training_Amsterdam_GE3T_109,Amsterdam,7,3,0,0,0.1,True
full_features,4class,multinomial_logistic,training_Amsterdam_GE3T_116,Amsterdam,7,3,0,0,0.1,True
full_features,4class,multinomial_logistic,training_Amsterdam_GE3T_126,Amsterdam,7,3,2,2,0.1,True
full_features,4class,multinomial_logistic,training_Singapore_Singapore_51,Singapore,7,3,3,3,0.1,True
full_features,4class,multinomial_logistic,training_Singapore_Singapore_66,Singapore,7,3,2,1,0.1,True
full_features,4class,multinomial_logistic,training_Utrecht_Utrecht_2,Utrecht,7,3,3,3,0.1,True
full_features,4class,multinomial_logistic,training_Utrecht_Utrecht_31,Utrecht,7,3,3,3,0.1,True
full_features,4class,multinomial_logistic,training_Utrecht_Utrecht_33,Utrecht,7,3,1,0,0.1,True
full_features,4class,multinomial_logistic,training_Utrecht_Utrecht_37,Utrecht,7,3,3,3,0.1,True
full_features,4class,multinomial_logistic,training_Utrecht_Utrecht_41,Utrecht,7,3,3,3,0.1,True
full_features,4class,multinomial_logistic,training_Utrecht_Utrecht_8,Utrecht,7,3,0,1,0.1,True
full_features,4class,multinomial_logistic,training_Amsterdam_GE3T_107,Amsterdam,7,4,1,2,100.0,True
full_features,4class,multinomial_logistic,training_Amsterdam_GE3T_114,Amsterdam,7,4,2,3,100.0,True
full_features,4class,multinomial_logistic,training_Amsterdam_GE3T_132,Amsterdam,7,4,3,3,100.0,True
full_features,4class,multinomial_logistic,training_Amsterdam_GE3T_144,Amsterdam,7,4,0,0,100.0,True
full_features,4class,multinomial_logistic,training_Singapore_Singapore_53,Singapore,7,4,0,0,100.0,True
full_features,4class,multinomial_logistic,training_Singapore_Singapore_56,Singapore,7,4,2,3,100.0,True
full_features,4class,multinomial_logistic,training_Singapore_Singapore_62,Singapore,7,4,3,3,100.0,True
full_features,4class,multinomial_logistic,training_Utrecht_Utrecht_11,Utrecht,7,4,0,1,100.0,True
full_features,4class,multinomial_logistic,training_Utrecht_Utrecht_23,Utrecht,7,4,0,1,100.0,True
full_features,4class,multinomial_logistic,training_Utrecht_Utrecht_39,Utrecht,7,4,3,3,100.0,True
full_features,4class,multinomial_logistic,training_Utrecht_Utrecht_4,Utrecht,7,4,3,3,100.0,True
full_features,4class,multinomial_logistic,training_Utrecht_Utrecht_49,Utrecht,7,4,3,3,100.0,True
full_features,4class,multinomial_logistic,training_Amsterdam_GE3T_105,Amsterdam,8,0,2,2,0.1,True
full_features,4class,multinomial_logistic,training_Amsterdam_GE3T_106,Amsterdam,8,0,0,0,0.1,True
full_features,4class,multinomial_logistic,training_Amsterdam_GE3T_108,Amsterdam,8,0,0,0,0.1,True
full_features,4class,multinomial_logistic,training_Amsterdam_GE3T_112,Amsterdam,8,0,1,1,0.1,True
full_features,4class,multinomial_logistic,training_Amsterdam_GE3T_113,Amsterdam,8,0,3,3,0.1,True
full_features,4class,multinomial_logistic,training_Singapore_Singapore_54,Singapore,8,0,0,0,0.1,True
full_features,4class,multinomial_logistic,training_Singapore_Singapore_68,Singapore,8,0,3,2,0.1,True
full_features,4class,multinomial_logistic,training_Singapore_Singapore_69,Singapore,8,0,3,3,0.1,True
full_features,4class,multinomial_logistic,training_Utrecht_Utrecht_17,Utrecht,8,0,1,0,0.1,True
full_features,4class,multinomial_logistic,training_Utrecht_Utrecht_23,Utrecht,8,0,0,0,0.1,True
full_features,4class,multinomial_logistic,training_Utrecht_Utrecht_39,Utrecht,8,0,3,3,0.1,True
full_features,4class,multinomial_logistic,training_Utrecht_Utrecht_49,Utrecht,8,0,3,3,0.1,True
full_features,4class,multinomial_logistic,training_Amsterdam_GE3T_103,Amsterdam,8,1,3,3,100.0,True
full_features,4class,multinomial_logistic,training_Amsterdam_GE3T_104,Amsterdam,8,1,3,3,100.0,True
full_features,4class,multinomial_logistic,training_Amsterdam_GE3T_109,Amsterdam,8,1,0,0,100.0,True
full_features,4class,multinomial_logistic,training_Amsterdam_GE3T_137,Amsterdam,8,1,1,2,100.0,True
full_features,4class,multinomial_logistic,training_Singapore_Singapore_50,Singapore,8,1,3,3,100.0,True
full_features,4class,multinomial_logistic,training_Singapore_Singapore_53,Singapore,8,1,0,0,100.0,True
full_features,4class,multinomial_logistic,training_Singapore_Singapore_56,Singapore,8,1,2,3,100.0,True
full_features,4class,multinomial_logistic,training_Singapore_Singapore_60,Singapore,8,1,3,3,100.0,True
full_features,4class,multinomial_logistic,training_Singapore_Singapore_61,Singapore,8,1,2,1,100.0,True
full_features,4class,multinomial_logistic,training_Singapore_Singapore_65,Singapore,8,1,3,3,100.0,True
full_features,4class,multinomial_logistic,training_Utrecht_Utrecht_33,Utrecht,8,1,1,2,100.0,True
full_features,4class,multinomial_logistic,training_Utrecht_Utrecht_8,Utrecht,8,1,0,0,100.0,True
full_features,4class,multinomial_logistic,training_Amsterdam_GE3T_102,Amsterdam,8,2,1,1,0.01,True
full_features,4class,multinomial_logistic,training_Amsterdam_GE3T_107,Amsterdam,8,2,1,2,0.01,True
full_features,4class,multinomial_logistic,training_Amsterdam_GE3T_144,Amsterdam,8,2,0,1,0.01,True
full_features,4class,multinomial_logistic,training_Singapore_Singapore_59,Singapore,8,2,3,3,0.01,True
full_features,4class,multinomial_logistic,training_Singapore_Singapore_63,Singapore,8,2,3,3,0.01,True
full_features,4class,multinomial_logistic,training_Singapore_Singapore_64,Singapore,8,2,2,2,0.01,True
full_features,4class,multinomial_logistic,training_Singapore_Singapore_66,Singapore,8,2,2,1,0.01,True
full_features,4class,multinomial_logistic,training_Singapore_Singapore_67,Singapore,8,2,3,3,0.01,True
full_features,4class,multinomial_logistic,training_Utrecht_Utrecht_11,Utrecht,8,2,0,1,0.01,True
full_features,4class,multinomial_logistic,training_Utrecht_Utrecht_21,Utrecht,8,2,3,3,0.01,True
full_features,4class,multinomial_logistic,training_Utrecht_Utrecht_37,Utrecht,8,2,3,3,0.01,True
full_features,4class,multinomial_logistic,training_Utrecht_Utrecht_6,Utrecht,8,2,0,0,0.01,True
full_features,4class,multinomial_logistic,training_Amsterdam_GE3T_100,Amsterdam,8,3,1,1,1.0,True
full_features,4class,multinomial_logistic,training_Amsterdam_GE3T_116,Amsterdam,8,3,0,1,1.0,True
full_features,4class,multinomial_logistic,training_Singapore_Singapore_51,Singapore,8,3,3,3,1.0,True
full_features,4class,multinomial_logistic,training_Singapore_Singapore_55,Singapore,8,3,0,0,1.0,True
full_features,4class,multinomial_logistic,training_Singapore_Singapore_57,Singapore,8,3,2,2,1.0,True
full_features,4class,multinomial_logistic,training_Singapore_Singapore_58,Singapore,8,3,0,0,1.0,True
full_features,4class,multinomial_logistic,training_Singapore_Singapore_62,Singapore,8,3,3,3,1.0,True
full_features,4class,multinomial_logistic,training_Utrecht_Utrecht_0,Utrecht,8,3,3,3,1.0,True
full_features,4class,multinomial_logistic,training_Utrecht_Utrecht_19,Utrecht,8,3,2,3,1.0,True
full_features,4class,multinomial_logistic,training_Utrecht_Utrecht_29,Utrecht,8,3,3,3,1.0,True
full_features,4class,multinomial_logistic,training_Utrecht_Utrecht_31,Utrecht,8,3,3,3,1.0,True
full_features,4class,multinomial_logistic,training_Utrecht_Utrecht_35,Utrecht,8,3,0,1,1.0,True
full_features,4class,multinomial_logistic,training_Amsterdam_GE3T_101,Amsterdam,8,4,0,1,10.0,True
full_features,4class,multinomial_logistic,training_Amsterdam_GE3T_110,Amsterdam,8,4,0,0,10.0,True
full_features,4class,multinomial_logistic,training_Amsterdam_GE3T_114,Amsterdam,8,4,2,3,10.0,True
full_features,4class,multinomial_logistic,training_Amsterdam_GE3T_115,Amsterdam,8,4,0,1,10.0,True
full_features,4class,multinomial_logistic,training_Amsterdam_GE3T_126,Amsterdam,8,4,2,2,10.0,True
full_features,4class,multinomial_logistic,training_Amsterdam_GE3T_132,Amsterdam,8,4,3,3,10.0,True
full_features,4class,multinomial_logistic,training_Singapore_Singapore_52,Singapore,8,4,1,0,10.0,True
full_features,4class,multinomial_logistic,training_Utrecht_Utrecht_2,Utrecht,8,4,3,3,10.0,True
full_features,4class,multinomial_logistic,training_Utrecht_Utrecht_25,Utrecht,8,4,3,3,10.0,True
full_features,4class,multinomial_logistic,training_Utrecht_Utrecht_27,Utrecht,8,4,0,0,10.0,True
full_features,4class,multinomial_logistic,training_Utrecht_Utrecht_4,Utrecht,8,4,3,3,10.0,True
full_features,4class,multinomial_logistic,training_Utrecht_Utrecht_41,Utrecht,8,4,3,3,10.0,True
full_features,4class,multinomial_logistic,training_Amsterdam_GE3T_109,Amsterdam,9,0,0,0,100.0,True
full_features,4class,multinomial_logistic,training_Amsterdam_GE3T_113,Amsterdam,9,0,3,3,100.0,True
full_features,4class,multinomial_logistic,training_Singapore_Singapore_52,Singapore,9,0,1,0,100.0,True
full_features,4class,multinomial_logistic,training_Singapore_Singapore_57,Singapore,9,0,2,2,100.0,True
full_features,4class,multinomial_logistic,training_Singapore_Singapore_62,Singapore,9,0,3,3,100.0,True
full_features,4class,multinomial_logistic,training_Singapore_Singapore_63,Singapore,9,0,3,3,100.0,True
full_features,4class,multinomial_logistic,training_Utrecht_Utrecht_11,Utrecht,9,0,0,1,100.0,True
full_features,4class,multinomial_logistic,training_Utrecht_Utrecht_17,Utrecht,9,0,1,0,100.0,True
full_features,4class,multinomial_logistic,training_Utrecht_Utrecht_27,Utrecht,9,0,0,0,100.0,True
full_features,4class,multinomial_logistic,training_Utrecht_Utrecht_31,Utrecht,9,0,3,3,100.0,True
full_features,4class,multinomial_logistic,training_Utrecht_Utrecht_35,Utrecht,9,0,0,0,100.0,True
full_features,4class,multinomial_logistic,training_Utrecht_Utrecht_4,Utrecht,9,0,3,3,100.0,True
full_features,4class,multinomial_logistic,training_Amsterdam_GE3T_100,Amsterdam,9,1,1,1,0.01,True
full_features,4class,multinomial_logistic,training_Amsterdam_GE3T_101,Amsterdam,9,1,0,0,0.01,True
full_features,4class,multinomial_logistic,training_Amsterdam_GE3T_104,Amsterdam,9,1,3,3,0.01,True
full_features,4class,multinomial_logistic,training_Amsterdam_GE3T_108,Amsterdam,9,1,0,0,0.01,True
full_features,4class,multinomial_logistic,training_Amsterdam_GE3T_126,Amsterdam,9,1,2,2,0.01,True
full_features,4class,multinomial_logistic,training_Singapore_Singapore_54,Singapore,9,1,0,0,0.01,True
full_features,4class,multinomial_logistic,training_Singapore_Singapore_64,Singapore,9,1,2,2,0.01,True
full_features,4class,multinomial_logistic,training_Singapore_Singapore_65,Singapore,9,1,3,3,0.01,True
full_features,4class,multinomial_logistic,training_Singapore_Singapore_67,Singapore,9,1,3,3,0.01,True
full_features,4class,multinomial_logistic,training_Utrecht_Utrecht_21,Utrecht,9,1,3,3,0.01,True
full_features,4class,multinomial_logistic,training_Utrecht_Utrecht_25,Utrecht,9,1,3,3,0.01,True
full_features,4class,multinomial_logistic,training_Utrecht_Utrecht_33,Utrecht,9,1,1,0,0.01,True
full_features,4class,multinomial_logistic,training_Amsterdam_GE3T_106,Amsterdam,9,2,0,0,100.0,True
full_features,4class,multinomial_logistic,training_Amsterdam_GE3T_110,Amsterdam,9,2,0,0,100.0,True
full_features,4class,multinomial_logistic,training_Amsterdam_GE3T_112,Amsterdam,9,2,1,1,100.0,True
full_features,4class,multinomial_logistic,training_Amsterdam_GE3T_116,Amsterdam,9,2,0,0,100.0,True
full_features,4class,multinomial_logistic,training_Amsterdam_GE3T_137,Amsterdam,9,2,1,1,100.0,True
full_features,4class,multinomial_logistic,training_Singapore_Singapore_50,Singapore,9,2,3,3,100.0,True
full_features,4class,multinomial_logistic,training_Singapore_Singapore_51,Singapore,9,2,3,3,100.0,True
full_features,4class,multinomial_logistic,training_Singapore_Singapore_60,Singapore,9,2,3,3,100.0,True
full_features,4class,multinomial_logistic,training_Singapore_Singapore_61,Singapore,9,2,2,2,100.0,True
full_features,4class,multinomial_logistic,training_Singapore_Singapore_66,Singapore,9,2,2,1,100.0,True
full_features,4class,multinomial_logistic,training_Utrecht_Utrecht_41,Utrecht,9,2,3,3,100.0,True
full_features,4class,multinomial_logistic,training_Utrecht_Utrecht_49,Utrecht,9,2,3,3,100.0,True
full_features,4class,multinomial_logistic,training_Amsterdam_GE3T_102,Amsterdam,9,3,1,1,0.01,True
full_features,4class,multinomial_logistic,training_Amsterdam_GE3T_105,Amsterdam,9,3,2,2,0.01,True
full_features,4class,multinomial_logistic,training_Amsterdam_GE3T_114,Amsterdam,9,3,2,1,0.01,True
full_features,4class,multinomial_logistic,training_Amsterdam_GE3T_132,Amsterdam,9,3,3,3,0.01,True
full_features,4class,multinomial_logistic,training_Amsterdam_GE3T_144,Amsterdam,9,3,0,0,0.01,True
full_features,4class,multinomial_logistic,training_Singapore_Singapore_53,Singapore,9,3,0,0,0.01,True
full_features,4class,multinomial_logistic,training_Singapore_Singapore_58,Singapore,9,3,0,0,0.01,True
full_features,4class,multinomial_logistic,training_Singapore_Singapore_68,Singapore,9,3,3,2,0.01,True
full_features,4class,multinomial_logistic,training_Utrecht_Utrecht_29,Utrecht,9,3,3,3,0.01,True
full_features,4class,multinomial_logistic,training_Utrecht_Utrecht_37,Utrecht,9,3,3,3,0.01,True
full_features,4class,multinomial_logistic,training_Utrecht_Utrecht_39,Utrecht,9,3,3,3,0.01,True
full_features,4class,multinomial_logistic,training_Utrecht_Utrecht_6,Utrecht,9,3,0,0,0.01,True
full_features,4class,multinomial_logistic,training_Amsterdam_GE3T_103,Amsterdam,9,4,3,3,100.0,True
full_features,4class,multinomial_logistic,training_Amsterdam_GE3T_107,Amsterdam,9,4,1,2,100.0,True
full_features,4class,multinomial_logistic,training_Amsterdam_GE3T_115,Amsterdam,9,4,0,2,100.0,True
full_features,4class,multinomial_logistic,training_Singapore_Singapore_55,Singapore,9,4,0,0,100.0,True
full_features,4class,multinomial_logistic,training_Singapore_Singapore_56,Singapore,9,4,2,3,100.0,True
full_features,4class,multinomial_logistic,training_Singapore_Singapore_59,Singapore,9,4,3,3,100.0,True
full_features,4class,multinomial_logistic,training_Singapore_Singapore_69,Singapore,9,4,3,3,100.0,True
full_features,4class,multinomial_logistic,training_Utrecht_Utrecht_0,Utrecht,9,4,3,3,100.0,True
full_features,4class,multinomial_logistic,training_Utrecht_Utrecht_19,Utrecht,9,4,2,3,100.0,True
full_features,4class,multinomial_logistic,training_Utrecht_Utrecht_2,Utrecht,9,4,3,3,100.0,True
full_features,4class,multinomial_logistic,training_Utrecht_Utrecht_23,Utrecht,9,4,0,0,100.0,True
full_features,4class,multinomial_logistic,training_Utrecht_Utrecht_8,Utrecht,9,4,0,0,100.0,True
full_features,4class,random_forest,training_Amsterdam_GE3T_100,Amsterdam,0,0,1,1,,True
full_features,4class,random_forest,training_Amsterdam_GE3T_105,Amsterdam,0,0,2,2,,True
full_features,4class,random_forest,training_Amsterdam_GE3T_107,Amsterdam,0,0,1,2,,True
full_features,4class,random_forest,training_Amsterdam_GE3T_108,Amsterdam,0,0,0,0,,True
full_features,4class,random_forest,training_Amsterdam_GE3T_116,Amsterdam,0,0,0,0,,True
full_features,4class,random_forest,training_Singapore_Singapore_51,Singapore,0,0,3,3,,True
full_features,4class,random_forest,training_Singapore_Singapore_54,Singapore,0,0,0,0,,True
full_features,4class,random_forest,training_Singapore_Singapore_60,Singapore,0,0,3,2,,True
full_features,4class,random_forest,training_Singapore_Singapore_67,Singapore,0,0,3,2,,True
full_features,4class,random_forest,training_Singapore_Singapore_68,Singapore,0,0,3,2,,True
full_features,4class,random_forest,training_Utrecht_Utrecht_0,Utrecht,0,0,3,3,,True
full_features,4class,random_forest,training_Utrecht_Utrecht_11,Utrecht,0,0,0,1,,True
full_features,4class,random_forest,training_Amsterdam_GE3T_113,Amsterdam,0,1,3,3,,True
full_features,4class,random_forest,training_Amsterdam_GE3T_126,Amsterdam,0,1,2,2,,True
full_features,4class,random_forest,training_Amsterdam_GE3T_132,Amsterdam,0,1,3,3,,True
full_features,4class,random_forest,training_Amsterdam_GE3T_137,Amsterdam,0,1,1,1,,True
full_features,4class,random_forest,training_Singapore_Singapore_53,Singapore,0,1,0,0,,True
full_features,4class,random_forest,training_Singapore_Singapore_66,Singapore,0,1,2,1,,True
full_features,4class,random_forest,training_Singapore_Singapore_69,Singapore,0,1,3,2,,True
full_features,4class,random_forest,training_Utrecht_Utrecht_17,Utrecht,0,1,1,1,,True
full_features,4class,random_forest,training_Utrecht_Utrecht_2,Utrecht,0,1,3,3,,True
full_features,4class,random_forest,training_Utrecht_Utrecht_23,Utrecht,0,1,0,0,,True
full_features,4class,random_forest,training_Utrecht_Utrecht_37,Utrecht,0,1,3,3,,True
full_features,4class,random_forest,training_Utrecht_Utrecht_8,Utrecht,0,1,0,0,,True
full_features,4class,random_forest,training_Amsterdam_GE3T_102,Amsterdam,0,2,1,0,,True
full_features,4class,random_forest,training_Amsterdam_GE3T_103,Amsterdam,0,2,3,3,,True
full_features,4class,random_forest,training_Amsterdam_GE3T_104,Amsterdam,0,2,3,3,,True
full_features,4class,random_forest,training_Amsterdam_GE3T_106,Amsterdam,0,2,0,0,,True
full_features,4class,random_forest,training_Amsterdam_GE3T_109,Amsterdam,0,2,0,0,,True
full_features,4class,random_forest,training_Singapore_Singapore_52,Singapore,0,2,1,2,,True
full_features,4class,random_forest,training_Singapore_Singapore_57,Singapore,0,2,2,2,,True
full_features,4class,random_forest,training_Singapore_Singapore_64,Singapore,0,2,2,2,,True
full_features,4class,random_forest,training_Singapore_Singapore_65,Singapore,0,2,3,2,,True
full_features,4class,random_forest,training_Utrecht_Utrecht_27,Utrecht,0,2,0,0,,True
full_features,4class,random_forest,training_Utrecht_Utrecht_29,Utrecht,0,2,3,3,,True
full_features,4class,random_forest,training_Utrecht_Utrecht_49,Utrecht,0,2,3,3,,True
full_features,4class,random_forest,training_Amsterdam_GE3T_114,Amsterdam,0,3,2,1,,True
full_features,4class,random_forest,training_Amsterdam_GE3T_115,Amsterdam,0,3,0,1,,True
full_features,4class,random_forest,training_Amsterdam_GE3T_144,Amsterdam,0,3,0,0,,True
full_features,4class,random_forest,training_Singapore_Singapore_50,Singapore,0,3,3,3,,True
full_features,4class,random_forest,training_Singapore_Singapore_55,Singapore,0,3,0,0,,True
full_features,4class,random_forest,training_Singapore_Singapore_56,Singapore,0,3,2,3,,True
full_features,4class,random_forest,training_Singapore_Singapore_63,Singapore,0,3,3,3,,True
full_features,4class,random_forest,training_Utrecht_Utrecht_25,Utrecht,0,3,3,3,,True
full_features,4class,random_forest,training_Utrecht_Utrecht_31,Utrecht,0,3,3,3,,True
full_features,4class,random_forest,training_Utrecht_Utrecht_33,Utrecht,0,3,1,1,,True
full_features,4class,random_forest,training_Utrecht_Utrecht_39,Utrecht,0,3,3,3,,True
full_features,4class,random_forest,training_Utrecht_Utrecht_6,Utrecht,0,3,0,0,,True
full_features,4class,random_forest,training_Amsterdam_GE3T_101,Amsterdam,0,4,0,0,,True
full_features,4class,random_forest,training_Amsterdam_GE3T_110,Amsterdam,0,4,0,0,,True
full_features,4class,random_forest,training_Amsterdam_GE3T_112,Amsterdam,0,4,1,1,,True
full_features,4class,random_forest,training_Singapore_Singapore_58,Singapore,0,4,0,0,,True
full_features,4class,random_forest,training_Singapore_Singapore_59,Singapore,0,4,3,2,,True
full_features,4class,random_forest,training_Singapore_Singapore_61,Singapore,0,4,2,2,,True
full_features,4class,random_forest,training_Singapore_Singapore_62,Singapore,0,4,3,3,,True
full_features,4class,random_forest,training_Utrecht_Utrecht_19,Utrecht,0,4,2,3,,True
full_features,4class,random_forest,training_Utrecht_Utrecht_21,Utrecht,0,4,3,3,,True
full_features,4class,random_forest,training_Utrecht_Utrecht_35,Utrecht,0,4,0,1,,True
full_features,4class,random_forest,training_Utrecht_Utrecht_4,Utrecht,0,4,3,3,,True
full_features,4class,random_forest,training_Utrecht_Utrecht_41,Utrecht,0,4,3,3,,True
full_features,4class,random_forest,training_Amsterdam_GE3T_101,Amsterdam,1,0,0,0,,True
full_features,4class,random_forest,training_Amsterdam_GE3T_106,Amsterdam,1,0,0,0,,True
full_features,4class,random_forest,training_Amsterdam_GE3T_107,Amsterdam,1,0,1,2,,True
full_features,4class,random_forest,training_Amsterdam_GE3T_112,Amsterdam,1,0,1,1,,True
full_features,4class,random_forest,training_Amsterdam_GE3T_113,Amsterdam,1,0,3,3,,True
full_features,4class,random_forest,training_Singapore_Singapore_62,Singapore,1,0,3,3,,True
full_features,4class,random_forest,training_Singapore_Singapore_66,Singapore,1,0,2,1,,True
full_features,4class,random_forest,training_Singapore_Singapore_69,Singapore,1,0,3,2,,True
full_features,4class,random_forest,training_Utrecht_Utrecht_2,Utrecht,1,0,3,3,,True
full_features,4class,random_forest,training_Utrecht_Utrecht_27,Utrecht,1,0,0,0,,True
full_features,4class,random_forest,training_Utrecht_Utrecht_35,Utrecht,1,0,0,1,,True
full_features,4class,random_forest,training_Utrecht_Utrecht_49,Utrecht,1,0,3,3,,True
full_features,4class,random_forest,training_Amsterdam_GE3T_114,Amsterdam,1,1,2,1,,True
full_features,4class,random_forest,training_Amsterdam_GE3T_116,Amsterdam,1,1,0,0,,True
full_features,4class,random_forest,training_Amsterdam_GE3T_137,Amsterdam,1,1,1,1,,True
full_features,4class,random_forest,training_Amsterdam_GE3T_144,Amsterdam,1,1,0,0,,True
full_features,4class,random_forest,training_Singapore_Singapore_50,Singapore,1,1,3,3,,True
full_features,4class,random_forest,training_Singapore_Singapore_59,Singapore,1,1,3,2,,True
full_features,4class,random_forest,training_Singapore_Singapore_65,Singapore,1,1,3,3,,True
full_features,4class,random_forest,training_Singapore_Singapore_67,Singapore,1,1,3,2,,True
full_features,4class,random_forest,training_Utrecht_Utrecht_11,Utrecht,1,1,0,1,,True
full_features,4class,random_forest,training_Utrecht_Utrecht_17,Utrecht,1,1,1,0,,True
full_features,4class,random_forest,training_Utrecht_Utrecht_19,Utrecht,1,1,2,3,,True
full_features,4class,random_forest,training_Utrecht_Utrecht_37,Utrecht,1,1,3,3,,True
full_features,4class,random_forest,training_Amsterdam_GE3T_100,Amsterdam,1,2,1,1,,True
full_features,4class,random_forest,training_Amsterdam_GE3T_105,Amsterdam,1,2,2,2,,True
full_features,4class,random_forest,training_Amsterdam_GE3T_110,Amsterdam,1,2,0,0,,True
full_features,4class,random_forest,training_Amsterdam_GE3T_126,Amsterdam,1,2,2,2,,True
full_features,4class,random_forest,training_Singapore_Singapore_52,Singapore,1,2,1,2,,True
full_features,4class,random_forest,training_Singapore_Singapore_55,Singapore,1,2,0,0,,True
full_features,4class,random_forest,training_Singapore_Singapore_60,Singapore,1,2,3,2,,True
full_features,4class,random_forest,training_Singapore_Singapore_63,Singapore,1,2,3,3,,True
full_features,4class,random_forest,training_Utrecht_Utrecht_21,Utrecht,1,2,3,3,,True
full_features,4class,random_forest,training_Utrecht_Utrecht_39,Utrecht,1,2,3,3,,True
full_features,4class,random_forest,training_Utrecht_Utrecht_41,Utrecht,1,2,3,3,,True
full_features,4class,random_forest,training_Utrecht_Utrecht_6,Utrecht,1,2,0,0,,True
full_features,4class,random_forest,training_Amsterdam_GE3T_103,Amsterdam,1,3,3,3,,True
full_features,4class,random_forest,training_Amsterdam_GE3T_104,Amsterdam,1,3,3,2,,True
full_features,4class,random_forest,training_Amsterdam_GE3T_109,Amsterdam,1,3,0,0,,True
full_features,4class,random_forest,training_Singapore_Singapore_51,Singapore,1,3,3,3,,True
full_features,4class,random_forest,training_Singapore_Singapore_53,Singapore,1,3,0,0,,True
full_features,4class,random_forest,training_Singapore_Singapore_56,Singapore,1,3,2,3,,True
full_features,4class,random_forest,training_Singapore_Singapore_58,Singapore,1,3,0,0,,True
full_features,4class,random_forest,training_Singapore_Singapore_61,Singapore,1,3,2,3,,True
full_features,4class,random_forest,training_Singapore_Singapore_68,Singapore,1,3,3,2,,True
full_features,4class,random_forest,training_Utrecht_Utrecht_23,Utrecht,1,3,0,0,,True
full_features,4class,random_forest,training_Utrecht_Utrecht_33,Utrecht,1,3,1,1,,True
full_features,4class,random_forest,training_Utrecht_Utrecht_4,Utrecht,1,3,3,3,,True
full_features,4class,random_forest,training_Amsterdam_GE3T_102,Amsterdam,1,4,1,0,,True
full_features,4class,random_forest,training_Amsterdam_GE3T_108,Amsterdam,1,4,0,0,,True
full_features,4class,random_forest,training_Amsterdam_GE3T_115,Amsterdam,1,4,0,1,,True
full_features,4class,random_forest,training_Amsterdam_GE3T_132,Amsterdam,1,4,3,3,,True
full_features,4class,random_forest,training_Singapore_Singapore_54,Singapore,1,4,0,0,,True
full_features,4class,random_forest,training_Singapore_Singapore_57,Singapore,1,4,2,2,,True
full_features,4class,random_forest,training_Singapore_Singapore_64,Singapore,1,4,2,2,,True
full_features,4class,random_forest,training_Utrecht_Utrecht_0,Utrecht,1,4,3,3,,True
full_features,4class,random_forest,training_Utrecht_Utrecht_25,Utrecht,1,4,3,3,,True
full_features,4class,random_forest,training_Utrecht_Utrecht_29,Utrecht,1,4,3,3,,True
full_features,4class,random_forest,training_Utrecht_Utrecht_31,Utrecht,1,4,3,3,,True
full_features,4class,random_forest,training_Utrecht_Utrecht_8,Utrecht,1,4,0,0,,True
full_features,4class,random_forest,training_Amsterdam_GE3T_101,Amsterdam,2,0,0,0,,True
full_features,4class,random_forest,training_Amsterdam_GE3T_104,Amsterdam,2,0,3,3,,True
full_features,4class,random_forest,training_Amsterdam_GE3T_114,Amsterdam,2,0,2,1,,True
full_features,4class,random_forest,training_Singapore_Singapore_52,Singapore,2,0,1,2,,True
full_features,4class,random_forest,training_Singapore_Singapore_55,Singapore,2,0,0,0,,True
full_features,4class,random_forest,training_Singapore_Singapore_65,Singapore,2,0,3,3,,True
full_features,4class,random_forest,training_Utrecht_Utrecht_17,Utrecht,2,0,1,0,,True
full_features,4class,random_forest,training_Utrecht_Utrecht_35,Utrecht,2,0,0,0,,True
full_features,4class,random_forest,training_Utrecht_Utrecht_4,Utrecht,2,0,3,3,,True
full_features,4class,random_forest,training_Utrecht_Utrecht_41,Utrecht,2,0,3,3,,True
full_features,4class,random_forest,training_Utrecht_Utrecht_49,Utrecht,2,0,3,3,,True
full_features,4class,random_forest,training_Utrecht_Utrecht_6,Utrecht,2,0,0,0,,True
full_features,4class,random_forest,training_Amsterdam_GE3T_103,Amsterdam,2,1,3,3,,True
full_features,4class,random_forest,training_Amsterdam_GE3T_112,Amsterdam,2,1,1,1,,True
full_features,4class,random_forest,training_Amsterdam_GE3T_137,Amsterdam,2,1,1,2,,True
full_features,4class,random_forest,training_Singapore_Singapore_53,Singapore,2,1,0,0,,True
full_features,4class,random_forest,training_Singapore_Singapore_56,Singapore,2,1,2,3,,True
full_features,4class,random_forest,training_Singapore_Singapore_58,Singapore,2,1,0,0,,True
full_features,4class,random_forest,training_Singapore_Singapore_59,Singapore,2,1,3,2,,True
full_features,4class,random_forest,training_Singapore_Singapore_66,Singapore,2,1,2,1,,True
full_features,4class,random_forest,training_Utrecht_Utrecht_21,Utrecht,2,1,3,3,,True
full_features,4class,random_forest,training_Utrecht_Utrecht_27,Utrecht,2,1,0,0,,True
full_features,4class,random_forest,training_Utrecht_Utrecht_31,Utrecht,2,1,3,3,,True
full_features,4class,random_forest,training_Utrecht_Utrecht_37,Utrecht,2,1,3,3,,True
full_features,4class,random_forest,training_Amsterdam_GE3T_100,Amsterdam,2,2,1,1,,True
full_features,4class,random_forest,training_Amsterdam_GE3T_107,Amsterdam,2,2,1,2,,True
full_features,4class,random_forest,training_Amsterdam_GE3T_109,Amsterdam,2,2,0,0,,True
full_features,4class,random_forest,training_Amsterdam_GE3T_116,Amsterdam,2,2,0,0,,True
full_features,4class,random_forest,training_Amsterdam_GE3T_126,Amsterdam,2,2,2,2,,True
full_features,4class,random_forest,training_Singapore_Singapore_57,Singapore,2,2,2,2,,True
full_features,4class,random_forest,training_Singapore_Singapore_63,Singapore,2,2,3,3,,True
full_features,4class,random_forest,training_Utrecht_Utrecht_0,Utrecht,2,2,3,3,,True
full_features,4class,random_forest,training_Utrecht_Utrecht_11,Utrecht,2,2,0,1,,True
full_features,4class,random_forest,training_Utrecht_Utrecht_2,Utrecht,2,2,3,3,,True
full_features,4class,random_forest,training_Utrecht_Utrecht_29,Utrecht,2,2,3,3,,True
full_features,4class,random_forest,training_Utrecht_Utrecht_39,Utrecht,2,2,3,3,,True
full_features,4class,random_forest,training_Amsterdam_GE3T_110,Amsterdam,2,3,0,0,,True
full_features,4class,random_forest,training_Amsterdam_GE3T_113,Amsterdam,2,3,3,3,,True
full_features,4class,random_forest,training_Amsterdam_GE3T_132,Amsterdam,2,3,3,3,,True
full_features,4class,random_forest,training_Amsterdam_GE3T_144,Amsterdam,2,3,0,0,,True
full_features,4class,random_forest,training_Singapore_Singapore_51,Singapore,2,3,3,3,,True
full_features,4class,random_forest,training_Singapore_Singapore_54,Singapore,2,3,0,0,,True
full_features,4class,random_forest,training_Singapore_Singapore_60,Singapore,2,3,3,2,,True
full_features,4class,random_forest,training_Singapore_Singapore_61,Singapore,2,3,2,2,,True
full_features,4class,random_forest,training_Utrecht_Utrecht_19,Utrecht,2,3,2,3,,True
full_features,4class,random_forest,training_Utrecht_Utrecht_25,Utrecht,2,3,3,3,,True
full_features,4class,random_forest,training_Utrecht_Utrecht_33,Utrecht,2,3,1,1,,True
full_features,4class,random_forest,training_Utrecht_Utrecht_8,Utrecht,2,3,0,0,,True
full_features,4class,random_forest,training_Amsterdam_GE3T_102,Amsterdam,2,4,1,0,,True
full_features,4class,random_forest,training_Amsterdam_GE3T_105,Amsterdam,2,4,2,2,,True
full_features,4class,random_forest,training_Amsterdam_GE3T_106,Amsterdam,2,4,0,0,,True
full_features,4class,random_forest,training_Amsterdam_GE3T_108,Amsterdam,2,4,0,0,,True
full_features,4class,random_forest,training_Amsterdam_GE3T_115,Amsterdam,2,4,0,1,,True
full_features,4class,random_forest,training_Singapore_Singapore_50,Singapore,2,4,3,2,,True
full_features,4class,random_forest,training_Singapore_Singapore_62,Singapore,2,4,3,3,,True
full_features,4class,random_forest,training_Singapore_Singapore_64,Singapore,2,4,2,2,,True
full_features,4class,random_forest,training_Singapore_Singapore_67,Singapore,2,4,3,2,,True
full_features,4class,random_forest,training_Singapore_Singapore_68,Singapore,2,4,3,2,,True
full_features,4class,random_forest,training_Singapore_Singapore_69,Singapore,2,4,3,2,,True
full_features,4class,random_forest,training_Utrecht_Utrecht_23,Utrecht,2,4,0,0,,True
full_features,4class,random_forest,training_Amsterdam_GE3T_107,Amsterdam,3,0,1,2,,True
full_features,4class,random_forest,training_Amsterdam_GE3T_108,Amsterdam,3,0,0,0,,True
full_features,4class,random_forest,training_Amsterdam_GE3T_113,Amsterdam,3,0,3,3,,True
full_features,4class,random_forest,training_Amsterdam_GE3T_144,Amsterdam,3,0,0,0,,True
full_features,4class,random_forest,training_Singapore_Singapore_54,Singapore,3,0,0,0,,True
full_features,4class,random_forest,training_Singapore_Singapore_64,Singapore,3,0,2,2,,True
full_features,4class,random_forest,training_Singapore_Singapore_65,Singapore,3,0,3,2,,True
full_features,4class,random_forest,training_Singapore_Singapore_68,Singapore,3,0,3,2,,True
full_features,4class,random_forest,training_Singapore_Singapore_69,Singapore,3,0,3,3,,True
full_features,4class,random_forest,training_Utrecht_Utrecht_17,Utrecht,3,0,1,0,,True
full_features,4class,random_forest,training_Utrecht_Utrecht_27,Utrecht,3,0,0,0,,True
full_features,4class,random_forest,training_Utrecht_Utrecht_49,Utrecht,3,0,3,3,,True
full_features,4class,random_forest,training_Amsterdam_GE3T_101,Amsterdam,3,1,0,0,,True
full_features,4class,random_forest,training_Amsterdam_GE3T_102,Amsterdam,3,1,1,0,,True
full_features,4class,random_forest,training_Amsterdam_GE3T_104,Amsterdam,3,1,3,2,,True
full_features,4class,random_forest,training_Amsterdam_GE3T_115,Amsterdam,3,1,0,1,,True
full_features,4class,random_forest,training_Amsterdam_GE3T_137,Amsterdam,3,1,1,1,,True
full_features,4class,random_forest,training_Singapore_Singapore_56,Singapore,3,1,2,3,,True
full_features,4class,random_forest,training_Singapore_Singapore_57,Singapore,3,1,2,2,,True
full_features,4class,random_forest,training_Singapore_Singapore_62,Singapore,3,1,3,3,,True
full_features,4class,random_forest,training_Utrecht_Utrecht_0,Utrecht,3,1,3,3,,True
full_features,4class,random_forest,training_Utrecht_Utrecht_31,Utrecht,3,1,3,3,,True
full_features,4class,random_forest,training_Utrecht_Utrecht_4,Utrecht,3,1,3,3,,True
full_features,4class,random_forest,training_Utrecht_Utrecht_6,Utrecht,3,1,0,0,,True
full_features,4class,random_forest,training_Amsterdam_GE3T_106,Amsterdam,3,2,0,0,,True
full_features,4class,random_forest,training_Amsterdam_GE3T_110,Amsterdam,3,2,0,0,,True
full_features,4class,random_forest,training_Amsterdam_GE3T_126,Amsterdam,3,2,2,3,,True
full_features,4class,random_forest,training_Amsterdam_GE3T_132,Amsterdam,3,2,3,3,,True
full_features,4class,random_forest,training_Singapore_Singapore_52,Singapore,3,2,1,2,,True
full_features,4class,random_forest,training_Singapore_Singapore_59,Singapore,3,2,3,2,,True
full_features,4class,random_forest,training_Utrecht_Utrecht_11,Utrecht,3,2,0,1,,True
full_features,4class,random_forest,training_Utrecht_Utrecht_19,Utrecht,3,2,2,3,,True
full_features,4class,random_forest,training_Utrecht_Utrecht_2,Utrecht,3,2,3,3,,True
full_features,4class,random_forest,training_Utrecht_Utrecht_33,Utrecht,3,2,1,0,,True
full_features,4class,random_forest,training_Utrecht_Utrecht_37,Utrecht,3,2,3,3,,True
full_features,4class,random_forest,training_Utrecht_Utrecht_39,Utrecht,3,2,3,3,,True
full_features,4class,random_forest,training_Amsterdam_GE3T_100,Amsterdam,3,3,1,1,,True
full_features,4class,random_forest,training_Amsterdam_GE3T_114,Amsterdam,3,3,2,1,,True
full_features,4class,random_forest,training_Singapore_Singapore_50,Singapore,3,3,3,3,,True
full_features,4class,random_forest,training_Singapore_Singapore_51,Singapore,3,3,3,3,,True
full_features,4class,random_forest,training_Singapore_Singapore_53,Singapore,3,3,0,0,,True
full_features,4class,random_forest,training_Singapore_Singapore_55,Singapore,3,3,0,0,,True
full_features,4class,random_forest,training_Singapore_Singapore_61,Singapore,3,3,2,2,,True
full_features,4class,random_forest,training_Singapore_Singapore_63,Singapore,3,3,3,3,,True
full_features,4class,random_forest,training_Utrecht_Utrecht_29,Utrecht,3,3,3,3,,True
full_features,4class,random_forest,training_Utrecht_Utrecht_35,Utrecht,3,3,0,1,,True
full_features,4class,random_forest,training_Utrecht_Utrecht_41,Utrecht,3,3,3,3,,True
full_features,4class,random_forest,training_Utrecht_Utrecht_8,Utrecht,3,3,0,0,,True
full_features,4class,random_forest,training_Amsterdam_GE3T_103,Amsterdam,3,4,3,3,,True
full_features,4class,random_forest,training_Amsterdam_GE3T_105,Amsterdam,3,4,2,2,,True
full_features,4class,random_forest,training_Amsterdam_GE3T_109,Amsterdam,3,4,0,0,,True
full_features,4class,random_forest,training_Amsterdam_GE3T_112,Amsterdam,3,4,1,1,,True
full_features,4class,random_forest,training_Amsterdam_GE3T_116,Amsterdam,3,4,0,0,,True
full_features,4class,random_forest,training_Singapore_Singapore_58,Singapore,3,4,0,0,,True
full_features,4class,random_forest,training_Singapore_Singapore_60,Singapore,3,4,3,3,,True
full_features,4class,random_forest,training_Singapore_Singapore_66,Singapore,3,4,2,1,,True
full_features,4class,random_forest,training_Singapore_Singapore_67,Singapore,3,4,3,2,,True
full_features,4class,random_forest,training_Utrecht_Utrecht_21,Utrecht,3,4,3,3,,True
full_features,4class,random_forest,training_Utrecht_Utrecht_23,Utrecht,3,4,0,0,,True
full_features,4class,random_forest,training_Utrecht_Utrecht_25,Utrecht,3,4,3,3,,True
full_features,4class,random_forest,training_Amsterdam_GE3T_100,Amsterdam,4,0,1,1,,True
full_features,4class,random_forest,training_Amsterdam_GE3T_104,Amsterdam,4,0,3,3,,True
full_features,4class,random_forest,training_Amsterdam_GE3T_113,Amsterdam,4,0,3,3,,True
full_features,4class,random_forest,training_Amsterdam_GE3T_116,Amsterdam,4,0,0,0,,True
full_features,4class,random_forest,training_Singapore_Singapore_54,Singapore,4,0,0,0,,True
full_features,4class,random_forest,training_Singapore_Singapore_61,Singapore,4,0,2,3,,True
full_features,4class,random_forest,training_Singapore_Singapore_69,Singapore,4,0,3,3,,True
full_features,4class,random_forest,training_Utrecht_Utrecht_11,Utrecht,4,0,0,1,,True
full_features,4class,random_forest,training_Utrecht_Utrecht_17,Utrecht,4,0,1,1,,True
full_features,4class,random_forest,training_Utrecht_Utrecht_23,Utrecht,4,0,0,0,,True
full_features,4class,random_forest,training_Utrecht_Utrecht_25,Utrecht,4,0,3,3,,True
full_features,4class,random_forest,training_Utrecht_Utrecht_41,Utrecht,4,0,3,3,,True
full_features,4class,random_forest,training_Amsterdam_GE3T_109,Amsterdam,4,1,0,0,,True
full_features,4class,random_forest,training_Amsterdam_GE3T_112,Amsterdam,4,1,1,1,,True
full_features,4class,random_forest,training_Amsterdam_GE3T_114,Amsterdam,4,1,2,1,,True
full_features,4class,random_forest,training_Singapore_Singapore_51,Singapore,4,1,3,3,,True
full_features,4class,random_forest,training_Singapore_Singapore_57,Singapore,4,1,2,2,,True
full_features,4class,random_forest,training_Singapore_Singapore_62,Singapore,4,1,3,3,,True
full_features,4class,random_forest,training_Utrecht_Utrecht_21,Utrecht,4,1,3,3,,True
full_features,4class,random_forest,training_Utrecht_Utrecht_27,Utrecht,4,1,0,0,,True
full_features,4class,random_forest,training_Utrecht_Utrecht_29,Utrecht,4,1,3,3,,True
full_features,4class,random_forest,training_Utrecht_Utrecht_33,Utrecht,4,1,1,1,,True
full_features,4class,random_forest,training_Utrecht_Utrecht_37,Utrecht,4,1,3,3,,True
full_features,4class,random_forest,training_Utrecht_Utrecht_6,Utrecht,4,1,0,0,,True
full_features,4class,random_forest,training_Amsterdam_GE3T_101,Amsterdam,4,2,0,0,,True
full_features,4class,random_forest,training_Amsterdam_GE3T_103,Amsterdam,4,2,3,3,,True
full_features,4class,random_forest,training_Amsterdam_GE3T_107,Amsterdam,4,2,1,2,,True
full_features,4class,random_forest,training_Amsterdam_GE3T_126,Amsterdam,4,2,2,2,,True
full_features,4class,random_forest,training_Singapore_Singapore_50,Singapore,4,2,3,3,,True
full_features,4class,random_forest,training_Singapore_Singapore_52,Singapore,4,2,1,2,,True
full_features,4class,random_forest,training_Singapore_Singapore_53,Singapore,4,2,0,0,,True
full_features,4class,random_forest,training_Singapore_Singapore_59,Singapore,4,2,3,2,,True
full_features,4class,random_forest,training_Singapore_Singapore_60,Singapore,4,2,3,2,,True
full_features,4class,random_forest,training_Singapore_Singapore_65,Singapore,4,2,3,2,,True
full_features,4class,random_forest,training_Singapore_Singapore_66,Singapore,4,2,2,1,,True
full_features,4class,random_forest,training_Utrecht_Utrecht_35,Utrecht,4,2,0,1,,True
full_features,4class,random_forest,training_Amsterdam_GE3T_102,Amsterdam,4,3,1,0,,True
full_features,4class,random_forest,training_Amsterdam_GE3T_105,Amsterdam,4,3,2,2,,True
full_features,4class,random_forest,training_Amsterdam_GE3T_106,Amsterdam,4,3,0,0,,True
full_features,4class,random_forest,training_Amsterdam_GE3T_115,Amsterdam,4,3,0,1,,True
full_features,4class,random_forest,training_Amsterdam_GE3T_144,Amsterdam,4,3,0,0,,True
full_features,4class,random_forest,training_Singapore_Singapore_55,Singapore,4,3,0,0,,True
full_features,4class,random_forest,training_Singapore_Singapore_56,Singapore,4,3,2,3,,True
full_features,4class,random_forest,training_Singapore_Singapore_67,Singapore,4,3,3,3,,True
full_features,4class,random_forest,training_Singapore_Singapore_68,Singapore,4,3,3,2,,True
full_features,4class,random_forest,training_Utrecht_Utrecht_2,Utrecht,4,3,3,3,,True
full_features,4class,random_forest,training_Utrecht_Utrecht_39,Utrecht,4,3,3,3,,True
full_features,4class,random_forest,training_Utrecht_Utrecht_49,Utrecht,4,3,3,3,,True
full_features,4class,random_forest,training_Amsterdam_GE3T_108,Amsterdam,4,4,0,0,,True
full_features,4class,random_forest,training_Amsterdam_GE3T_110,Amsterdam,4,4,0,0,,True
full_features,4class,random_forest,training_Amsterdam_GE3T_132,Amsterdam,4,4,3,3,,True
full_features,4class,random_forest,training_Amsterdam_GE3T_137,Amsterdam,4,4,1,1,,True
full_features,4class,random_forest,training_Singapore_Singapore_58,Singapore,4,4,0,0,,True
full_features,4class,random_forest,training_Singapore_Singapore_63,Singapore,4,4,3,3,,True
full_features,4class,random_forest,training_Singapore_Singapore_64,Singapore,4,4,2,2,,True
full_features,4class,random_forest,training_Utrecht_Utrecht_0,Utrecht,4,4,3,3,,True
full_features,4class,random_forest,training_Utrecht_Utrecht_19,Utrecht,4,4,2,3,,True
full_features,4class,random_forest,training_Utrecht_Utrecht_31,Utrecht,4,4,3,3,,True
full_features,4class,random_forest,training_Utrecht_Utrecht_4,Utrecht,4,4,3,3,,True
full_features,4class,random_forest,training_Utrecht_Utrecht_8,Utrecht,4,4,0,0,,True
full_features,4class,random_forest,training_Amsterdam_GE3T_100,Amsterdam,5,0,1,1,,True
full_features,4class,random_forest,training_Amsterdam_GE3T_105,Amsterdam,5,0,2,2,,True
full_features,4class,random_forest,training_Amsterdam_GE3T_109,Amsterdam,5,0,0,0,,True
full_features,4class,random_forest,training_Amsterdam_GE3T_137,Amsterdam,5,0,1,2,,True
full_features,4class,random_forest,training_Singapore_Singapore_55,Singapore,5,0,0,0,,True
full_features,4class,random_forest,training_Singapore_Singapore_67,Singapore,5,0,3,3,,True
full_features,4class,random_forest,training_Utrecht_Utrecht_0,Utrecht,5,0,3,3,,True
full_features,4class,random_forest,training_Utrecht_Utrecht_2,Utrecht,5,0,3,3,,True
full_features,4class,random_forest,training_Utrecht_Utrecht_27,Utrecht,5,0,0,0,,True
full_features,4class,random_forest,training_Utrecht_Utrecht_31,Utrecht,5,0,3,3,,True
full_features,4class,random_forest,training_Utrecht_Utrecht_35,Utrecht,5,0,0,1,,True
full_features,4class,random_forest,training_Utrecht_Utrecht_41,Utrecht,5,0,3,3,,True
full_features,4class,random_forest,training_Amsterdam_GE3T_101,Amsterdam,5,1,0,0,,True
full_features,4class,random_forest,training_Amsterdam_GE3T_102,Amsterdam,5,1,1,0,,True
full_features,4class,random_forest,training_Amsterdam_GE3T_106,Amsterdam,5,1,0,0,,True
full_features,4class,random_forest,training_Amsterdam_GE3T_126,Amsterdam,5,1,2,2,,True
full_features,4class,random_forest,training_Singapore_Singapore_50,Singapore,5,1,3,3,,True
full_features,4class,random_forest,training_Singapore_Singapore_52,Singapore,5,1,1,2,,True
full_features,4class,random_forest,training_Singapore_Singapore_56,Singapore,5,1,2,3,,True
full_features,4class,random_forest,training_Singapore_Singapore_60,Singapore,5,1,3,3,,True
full_features,4class,random_forest,training_Singapore_Singapore_62,Singapore,5,1,3,3,,True
full_features,4class,random_forest,training_Singapore_Singapore_63,Singapore,5,1,3,3,,True
full_features,4class,random_forest,training_Utrecht_Utrecht_11,Utrecht,5,1,0,0,,True
full_features,4class,random_forest,training_Utrecht_Utrecht_21,Utrecht,5,1,3,3,,True
full_features,4class,random_forest,training_Amsterdam_GE3T_104,Amsterdam,5,2,3,3,,True
full_features,4class,random_forest,training_Amsterdam_GE3T_107,Amsterdam,5,2,1,2,,True
full_features,4class,random_forest,training_Amsterdam_GE3T_108,Amsterdam,5,2,0,0,,True
full_features,4class,random_forest,training_Amsterdam_GE3T_114,Amsterdam,5,2,2,1,,True
full_features,4class,random_forest,training_Amsterdam_GE3T_115,Amsterdam,5,2,0,1,,True
full_features,4class,random_forest,training_Amsterdam_GE3T_132,Amsterdam,5,2,3,3,,True
full_features,4class,random_forest,training_Singapore_Singapore_51,Singapore,5,2,3,3,,True
full_features,4class,random_forest,training_Singapore_Singapore_57,Singapore,5,2,2,2,,True
full_features,4class,random_forest,training_Singapore_Singapore_68,Singapore,5,2,3,2,,True
full_features,4class,random_forest,training_Utrecht_Utrecht_23,Utrecht,5,2,0,0,,True
full_features,4class,random_forest,training_Utrecht_Utrecht_33,Utrecht,5,2,1,1,,True
full_features,4class,random_forest,training_Utrecht_Utrecht_39,Utrecht,5,2,3,3,,True
full_features,4class,random_forest,training_Amsterdam_GE3T_103,Amsterdam,5,3,3,3,,True
full_features,4class,random_forest,training_Amsterdam_GE3T_110,Amsterdam,5,3,0,0,,True
full_features,4class,random_forest,training_Amsterdam_GE3T_112,Amsterdam,5,3,1,1,,True
full_features,4class,random_forest,training_Amsterdam_GE3T_113,Amsterdam,5,3,3,3,,True
full_features,4class,random_forest,training_Amsterdam_GE3T_116,Amsterdam,5,3,0,0,,True
full_features,4class,random_forest,training_Singapore_Singapore_54,Singapore,5,3,0,0,,True
full_features,4class,random_forest,training_Singapore_Singapore_58,Singapore,5,3,0,0,,True
full_features,4class,random_forest,training_Singapore_Singapore_59,Singapore,5,3,3,2,,True
full_features,4class,random_forest,training_Singapore_Singapore_66,Singapore,5,3,2,1,,True
full_features,4class,random_forest,training_Utrecht_Utrecht_19,Utrecht,5,3,2,3,,True
full_features,4class,random_forest,training_Utrecht_Utrecht_25,Utrecht,5,3,3,3,,True
full_features,4class,random_forest,training_Utrecht_Utrecht_4,Utrecht,5,3,3,3,,True
full_features,4class,random_forest,training_Amsterdam_GE3T_144,Amsterdam,5,4,0,0,,True
full_features,4class,random_forest,training_Singapore_Singapore_53,Singapore,5,4,0,0,,True
full_features,4class,random_forest,training_Singapore_Singapore_61,Singapore,5,4,2,2,,True
full_features,4class,random_forest,training_Singapore_Singapore_64,Singapore,5,4,2,2,,True
full_features,4class,random_forest,training_Singapore_Singapore_65,Singapore,5,4,3,3,,True
full_features,4class,random_forest,training_Singapore_Singapore_69,Singapore,5,4,3,3,,True
full_features,4class,random_forest,training_Utrecht_Utrecht_17,Utrecht,5,4,1,0,,True
full_features,4class,random_forest,training_Utrecht_Utrecht_29,Utrecht,5,4,3,3,,True
full_features,4class,random_forest,training_Utrecht_Utrecht_37,Utrecht,5,4,3,3,,True
full_features,4class,random_forest,training_Utrecht_Utrecht_49,Utrecht,5,4,3,3,,True
full_features,4class,random_forest,training_Utrecht_Utrecht_6,Utrecht,5,4,0,0,,True
full_features,4class,random_forest,training_Utrecht_Utrecht_8,Utrecht,5,4,0,0,,True
full_features,4class,random_forest,training_Amsterdam_GE3T_107,Amsterdam,6,0,1,2,,True
full_features,4class,random_forest,training_Amsterdam_GE3T_109,Amsterdam,6,0,0,0,,True
full_features,4class,random_forest,training_Amsterdam_GE3T_113,Amsterdam,6,0,3,3,,True
full_features,4class,random_forest,training_Singapore_Singapore_52,Singapore,6,0,1,2,,True
full_features,4class,random_forest,training_Singapore_Singapore_58,Singapore,6,0,0,0,,True
full_features,4class,random_forest,training_Singapore_Singapore_64,Singapore,6,0,2,2,,True
full_features,4class,random_forest,training_Utrecht_Utrecht_0,Utrecht,6,0,3,3,,True
full_features,4class,random_forest,training_Utrecht_Utrecht_11,Utrecht,6,0,0,1,,True
full_features,4class,random_forest,training_Utrecht_Utrecht_29,Utrecht,6,0,3,3,,True
full_features,4class,random_forest,training_Utrecht_Utrecht_4,Utrecht,6,0,3,3,,True
full_features,4class,random_forest,training_Utrecht_Utrecht_49,Utrecht,6,0,3,3,,True
full_features,4class,random_forest,training_Utrecht_Utrecht_6,Utrecht,6,0,0,0,,True
full_features,4class,random_forest,training_Amsterdam_GE3T_102,Amsterdam,6,1,1,0,,True
full_features,4class,random_forest,training_Amsterdam_GE3T_106,Amsterdam,6,1,0,0,,True
full_features,4class,random_forest,training_Amsterdam_GE3T_115,Amsterdam,6,1,0,1,,True
full_features,4class,random_forest,training_Singapore_Singapore_50,Singapore,6,1,3,3,,True
full_features,4class,random_forest,training_Singapore_Singapore_56,Singapore,6,1,2,3,,True
full_features,4class,random_forest,training_Singapore_Singapore_62,Singapore,6,1,3,3,,True
full_features,4class,random_forest,training_Singapore_Singapore_67,Singapore,6,1,3,3,,True
full_features,4class,random_forest,training_Singapore_Singapore_68,Singapore,6,1,3,2,,True
full_features,4class,random_forest,training_Utrecht_Utrecht_19,Utrecht,6,1,2,3,,True
full_features,4class,random_forest,training_Utrecht_Utrecht_33,Utrecht,6,1,1,1,,True
full_features,4class,random_forest,training_Utrecht_Utrecht_35,Utrecht,6,1,0,0,,True
full_features,4class,random_forest,training_Utrecht_Utrecht_41,Utrecht,6,1,3,3,,True
full_features,4class,random_forest,training_Amsterdam_GE3T_105,Amsterdam,6,2,2,2,,True
full_features,4class,random_forest,training_Amsterdam_GE3T_108,Amsterdam,6,2,0,0,,True
full_features,4class,random_forest,training_Amsterdam_GE3T_112,Amsterdam,6,2,1,1,,True
full_features,4class,random_forest,training_Amsterdam_GE3T_114,Amsterdam,6,2,2,3,,True
full_features,4class,random_forest,training_Amsterdam_GE3T_116,Amsterdam,6,2,0,0,,True
full_features,4class,random_forest,training_Amsterdam_GE3T_132,Amsterdam,6,2,3,3,,True
full_features,4class,random_forest,training_Amsterdam_GE3T_137,Amsterdam,6,2,1,1,,True
full_features,4class,random_forest,training_Singapore_Singapore_53,Singapore,6,2,0,0,,True
full_features,4class,random_forest,training_Singapore_Singapore_59,Singapore,6,2,3,2,,True
full_features,4class,random_forest,training_Singapore_Singapore_60,Singapore,6,2,3,3,,True
full_features,4class,random_forest,training_Singapore_Singapore_65,Singapore,6,2,3,2,,True
full_features,4class,random_forest,training_Utrecht_Utrecht_37,Utrecht,6,2,3,3,,True
full_features,4class,random_forest,training_Amsterdam_GE3T_100,Amsterdam,6,3,1,1,,True
full_features,4class,random_forest,training_Amsterdam_GE3T_101,Amsterdam,6,3,0,0,,True
full_features,4class,random_forest,training_Amsterdam_GE3T_103,Amsterdam,6,3,3,3,,True
full_features,4class,random_forest,training_Singapore_Singapore_55,Singapore,6,3,0,0,,True
full_features,4class,random_forest,training_Singapore_Singapore_57,Singapore,6,3,2,2,,True
full_features,4class,random_forest,training_Singapore_Singapore_61,Singapore,6,3,2,3,,True
full_features,4class,random_forest,training_Utrecht_Utrecht_2,Utrecht,6,3,3,3,,True
full_features,4class,random_forest,training_Utrecht_Utrecht_21,Utrecht,6,3,3,3,,True
full_features,4class,random_forest,training_Utrecht_Utrecht_23,Utrecht,6,3,0,0,,True
full_features,4class,random_forest,training_Utrecht_Utrecht_25,Utrecht,6,3,3,3,,True
full_features,4class,random_forest,training_Utrecht_Utrecht_27,Utrecht,6,3,0,0,,True
full_features,4class,random_forest,training_Utrecht_Utrecht_39,Utrecht,6,3,3,3,,True
full_features,4class,random_forest,training_Amsterdam_GE3T_104,Amsterdam,6,4,3,3,,True
full_features,4class,random_forest,training_Amsterdam_GE3T_110,Amsterdam,6,4,0,0,,True
full_features,4class,random_forest,training_Amsterdam_GE3T_126,Amsterdam,6,4,2,2,,True
full_features,4class,random_forest,training_Amsterdam_GE3T_144,Amsterdam,6,4,0,0,,True
full_features,4class,random_forest,training_Singapore_Singapore_51,Singapore,6,4,3,3,,True
full_features,4class,random_forest,training_Singapore_Singapore_54,Singapore,6,4,0,0,,True
full_features,4class,random_forest,training_Singapore_Singapore_63,Singapore,6,4,3,3,,True
full_features,4class,random_forest,training_Singapore_Singapore_66,Singapore,6,4,2,1,,True
full_features,4class,random_forest,training_Singapore_Singapore_69,Singapore,6,4,3,2,,True
full_features,4class,random_forest,training_Utrecht_Utrecht_17,Utrecht,6,4,1,0,,True
full_features,4class,random_forest,training_Utrecht_Utrecht_31,Utrecht,6,4,3,3,,True
full_features,4class,random_forest,training_Utrecht_Utrecht_8,Utrecht,6,4,0,0,,True
full_features,4class,random_forest,training_Amsterdam_GE3T_102,Amsterdam,7,0,1,0,,True
full_features,4class,random_forest,training_Amsterdam_GE3T_103,Amsterdam,7,0,3,3,,True
full_features,4class,random_forest,training_Amsterdam_GE3T_105,Amsterdam,7,0,2,2,,True
full_features,4class,random_forest,training_Amsterdam_GE3T_113,Amsterdam,7,0,3,3,,True
full_features,4class,random_forest,training_Amsterdam_GE3T_115,Amsterdam,7,0,0,1,,True
full_features,4class,random_forest,training_Singapore_Singapore_52,Singapore,7,0,1,2,,True
full_features,4class,random_forest,training_Singapore_Singapore_54,Singapore,7,0,0,0,,True
full_features,4class,random_forest,training_Singapore_Singapore_58,Singapore,7,0,0,0,,True
full_features,4class,random_forest,training_Singapore_Singapore_59,Singapore,7,0,3,2,,True
full_features,4class,random_forest,training_Singapore_Singapore_67,Singapore,7,0,3,2,,True
full_features,4class,random_forest,training_Singapore_Singapore_68,Singapore,7,0,3,2,,True
full_features,4class,random_forest,training_Utrecht_Utrecht_27,Utrecht,7,0,0,0,,True
full_features,4class,random_forest,training_Amsterdam_GE3T_100,Amsterdam,7,1,1,1,,True
full_features,4class,random_forest,training_Amsterdam_GE3T_101,Amsterdam,7,1,0,0,,True
full_features,4class,random_forest,training_Amsterdam_GE3T_110,Amsterdam,7,1,0,0,,True
full_features,4class,random_forest,training_Amsterdam_GE3T_112,Amsterdam,7,1,1,1,,True
full_features,4class,random_forest,training_Singapore_Singapore_50,Singapore,7,1,3,3,,True
full_features,4class,random_forest,training_Singapore_Singapore_57,Singapore,7,1,2,2,,True
full_features,4class,random_forest,training_Singapore_Singapore_60,Singapore,7,1,3,2,,True
full_features,4class,random_forest,training_Singapore_Singapore_65,Singapore,7,1,3,3,,True
full_features,4class,random_forest,training_Utrecht_Utrecht_19,Utrecht,7,1,2,3,,True
full_features,4class,random_forest,training_Utrecht_Utrecht_25,Utrecht,7,1,3,3,,True
full_features,4class,random_forest,training_Utrecht_Utrecht_29,Utrecht,7,1,3,3,,True
full_features,4class,random_forest,training_Utrecht_Utrecht_6,Utrecht,7,1,0,0,,True
full_features,4class,random_forest,training_Amsterdam_GE3T_104,Amsterdam,7,2,3,3,,True
full_features,4class,random_forest,training_Amsterdam_GE3T_108,Amsterdam,7,2,0,0,,True
full_features,4class,random_forest,training_Amsterdam_GE3T_137,Amsterdam,7,2,1,1,,True
full_features,4class,random_forest,training_Singapore_Singapore_55,Singapore,7,2,0,0,,True
full_features,4class,random_forest,training_Singapore_Singapore_61,Singapore,7,2,2,3,,True
full_features,4class,random_forest,training_Singapore_Singapore_63,Singapore,7,2,3,3,,True
full_features,4class,random_forest,training_Singapore_Singapore_64,Singapore,7,2,2,2,,True
full_features,4class,random_forest,training_Singapore_Singapore_69,Singapore,7,2,3,3,,True
full_features,4class,random_forest,training_Utrecht_Utrecht_0,Utrecht,7,2,3,3,,True
full_features,4class,random_forest,training_Utrecht_Utrecht_17,Utrecht,7,2,1,1,,True
full_features,4class,random_forest,training_Utrecht_Utrecht_21,Utrecht,7,2,3,3,,True
full_features,4class,random_forest,training_Utrecht_Utrecht_35,Utrecht,7,2,0,1,,True
full_features,4class,random_forest,training_Amsterdam_GE3T_106,Amsterdam,7,3,0,0,,True
full_features,4class,random_forest,training_Amsterdam_GE3T_109,Amsterdam,7,3,0,0,,True
full_features,4class,random_forest,training_Amsterdam_GE3T_116,Amsterdam,7,3,0,0,,True
full_features,4class,random_forest,training_Amsterdam_GE3T_126,Amsterdam,7,3,2,2,,True
full_features,4class,random_forest,training_Singapore_Singapore_51,Singapore,7,3,3,3,,True
full_features,4class,random_forest,training_Singapore_Singapore_66,Singapore,7,3,2,1,,True
full_features,4class,random_forest,training_Utrecht_Utrecht_2,Utrecht,7,3,3,3,,True
full_features,4class,random_forest,training_Utrecht_Utrecht_31,Utrecht,7,3,3,3,,True
full_features,4class,random_forest,training_Utrecht_Utrecht_33,Utrecht,7,3,1,1,,True
full_features,4class,random_forest,training_Utrecht_Utrecht_37,Utrecht,7,3,3,3,,True
full_features,4class,random_forest,training_Utrecht_Utrecht_41,Utrecht,7,3,3,3,,True
full_features,4class,random_forest,training_Utrecht_Utrecht_8,Utrecht,7,3,0,0,,True
full_features,4class,random_forest,training_Amsterdam_GE3T_107,Amsterdam,7,4,1,2,,True
full_features,4class,random_forest,training_Amsterdam_GE3T_114,Amsterdam,7,4,2,1,,True
full_features,4class,random_forest,training_Amsterdam_GE3T_132,Amsterdam,7,4,3,3,,True
full_features,4class,random_forest,training_Amsterdam_GE3T_144,Amsterdam,7,4,0,0,,True
full_features,4class,random_forest,training_Singapore_Singapore_53,Singapore,7,4,0,0,,True
full_features,4class,random_forest,training_Singapore_Singapore_56,Singapore,7,4,2,3,,True
full_features,4class,random_forest,training_Singapore_Singapore_62,Singapore,7,4,3,3,,True
full_features,4class,random_forest,training_Utrecht_Utrecht_11,Utrecht,7,4,0,1,,True
full_features,4class,random_forest,training_Utrecht_Utrecht_23,Utrecht,7,4,0,0,,True
full_features,4class,random_forest,training_Utrecht_Utrecht_39,Utrecht,7,4,3,3,,True
full_features,4class,random_forest,training_Utrecht_Utrecht_4,Utrecht,7,4,3,3,,True
full_features,4class,random_forest,training_Utrecht_Utrecht_49,Utrecht,7,4,3,3,,True
full_features,4class,random_forest,training_Amsterdam_GE3T_105,Amsterdam,8,0,2,2,,True
full_features,4class,random_forest,training_Amsterdam_GE3T_106,Amsterdam,8,0,0,0,,True
full_features,4class,random_forest,training_Amsterdam_GE3T_108,Amsterdam,8,0,0,0,,True
full_features,4class,random_forest,training_Amsterdam_GE3T_112,Amsterdam,8,0,1,1,,True
full_features,4class,random_forest,training_Amsterdam_GE3T_113,Amsterdam,8,0,3,3,,True
full_features,4class,random_forest,training_Singapore_Singapore_54,Singapore,8,0,0,0,,True
full_features,4class,random_forest,training_Singapore_Singapore_68,Singapore,8,0,3,2,,True
full_features,4class,random_forest,training_Singapore_Singapore_69,Singapore,8,0,3,3,,True
full_features,4class,random_forest,training_Utrecht_Utrecht_17,Utrecht,8,0,1,0,,True
full_features,4class,random_forest,training_Utrecht_Utrecht_23,Utrecht,8,0,0,0,,True
full_features,4class,random_forest,training_Utrecht_Utrecht_39,Utrecht,8,0,3,3,,True
full_features,4class,random_forest,training_Utrecht_Utrecht_49,Utrecht,8,0,3,3,,True
full_features,4class,random_forest,training_Amsterdam_GE3T_103,Amsterdam,8,1,3,3,,True
full_features,4class,random_forest,training_Amsterdam_GE3T_104,Amsterdam,8,1,3,3,,True
full_features,4class,random_forest,training_Amsterdam_GE3T_109,Amsterdam,8,1,0,0,,True
full_features,4class,random_forest,training_Amsterdam_GE3T_137,Amsterdam,8,1,1,1,,True
full_features,4class,random_forest,training_Singapore_Singapore_50,Singapore,8,1,3,3,,True
full_features,4class,random_forest,training_Singapore_Singapore_53,Singapore,8,1,0,0,,True
full_features,4class,random_forest,training_Singapore_Singapore_56,Singapore,8,1,2,3,,True
full_features,4class,random_forest,training_Singapore_Singapore_60,Singapore,8,1,3,3,,True
full_features,4class,random_forest,training_Singapore_Singapore_61,Singapore,8,1,2,2,,True
full_features,4class,random_forest,training_Singapore_Singapore_65,Singapore,8,1,3,2,,True
full_features,4class,random_forest,training_Utrecht_Utrecht_33,Utrecht,8,1,1,1,,True
full_features,4class,random_forest,training_Utrecht_Utrecht_8,Utrecht,8,1,0,0,,True
full_features,4class,random_forest,training_Amsterdam_GE3T_102,Amsterdam,8,2,1,0,,True
full_features,4class,random_forest,training_Amsterdam_GE3T_107,Amsterdam,8,2,1,2,,True
full_features,4class,random_forest,training_Amsterdam_GE3T_144,Amsterdam,8,2,0,0,,True
full_features,4class,random_forest,training_Singapore_Singapore_59,Singapore,8,2,3,2,,True
full_features,4class,random_forest,training_Singapore_Singapore_63,Singapore,8,2,3,3,,True
full_features,4class,random_forest,training_Singapore_Singapore_64,Singapore,8,2,2,2,,True
full_features,4class,random_forest,training_Singapore_Singapore_66,Singapore,8,2,2,1,,True
full_features,4class,random_forest,training_Singapore_Singapore_67,Singapore,8,2,3,2,,True
full_features,4class,random_forest,training_Utrecht_Utrecht_11,Utrecht,8,2,0,1,,True
full_features,4class,random_forest,training_Utrecht_Utrecht_21,Utrecht,8,2,3,3,,True
full_features,4class,random_forest,training_Utrecht_Utrecht_37,Utrecht,8,2,3,3,,True
full_features,4class,random_forest,training_Utrecht_Utrecht_6,Utrecht,8,2,0,0,,True
full_features,4class,random_forest,training_Amsterdam_GE3T_100,Amsterdam,8,3,1,1,,True
full_features,4class,random_forest,training_Amsterdam_GE3T_116,Amsterdam,8,3,0,0,,True
full_features,4class,random_forest,training_Singapore_Singapore_51,Singapore,8,3,3,3,,True
full_features,4class,random_forest,training_Singapore_Singapore_55,Singapore,8,3,0,0,,True
full_features,4class,random_forest,training_Singapore_Singapore_57,Singapore,8,3,2,2,,True
full_features,4class,random_forest,training_Singapore_Singapore_58,Singapore,8,3,0,0,,True
full_features,4class,random_forest,training_Singapore_Singapore_62,Singapore,8,3,3,3,,True
full_features,4class,random_forest,training_Utrecht_Utrecht_0,Utrecht,8,3,3,3,,True
full_features,4class,random_forest,training_Utrecht_Utrecht_19,Utrecht,8,3,2,3,,True
full_features,4class,random_forest,training_Utrecht_Utrecht_29,Utrecht,8,3,3,3,,True
full_features,4class,random_forest,training_Utrecht_Utrecht_31,Utrecht,8,3,3,3,,True
full_features,4class,random_forest,training_Utrecht_Utrecht_35,Utrecht,8,3,0,1,,True
full_features,4class,random_forest,training_Amsterdam_GE3T_101,Amsterdam,8,4,0,0,,True
full_features,4class,random_forest,training_Amsterdam_GE3T_110,Amsterdam,8,4,0,0,,True
full_features,4class,random_forest,training_Amsterdam_GE3T_114,Amsterdam,8,4,2,1,,True
full_features,4class,random_forest,training_Amsterdam_GE3T_115,Amsterdam,8,4,0,1,,True
full_features,4class,random_forest,training_Amsterdam_GE3T_126,Amsterdam,8,4,2,2,,True
full_features,4class,random_forest,training_Amsterdam_GE3T_132,Amsterdam,8,4,3,3,,True
full_features,4class,random_forest,training_Singapore_Singapore_52,Singapore,8,4,1,2,,True
full_features,4class,random_forest,training_Utrecht_Utrecht_2,Utrecht,8,4,3,3,,True
full_features,4class,random_forest,training_Utrecht_Utrecht_25,Utrecht,8,4,3,3,,True
full_features,4class,random_forest,training_Utrecht_Utrecht_27,Utrecht,8,4,0,0,,True
full_features,4class,random_forest,training_Utrecht_Utrecht_4,Utrecht,8,4,3,3,,True
full_features,4class,random_forest,training_Utrecht_Utrecht_41,Utrecht,8,4,3,3,,True
full_features,4class,random_forest,training_Amsterdam_GE3T_109,Amsterdam,9,0,0,0,,True
full_features,4class,random_forest,training_Amsterdam_GE3T_113,Amsterdam,9,0,3,3,,True
full_features,4class,random_forest,training_Singapore_Singapore_52,Singapore,9,0,1,2,,True
full_features,4class,random_forest,training_Singapore_Singapore_57,Singapore,9,0,2,2,,True
full_features,4class,random_forest,training_Singapore_Singapore_62,Singapore,9,0,3,3,,True
full_features,4class,random_forest,training_Singapore_Singapore_63,Singapore,9,0,3,3,,True
full_features,4class,random_forest,training_Utrecht_Utrecht_11,Utrecht,9,0,0,1,,True
full_features,4class,random_forest,training_Utrecht_Utrecht_17,Utrecht,9,0,1,0,,True
full_features,4class,random_forest,training_Utrecht_Utrecht_27,Utrecht,9,0,0,0,,True
full_features,4class,random_forest,training_Utrecht_Utrecht_31,Utrecht,9,0,3,3,,True
full_features,4class,random_forest,training_Utrecht_Utrecht_35,Utrecht,9,0,0,1,,True
full_features,4class,random_forest,training_Utrecht_Utrecht_4,Utrecht,9,0,3,3,,True
full_features,4class,random_forest,training_Amsterdam_GE3T_100,Amsterdam,9,1,1,1,,True
full_features,4class,random_forest,training_Amsterdam_GE3T_101,Amsterdam,9,1,0,0,,True
full_features,4class,random_forest,training_Amsterdam_GE3T_104,Amsterdam,9,1,3,3,,True
full_features,4class,random_forest,training_Amsterdam_GE3T_108,Amsterdam,9,1,0,0,,True
full_features,4class,random_forest,training_Amsterdam_GE3T_126,Amsterdam,9,1,2,2,,True
full_features,4class,random_forest,training_Singapore_Singapore_54,Singapore,9,1,0,0,,True
full_features,4class,random_forest,training_Singapore_Singapore_64,Singapore,9,1,2,2,,True
full_features,4class,random_forest,training_Singapore_Singapore_65,Singapore,9,1,3,2,,True
full_features,4class,random_forest,training_Singapore_Singapore_67,Singapore,9,1,3,3,,True
full_features,4class,random_forest,training_Utrecht_Utrecht_21,Utrecht,9,1,3,3,,True
full_features,4class,random_forest,training_Utrecht_Utrecht_25,Utrecht,9,1,3,3,,True
full_features,4class,random_forest,training_Utrecht_Utrecht_33,Utrecht,9,1,1,1,,True
full_features,4class,random_forest,training_Amsterdam_GE3T_106,Amsterdam,9,2,0,0,,True
full_features,4class,random_forest,training_Amsterdam_GE3T_110,Amsterdam,9,2,0,0,,True
full_features,4class,random_forest,training_Amsterdam_GE3T_112,Amsterdam,9,2,1,1,,True
full_features,4class,random_forest,training_Amsterdam_GE3T_116,Amsterdam,9,2,0,0,,True
full_features,4class,random_forest,training_Amsterdam_GE3T_137,Amsterdam,9,2,1,1,,True
full_features,4class,random_forest,training_Singapore_Singapore_50,Singapore,9,2,3,3,,True
full_features,4class,random_forest,training_Singapore_Singapore_51,Singapore,9,2,3,3,,True
full_features,4class,random_forest,training_Singapore_Singapore_60,Singapore,9,2,3,2,,True
full_features,4class,random_forest,training_Singapore_Singapore_61,Singapore,9,2,2,2,,True
full_features,4class,random_forest,training_Singapore_Singapore_66,Singapore,9,2,2,1,,True
full_features,4class,random_forest,training_Utrecht_Utrecht_41,Utrecht,9,2,3,3,,True
full_features,4class,random_forest,training_Utrecht_Utrecht_49,Utrecht,9,2,3,3,,True
full_features,4class,random_forest,training_Amsterdam_GE3T_102,Amsterdam,9,3,1,0,,True
full_features,4class,random_forest,training_Amsterdam_GE3T_105,Amsterdam,9,3,2,2,,True
full_features,4class,random_forest,training_Amsterdam_GE3T_114,Amsterdam,9,3,2,1,,True
full_features,4class,random_forest,training_Amsterdam_GE3T_132,Amsterdam,9,3,3,3,,True
full_features,4class,random_forest,training_Amsterdam_GE3T_144,Amsterdam,9,3,0,0,,True
full_features,4class,random_forest,training_Singapore_Singapore_53,Singapore,9,3,0,0,,True
full_features,4class,random_forest,training_Singapore_Singapore_58,Singapore,9,3,0,0,,True
full_features,4class,random_forest,training_Singapore_Singapore_68,Singapore,9,3,3,2,,True
full_features,4class,random_forest,training_Utrecht_Utrecht_29,Utrecht,9,3,3,3,,True
full_features,4class,random_forest,training_Utrecht_Utrecht_37,Utrecht,9,3,3,3,,True
full_features,4class,random_forest,training_Utrecht_Utrecht_39,Utrecht,9,3,3,3,,True
full_features,4class,random_forest,training_Utrecht_Utrecht_6,Utrecht,9,3,0,0,,True
full_features,4class,random_forest,training_Amsterdam_GE3T_103,Amsterdam,9,4,3,3,,True
full_features,4class,random_forest,training_Amsterdam_GE3T_107,Amsterdam,9,4,1,2,,True
full_features,4class,random_forest,training_Amsterdam_GE3T_115,Amsterdam,9,4,0,2,,True
full_features,4class,random_forest,training_Singapore_Singapore_55,Singapore,9,4,0,0,,True
full_features,4class,random_forest,training_Singapore_Singapore_56,Singapore,9,4,2,3,,True
full_features,4class,random_forest,training_Singapore_Singapore_59,Singapore,9,4,3,2,,True
full_features,4class,random_forest,training_Singapore_Singapore_69,Singapore,9,4,3,3,,True
full_features,4class,random_forest,training_Utrecht_Utrecht_0,Utrecht,9,4,3,3,,True
full_features,4class,random_forest,training_Utrecht_Utrecht_19,Utrecht,9,4,2,3,,True
full_features,4class,random_forest,training_Utrecht_Utrecht_2,Utrecht,9,4,3,3,,True
full_features,4class,random_forest,training_Utrecht_Utrecht_23,Utrecht,9,4,0,0,,True
full_features,4class,random_forest,training_Utrecht_Utrecht_8,Utrecht,9,4,0,0,,True
full_features,3class,regression_then_threshold,training_Amsterdam_GE3T_100,Amsterdam,0,0,0,0,10.0,True
full_features,3class,regression_then_threshold,training_Amsterdam_GE3T_105,Amsterdam,0,0,1,1,10.0,True
full_features,3class,regression_then_threshold,training_Amsterdam_GE3T_107,Amsterdam,0,0,0,1,10.0,True
full_features,3class,regression_then_threshold,training_Amsterdam_GE3T_108,Amsterdam,0,0,0,0,10.0,True
full_features,3class,regression_then_threshold,training_Amsterdam_GE3T_116,Amsterdam,0,0,0,0,10.0,True
full_features,3class,regression_then_threshold,training_Singapore_Singapore_51,Singapore,0,0,2,2,10.0,True
full_features,3class,regression_then_threshold,training_Singapore_Singapore_54,Singapore,0,0,0,0,10.0,True
full_features,3class,regression_then_threshold,training_Singapore_Singapore_60,Singapore,0,0,2,1,10.0,True
full_features,3class,regression_then_threshold,training_Singapore_Singapore_67,Singapore,0,0,2,2,10.0,True
full_features,3class,regression_then_threshold,training_Singapore_Singapore_68,Singapore,0,0,2,2,10.0,True
full_features,3class,regression_then_threshold,training_Utrecht_Utrecht_0,Utrecht,0,0,2,2,10.0,True
full_features,3class,regression_then_threshold,training_Utrecht_Utrecht_11,Utrecht,0,0,0,0,10.0,True
full_features,3class,regression_then_threshold,training_Amsterdam_GE3T_113,Amsterdam,0,1,2,2,1.0,True
full_features,3class,regression_then_threshold,training_Amsterdam_GE3T_126,Amsterdam,0,1,1,2,1.0,True
full_features,3class,regression_then_threshold,training_Amsterdam_GE3T_132,Amsterdam,0,1,2,2,1.0,True
full_features,3class,regression_then_threshold,training_Amsterdam_GE3T_137,Amsterdam,0,1,0,0,1.0,True
full_features,3class,regression_then_threshold,training_Singapore_Singapore_53,Singapore,0,1,0,0,1.0,True
full_features,3class,regression_then_threshold,training_Singapore_Singapore_66,Singapore,0,1,1,0,1.0,True
full_features,3class,regression_then_threshold,training_Singapore_Singapore_69,Singapore,0,1,2,1,1.0,True
full_features,3class,regression_then_threshold,training_Utrecht_Utrecht_17,Utrecht,0,1,0,0,1.0,True
full_features,3class,regression_then_threshold,training_Utrecht_Utrecht_2,Utrecht,0,1,2,2,1.0,True
full_features,3class,regression_then_threshold,training_Utrecht_Utrecht_23,Utrecht,0,1,0,0,1.0,True
full_features,3class,regression_then_threshold,training_Utrecht_Utrecht_37,Utrecht,0,1,2,2,1.0,True
full_features,3class,regression_then_threshold,training_Utrecht_Utrecht_8,Utrecht,0,1,0,0,1.0,True
full_features,3class,regression_then_threshold,training_Amsterdam_GE3T_102,Amsterdam,0,2,0,0,0.1,True
full_features,3class,regression_then_threshold,training_Amsterdam_GE3T_103,Amsterdam,0,2,2,2,0.1,True
full_features,3class,regression_then_threshold,training_Amsterdam_GE3T_104,Amsterdam,0,2,2,2,0.1,True
full_features,3class,regression_then_threshold,training_Amsterdam_GE3T_106,Amsterdam,0,2,0,0,0.1,True
full_features,3class,regression_then_threshold,training_Amsterdam_GE3T_109,Amsterdam,0,2,0,0,0.1,True
full_features,3class,regression_then_threshold,training_Singapore_Singapore_52,Singapore,0,2,0,0,0.1,True
full_features,3class,regression_then_threshold,training_Singapore_Singapore_57,Singapore,0,2,1,1,0.1,True
full_features,3class,regression_then_threshold,training_Singapore_Singapore_64,Singapore,0,2,1,1,0.1,True
full_features,3class,regression_then_threshold,training_Singapore_Singapore_65,Singapore,0,2,2,2,0.1,True
full_features,3class,regression_then_threshold,training_Utrecht_Utrecht_27,Utrecht,0,2,0,0,0.1,True
full_features,3class,regression_then_threshold,training_Utrecht_Utrecht_29,Utrecht,0,2,2,2,0.1,True
full_features,3class,regression_then_threshold,training_Utrecht_Utrecht_49,Utrecht,0,2,2,2,0.1,True
full_features,3class,regression_then_threshold,training_Amsterdam_GE3T_114,Amsterdam,0,3,1,2,1.0,True
full_features,3class,regression_then_threshold,training_Amsterdam_GE3T_115,Amsterdam,0,3,0,0,1.0,True
full_features,3class,regression_then_threshold,training_Amsterdam_GE3T_144,Amsterdam,0,3,0,0,1.0,True
full_features,3class,regression_then_threshold,training_Singapore_Singapore_50,Singapore,0,3,2,2,1.0,True
full_features,3class,regression_then_threshold,training_Singapore_Singapore_55,Singapore,0,3,0,0,1.0,True
full_features,3class,regression_then_threshold,training_Singapore_Singapore_56,Singapore,0,3,1,1,1.0,True
full_features,3class,regression_then_threshold,training_Singapore_Singapore_63,Singapore,0,3,2,2,1.0,True
full_features,3class,regression_then_threshold,training_Utrecht_Utrecht_25,Utrecht,0,3,2,2,1.0,True
full_features,3class,regression_then_threshold,training_Utrecht_Utrecht_31,Utrecht,0,3,2,2,1.0,True
full_features,3class,regression_then_threshold,training_Utrecht_Utrecht_33,Utrecht,0,3,0,0,1.0,True
full_features,3class,regression_then_threshold,training_Utrecht_Utrecht_39,Utrecht,0,3,2,2,1.0,True
full_features,3class,regression_then_threshold,training_Utrecht_Utrecht_6,Utrecht,0,3,0,0,1.0,True
full_features,3class,regression_then_threshold,training_Amsterdam_GE3T_101,Amsterdam,0,4,0,0,1.0,True
full_features,3class,regression_then_threshold,training_Amsterdam_GE3T_110,Amsterdam,0,4,0,0,1.0,True
full_features,3class,regression_then_threshold,training_Amsterdam_GE3T_112,Amsterdam,0,4,0,0,1.0,True
full_features,3class,regression_then_threshold,training_Singapore_Singapore_58,Singapore,0,4,0,0,1.0,True
full_features,3class,regression_then_threshold,training_Singapore_Singapore_59,Singapore,0,4,2,1,1.0,True
full_features,3class,regression_then_threshold,training_Singapore_Singapore_61,Singapore,0,4,1,1,1.0,True
full_features,3class,regression_then_threshold,training_Singapore_Singapore_62,Singapore,0,4,2,2,1.0,True
full_features,3class,regression_then_threshold,training_Utrecht_Utrecht_19,Utrecht,0,4,1,2,1.0,True
full_features,3class,regression_then_threshold,training_Utrecht_Utrecht_21,Utrecht,0,4,2,2,1.0,True
full_features,3class,regression_then_threshold,training_Utrecht_Utrecht_35,Utrecht,0,4,0,0,1.0,True
full_features,3class,regression_then_threshold,training_Utrecht_Utrecht_4,Utrecht,0,4,2,2,1.0,True
full_features,3class,regression_then_threshold,training_Utrecht_Utrecht_41,Utrecht,0,4,2,2,1.0,True
full_features,3class,regression_then_threshold,training_Amsterdam_GE3T_101,Amsterdam,1,0,0,0,1.0,True
full_features,3class,regression_then_threshold,training_Amsterdam_GE3T_106,Amsterdam,1,0,0,0,1.0,True
full_features,3class,regression_then_threshold,training_Amsterdam_GE3T_107,Amsterdam,1,0,0,0,1.0,True
full_features,3class,regression_then_threshold,training_Amsterdam_GE3T_112,Amsterdam,1,0,0,0,1.0,True
full_features,3class,regression_then_threshold,training_Amsterdam_GE3T_113,Amsterdam,1,0,2,2,1.0,True
full_features,3class,regression_then_threshold,training_Singapore_Singapore_62,Singapore,1,0,2,2,1.0,True
full_features,3class,regression_then_threshold,training_Singapore_Singapore_66,Singapore,1,0,1,0,1.0,True
full_features,3class,regression_then_threshold,training_Singapore_Singapore_69,Singapore,1,0,2,1,1.0,True
full_features,3class,regression_then_threshold,training_Utrecht_Utrecht_2,Utrecht,1,0,2,2,1.0,True
full_features,3class,regression_then_threshold,training_Utrecht_Utrecht_27,Utrecht,1,0,0,0,1.0,True
full_features,3class,regression_then_threshold,training_Utrecht_Utrecht_35,Utrecht,1,0,0,0,1.0,True
full_features,3class,regression_then_threshold,training_Utrecht_Utrecht_49,Utrecht,1,0,2,2,1.0,True
full_features,3class,regression_then_threshold,training_Amsterdam_GE3T_114,Amsterdam,1,1,1,2,0.1,True
full_features,3class,regression_then_threshold,training_Amsterdam_GE3T_116,Amsterdam,1,1,0,0,0.1,True
full_features,3class,regression_then_threshold,training_Amsterdam_GE3T_137,Amsterdam,1,1,0,0,0.1,True
full_features,3class,regression_then_threshold,training_Amsterdam_GE3T_144,Amsterdam,1,1,0,0,0.1,True
full_features,3class,regression_then_threshold,training_Singapore_Singapore_50,Singapore,1,1,2,2,0.1,True
full_features,3class,regression_then_threshold,training_Singapore_Singapore_59,Singapore,1,1,2,1,0.1,True
full_features,3class,regression_then_threshold,training_Singapore_Singapore_65,Singapore,1,1,2,2,0.1,True
full_features,3class,regression_then_threshold,training_Singapore_Singapore_67,Singapore,1,1,2,2,0.1,True
full_features,3class,regression_then_threshold,training_Utrecht_Utrecht_11,Utrecht,1,1,0,0,0.1,True
full_features,3class,regression_then_threshold,training_Utrecht_Utrecht_17,Utrecht,1,1,0,0,0.1,True
full_features,3class,regression_then_threshold,training_Utrecht_Utrecht_19,Utrecht,1,1,1,2,0.1,True
full_features,3class,regression_then_threshold,training_Utrecht_Utrecht_37,Utrecht,1,1,2,2,0.1,True
full_features,3class,regression_then_threshold,training_Amsterdam_GE3T_100,Amsterdam,1,2,0,0,1.0,True
full_features,3class,regression_then_threshold,training_Amsterdam_GE3T_105,Amsterdam,1,2,1,1,1.0,True
full_features,3class,regression_then_threshold,training_Amsterdam_GE3T_110,Amsterdam,1,2,0,0,1.0,True
full_features,3class,regression_then_threshold,training_Amsterdam_GE3T_126,Amsterdam,1,2,1,2,1.0,True
full_features,3class,regression_then_threshold,training_Singapore_Singapore_52,Singapore,1,2,0,0,1.0,True
full_features,3class,regression_then_threshold,training_Singapore_Singapore_55,Singapore,1,2,0,0,1.0,True
full_features,3class,regression_then_threshold,training_Singapore_Singapore_60,Singapore,1,2,2,2,1.0,True
full_features,3class,regression_then_threshold,training_Singapore_Singapore_63,Singapore,1,2,2,2,1.0,True
full_features,3class,regression_then_threshold,training_Utrecht_Utrecht_21,Utrecht,1,2,2,2,1.0,True
full_features,3class,regression_then_threshold,training_Utrecht_Utrecht_39,Utrecht,1,2,2,2,1.0,True
full_features,3class,regression_then_threshold,training_Utrecht_Utrecht_41,Utrecht,1,2,2,2,1.0,True
full_features,3class,regression_then_threshold,training_Utrecht_Utrecht_6,Utrecht,1,2,0,0,1.0,True
full_features,3class,regression_then_threshold,training_Amsterdam_GE3T_103,Amsterdam,1,3,2,2,1.0,True
full_features,3class,regression_then_threshold,training_Amsterdam_GE3T_104,Amsterdam,1,3,2,2,1.0,True
full_features,3class,regression_then_threshold,training_Amsterdam_GE3T_109,Amsterdam,1,3,0,0,1.0,True
full_features,3class,regression_then_threshold,training_Singapore_Singapore_51,Singapore,1,3,2,2,1.0,True
full_features,3class,regression_then_threshold,training_Singapore_Singapore_53,Singapore,1,3,0,0,1.0,True
full_features,3class,regression_then_threshold,training_Singapore_Singapore_56,Singapore,1,3,1,1,1.0,True
full_features,3class,regression_then_threshold,training_Singapore_Singapore_58,Singapore,1,3,0,0,1.0,True
full_features,3class,regression_then_threshold,training_Singapore_Singapore_61,Singapore,1,3,1,1,1.0,True
full_features,3class,regression_then_threshold,training_Singapore_Singapore_68,Singapore,1,3,2,2,1.0,True
full_features,3class,regression_then_threshold,training_Utrecht_Utrecht_23,Utrecht,1,3,0,0,1.0,True
full_features,3class,regression_then_threshold,training_Utrecht_Utrecht_33,Utrecht,1,3,0,0,1.0,True
full_features,3class,regression_then_threshold,training_Utrecht_Utrecht_4,Utrecht,1,3,2,2,1.0,True
full_features,3class,regression_then_threshold,training_Amsterdam_GE3T_102,Amsterdam,1,4,0,0,0.1,True
full_features,3class,regression_then_threshold,training_Amsterdam_GE3T_108,Amsterdam,1,4,0,0,0.1,True
full_features,3class,regression_then_threshold,training_Amsterdam_GE3T_115,Amsterdam,1,4,0,0,0.1,True
full_features,3class,regression_then_threshold,training_Amsterdam_GE3T_132,Amsterdam,1,4,2,2,0.1,True
full_features,3class,regression_then_threshold,training_Singapore_Singapore_54,Singapore,1,4,0,0,0.1,True
full_features,3class,regression_then_threshold,training_Singapore_Singapore_57,Singapore,1,4,1,1,0.1,True
full_features,3class,regression_then_threshold,training_Singapore_Singapore_64,Singapore,1,4,1,1,0.1,True
full_features,3class,regression_then_threshold,training_Utrecht_Utrecht_0,Utrecht,1,4,2,2,0.1,True
full_features,3class,regression_then_threshold,training_Utrecht_Utrecht_25,Utrecht,1,4,2,2,0.1,True
full_features,3class,regression_then_threshold,training_Utrecht_Utrecht_29,Utrecht,1,4,2,2,0.1,True
full_features,3class,regression_then_threshold,training_Utrecht_Utrecht_31,Utrecht,1,4,2,2,0.1,True
full_features,3class,regression_then_threshold,training_Utrecht_Utrecht_8,Utrecht,1,4,0,0,0.1,True
full_features,3class,regression_then_threshold,training_Amsterdam_GE3T_101,Amsterdam,2,0,0,0,1.0,True
full_features,3class,regression_then_threshold,training_Amsterdam_GE3T_104,Amsterdam,2,0,2,2,1.0,True
full_features,3class,regression_then_threshold,training_Amsterdam_GE3T_114,Amsterdam,2,0,1,2,1.0,True
full_features,3class,regression_then_threshold,training_Singapore_Singapore_52,Singapore,2,0,0,0,1.0,True
full_features,3class,regression_then_threshold,training_Singapore_Singapore_55,Singapore,2,0,0,0,1.0,True
full_features,3class,regression_then_threshold,training_Singapore_Singapore_65,Singapore,2,0,2,2,1.0,True
full_features,3class,regression_then_threshold,training_Utrecht_Utrecht_17,Utrecht,2,0,0,0,1.0,True
full_features,3class,regression_then_threshold,training_Utrecht_Utrecht_35,Utrecht,2,0,0,0,1.0,True
full_features,3class,regression_then_threshold,training_Utrecht_Utrecht_4,Utrecht,2,0,2,2,1.0,True
full_features,3class,regression_then_threshold,training_Utrecht_Utrecht_41,Utrecht,2,0,2,2,1.0,True
full_features,3class,regression_then_threshold,training_Utrecht_Utrecht_49,Utrecht,2,0,2,2,1.0,True
full_features,3class,regression_then_threshold,training_Utrecht_Utrecht_6,Utrecht,2,0,0,0,1.0,True
full_features,3class,regression_then_threshold,training_Amsterdam_GE3T_103,Amsterdam,2,1,2,2,1.0,True
full_features,3class,regression_then_threshold,training_Amsterdam_GE3T_112,Amsterdam,2,1,0,0,1.0,True
full_features,3class,regression_then_threshold,training_Amsterdam_GE3T_137,Amsterdam,2,1,0,0,1.0,True
full_features,3class,regression_then_threshold,training_Singapore_Singapore_53,Singapore,2,1,0,0,1.0,True
full_features,3class,regression_then_threshold,training_Singapore_Singapore_56,Singapore,2,1,1,1,1.0,True
full_features,3class,regression_then_threshold,training_Singapore_Singapore_58,Singapore,2,1,0,0,1.0,True
full_features,3class,regression_then_threshold,training_Singapore_Singapore_59,Singapore,2,1,2,1,1.0,True
full_features,3class,regression_then_threshold,training_Singapore_Singapore_66,Singapore,2,1,1,0,1.0,True
full_features,3class,regression_then_threshold,training_Utrecht_Utrecht_21,Utrecht,2,1,2,2,1.0,True
full_features,3class,regression_then_threshold,training_Utrecht_Utrecht_27,Utrecht,2,1,0,0,1.0,True
full_features,3class,regression_then_threshold,training_Utrecht_Utrecht_31,Utrecht,2,1,2,2,1.0,True
full_features,3class,regression_then_threshold,training_Utrecht_Utrecht_37,Utrecht,2,1,2,2,1.0,True
full_features,3class,regression_then_threshold,training_Amsterdam_GE3T_100,Amsterdam,2,2,0,0,1.0,True
full_features,3class,regression_then_threshold,training_Amsterdam_GE3T_107,Amsterdam,2,2,0,1,1.0,True
full_features,3class,regression_then_threshold,training_Amsterdam_GE3T_109,Amsterdam,2,2,0,0,1.0,True
full_features,3class,regression_then_threshold,training_Amsterdam_GE3T_116,Amsterdam,2,2,0,0,1.0,True
full_features,3class,regression_then_threshold,training_Amsterdam_GE3T_126,Amsterdam,2,2,1,2,1.0,True
full_features,3class,regression_then_threshold,training_Singapore_Singapore_57,Singapore,2,2,1,1,1.0,True
full_features,3class,regression_then_threshold,training_Singapore_Singapore_63,Singapore,2,2,2,2,1.0,True
full_features,3class,regression_then_threshold,training_Utrecht_Utrecht_0,Utrecht,2,2,2,2,1.0,True
full_features,3class,regression_then_threshold,training_Utrecht_Utrecht_11,Utrecht,2,2,0,0,1.0,True
full_features,3class,regression_then_threshold,training_Utrecht_Utrecht_2,Utrecht,2,2,2,2,1.0,True
full_features,3class,regression_then_threshold,training_Utrecht_Utrecht_29,Utrecht,2,2,2,2,1.0,True
full_features,3class,regression_then_threshold,training_Utrecht_Utrecht_39,Utrecht,2,2,2,2,1.0,True
full_features,3class,regression_then_threshold,training_Amsterdam_GE3T_110,Amsterdam,2,3,0,0,0.1,True
full_features,3class,regression_then_threshold,training_Amsterdam_GE3T_113,Amsterdam,2,3,2,2,0.1,True
full_features,3class,regression_then_threshold,training_Amsterdam_GE3T_132,Amsterdam,2,3,2,2,0.1,True
full_features,3class,regression_then_threshold,training_Amsterdam_GE3T_144,Amsterdam,2,3,0,0,0.1,True
full_features,3class,regression_then_threshold,training_Singapore_Singapore_51,Singapore,2,3,2,2,0.1,True
full_features,3class,regression_then_threshold,training_Singapore_Singapore_54,Singapore,2,3,0,0,0.1,True
full_features,3class,regression_then_threshold,training_Singapore_Singapore_60,Singapore,2,3,2,2,0.1,True
full_features,3class,regression_then_threshold,training_Singapore_Singapore_61,Singapore,2,3,1,1,0.1,True
full_features,3class,regression_then_threshold,training_Utrecht_Utrecht_19,Utrecht,2,3,1,2,0.1,True
full_features,3class,regression_then_threshold,training_Utrecht_Utrecht_25,Utrecht,2,3,2,2,0.1,True
full_features,3class,regression_then_threshold,training_Utrecht_Utrecht_33,Utrecht,2,3,0,0,0.1,True
full_features,3class,regression_then_threshold,training_Utrecht_Utrecht_8,Utrecht,2,3,0,0,0.1,True
full_features,3class,regression_then_threshold,training_Amsterdam_GE3T_102,Amsterdam,2,4,0,0,0.1,True
full_features,3class,regression_then_threshold,training_Amsterdam_GE3T_105,Amsterdam,2,4,1,1,0.1,True
full_features,3class,regression_then_threshold,training_Amsterdam_GE3T_106,Amsterdam,2,4,0,0,0.1,True
full_features,3class,regression_then_threshold,training_Amsterdam_GE3T_108,Amsterdam,2,4,0,0,0.1,True
full_features,3class,regression_then_threshold,training_Amsterdam_GE3T_115,Amsterdam,2,4,0,0,0.1,True
full_features,3class,regression_then_threshold,training_Singapore_Singapore_50,Singapore,2,4,2,2,0.1,True
full_features,3class,regression_then_threshold,training_Singapore_Singapore_62,Singapore,2,4,2,2,0.1,True
full_features,3class,regression_then_threshold,training_Singapore_Singapore_64,Singapore,2,4,1,1,0.1,True
full_features,3class,regression_then_threshold,training_Singapore_Singapore_67,Singapore,2,4,2,2,0.1,True
full_features,3class,regression_then_threshold,training_Singapore_Singapore_68,Singapore,2,4,2,2,0.1,True
full_features,3class,regression_then_threshold,training_Singapore_Singapore_69,Singapore,2,4,2,1,0.1,True
full_features,3class,regression_then_threshold,training_Utrecht_Utrecht_23,Utrecht,2,4,0,0,0.1,True
full_features,3class,regression_then_threshold,training_Amsterdam_GE3T_107,Amsterdam,3,0,0,0,0.1,True
full_features,3class,regression_then_threshold,training_Amsterdam_GE3T_108,Amsterdam,3,0,0,0,0.1,True
full_features,3class,regression_then_threshold,training_Amsterdam_GE3T_113,Amsterdam,3,0,2,2,0.1,True
full_features,3class,regression_then_threshold,training_Amsterdam_GE3T_144,Amsterdam,3,0,0,0,0.1,True
full_features,3class,regression_then_threshold,training_Singapore_Singapore_54,Singapore,3,0,0,0,0.1,True
full_features,3class,regression_then_threshold,training_Singapore_Singapore_64,Singapore,3,0,1,1,0.1,True
full_features,3class,regression_then_threshold,training_Singapore_Singapore_65,Singapore,3,0,2,2,0.1,True
full_features,3class,regression_then_threshold,training_Singapore_Singapore_68,Singapore,3,0,2,2,0.1,True
full_features,3class,regression_then_threshold,training_Singapore_Singapore_69,Singapore,3,0,2,1,0.1,True
full_features,3class,regression_then_threshold,training_Utrecht_Utrecht_17,Utrecht,3,0,0,0,0.1,True
full_features,3class,regression_then_threshold,training_Utrecht_Utrecht_27,Utrecht,3,0,0,0,0.1,True
full_features,3class,regression_then_threshold,training_Utrecht_Utrecht_49,Utrecht,3,0,2,2,0.1,True
full_features,3class,regression_then_threshold,training_Amsterdam_GE3T_101,Amsterdam,3,1,0,0,1.0,True
full_features,3class,regression_then_threshold,training_Amsterdam_GE3T_102,Amsterdam,3,1,0,0,1.0,True
full_features,3class,regression_then_threshold,training_Amsterdam_GE3T_104,Amsterdam,3,1,2,2,1.0,True
full_features,3class,regression_then_threshold,training_Amsterdam_GE3T_115,Amsterdam,3,1,0,0,1.0,True
full_features,3class,regression_then_threshold,training_Amsterdam_GE3T_137,Amsterdam,3,1,0,0,1.0,True
full_features,3class,regression_then_threshold,training_Singapore_Singapore_56,Singapore,3,1,1,1,1.0,True
full_features,3class,regression_then_threshold,training_Singapore_Singapore_57,Singapore,3,1,1,1,1.0,True
full_features,3class,regression_then_threshold,training_Singapore_Singapore_62,Singapore,3,1,2,2,1.0,True
full_features,3class,regression_then_threshold,training_Utrecht_Utrecht_0,Utrecht,3,1,2,2,1.0,True
full_features,3class,regression_then_threshold,training_Utrecht_Utrecht_31,Utrecht,3,1,2,2,1.0,True
full_features,3class,regression_then_threshold,training_Utrecht_Utrecht_4,Utrecht,3,1,2,2,1.0,True
full_features,3class,regression_then_threshold,training_Utrecht_Utrecht_6,Utrecht,3,1,0,0,1.0,True
full_features,3class,regression_then_threshold,training_Amsterdam_GE3T_106,Amsterdam,3,2,0,0,1.0,True
full_features,3class,regression_then_threshold,training_Amsterdam_GE3T_110,Amsterdam,3,2,0,0,1.0,True
full_features,3class,regression_then_threshold,training_Amsterdam_GE3T_126,Amsterdam,3,2,1,2,1.0,True
full_features,3class,regression_then_threshold,training_Amsterdam_GE3T_132,Amsterdam,3,2,2,2,1.0,True
full_features,3class,regression_then_threshold,training_Singapore_Singapore_52,Singapore,3,2,0,0,1.0,True
full_features,3class,regression_then_threshold,training_Singapore_Singapore_59,Singapore,3,2,2,1,1.0,True
full_features,3class,regression_then_threshold,training_Utrecht_Utrecht_11,Utrecht,3,2,0,0,1.0,True
full_features,3class,regression_then_threshold,training_Utrecht_Utrecht_19,Utrecht,3,2,1,2,1.0,True
full_features,3class,regression_then_threshold,training_Utrecht_Utrecht_2,Utrecht,3,2,2,2,1.0,True
full_features,3class,regression_then_threshold,training_Utrecht_Utrecht_33,Utrecht,3,2,0,0,1.0,True
full_features,3class,regression_then_threshold,training_Utrecht_Utrecht_37,Utrecht,3,2,2,2,1.0,True
full_features,3class,regression_then_threshold,training_Utrecht_Utrecht_39,Utrecht,3,2,2,2,1.0,True
full_features,3class,regression_then_threshold,training_Amsterdam_GE3T_100,Amsterdam,3,3,0,0,1.0,True
full_features,3class,regression_then_threshold,training_Amsterdam_GE3T_114,Amsterdam,3,3,1,2,1.0,True
full_features,3class,regression_then_threshold,training_Singapore_Singapore_50,Singapore,3,3,2,2,1.0,True
full_features,3class,regression_then_threshold,training_Singapore_Singapore_51,Singapore,3,3,2,2,1.0,True
full_features,3class,regression_then_threshold,training_Singapore_Singapore_53,Singapore,3,3,0,0,1.0,True
full_features,3class,regression_then_threshold,training_Singapore_Singapore_55,Singapore,3,3,0,0,1.0,True
full_features,3class,regression_then_threshold,training_Singapore_Singapore_61,Singapore,3,3,1,1,1.0,True
full_features,3class,regression_then_threshold,training_Singapore_Singapore_63,Singapore,3,3,2,2,1.0,True
full_features,3class,regression_then_threshold,training_Utrecht_Utrecht_29,Utrecht,3,3,2,2,1.0,True
full_features,3class,regression_then_threshold,training_Utrecht_Utrecht_35,Utrecht,3,3,0,0,1.0,True
full_features,3class,regression_then_threshold,training_Utrecht_Utrecht_41,Utrecht,3,3,2,2,1.0,True
full_features,3class,regression_then_threshold,training_Utrecht_Utrecht_8,Utrecht,3,3,0,0,1.0,True
full_features,3class,regression_then_threshold,training_Amsterdam_GE3T_103,Amsterdam,3,4,2,2,1.0,True
full_features,3class,regression_then_threshold,training_Amsterdam_GE3T_105,Amsterdam,3,4,1,1,1.0,True
full_features,3class,regression_then_threshold,training_Amsterdam_GE3T_109,Amsterdam,3,4,0,0,1.0,True
full_features,3class,regression_then_threshold,training_Amsterdam_GE3T_112,Amsterdam,3,4,0,0,1.0,True
full_features,3class,regression_then_threshold,training_Amsterdam_GE3T_116,Amsterdam,3,4,0,0,1.0,True
full_features,3class,regression_then_threshold,training_Singapore_Singapore_58,Singapore,3,4,0,0,1.0,True
full_features,3class,regression_then_threshold,training_Singapore_Singapore_60,Singapore,3,4,2,2,1.0,True
full_features,3class,regression_then_threshold,training_Singapore_Singapore_66,Singapore,3,4,1,0,1.0,True
full_features,3class,regression_then_threshold,training_Singapore_Singapore_67,Singapore,3,4,2,2,1.0,True
full_features,3class,regression_then_threshold,training_Utrecht_Utrecht_21,Utrecht,3,4,2,2,1.0,True
full_features,3class,regression_then_threshold,training_Utrecht_Utrecht_23,Utrecht,3,4,0,0,1.0,True
full_features,3class,regression_then_threshold,training_Utrecht_Utrecht_25,Utrecht,3,4,2,2,1.0,True
full_features,3class,regression_then_threshold,training_Amsterdam_GE3T_100,Amsterdam,4,0,0,0,1.0,True
full_features,3class,regression_then_threshold,training_Amsterdam_GE3T_104,Amsterdam,4,0,2,2,1.0,True
full_features,3class,regression_then_threshold,training_Amsterdam_GE3T_113,Amsterdam,4,0,2,2,1.0,True
full_features,3class,regression_then_threshold,training_Amsterdam_GE3T_116,Amsterdam,4,0,0,0,1.0,True
full_features,3class,regression_then_threshold,training_Singapore_Singapore_54,Singapore,4,0,0,0,1.0,True
full_features,3class,regression_then_threshold,training_Singapore_Singapore_61,Singapore,4,0,1,1,1.0,True
full_features,3class,regression_then_threshold,training_Singapore_Singapore_69,Singapore,4,0,2,1,1.0,True
full_features,3class,regression_then_threshold,training_Utrecht_Utrecht_11,Utrecht,4,0,0,0,1.0,True
full_features,3class,regression_then_threshold,training_Utrecht_Utrecht_17,Utrecht,4,0,0,0,1.0,True
full_features,3class,regression_then_threshold,training_Utrecht_Utrecht_23,Utrecht,4,0,0,0,1.0,True
full_features,3class,regression_then_threshold,training_Utrecht_Utrecht_25,Utrecht,4,0,2,2,1.0,True
full_features,3class,regression_then_threshold,training_Utrecht_Utrecht_41,Utrecht,4,0,2,2,1.0,True
full_features,3class,regression_then_threshold,training_Amsterdam_GE3T_109,Amsterdam,4,1,0,0,0.1,True
full_features,3class,regression_then_threshold,training_Amsterdam_GE3T_112,Amsterdam,4,1,0,0,0.1,True
full_features,3class,regression_then_threshold,training_Amsterdam_GE3T_114,Amsterdam,4,1,1,2,0.1,True
full_features,3class,regression_then_threshold,training_Singapore_Singapore_51,Singapore,4,1,2,2,0.1,True
full_features,3class,regression_then_threshold,training_Singapore_Singapore_57,Singapore,4,1,1,1,0.1,True
full_features,3class,regression_then_threshold,training_Singapore_Singapore_62,Singapore,4,1,2,2,0.1,True
full_features,3class,regression_then_threshold,training_Utrecht_Utrecht_21,Utrecht,4,1,2,2,0.1,True
full_features,3class,regression_then_threshold,training_Utrecht_Utrecht_27,Utrecht,4,1,0,0,0.1,True
full_features,3class,regression_then_threshold,training_Utrecht_Utrecht_29,Utrecht,4,1,2,2,0.1,True
full_features,3class,regression_then_threshold,training_Utrecht_Utrecht_33,Utrecht,4,1,0,0,0.1,True
full_features,3class,regression_then_threshold,training_Utrecht_Utrecht_37,Utrecht,4,1,2,2,0.1,True
full_features,3class,regression_then_threshold,training_Utrecht_Utrecht_6,Utrecht,4,1,0,0,0.1,True
full_features,3class,regression_then_threshold,training_Amsterdam_GE3T_101,Amsterdam,4,2,0,0,1.0,True
full_features,3class,regression_then_threshold,training_Amsterdam_GE3T_103,Amsterdam,4,2,2,2,1.0,True
full_features,3class,regression_then_threshold,training_Amsterdam_GE3T_107,Amsterdam,4,2,0,0,1.0,True
full_features,3class,regression_then_threshold,training_Amsterdam_GE3T_126,Amsterdam,4,2,1,2,1.0,True
full_features,3class,regression_then_threshold,training_Singapore_Singapore_50,Singapore,4,2,2,2,1.0,True
full_features,3class,regression_then_threshold,training_Singapore_Singapore_52,Singapore,4,2,0,0,1.0,True
full_features,3class,regression_then_threshold,training_Singapore_Singapore_53,Singapore,4,2,0,0,1.0,True
full_features,3class,regression_then_threshold,training_Singapore_Singapore_59,Singapore,4,2,2,1,1.0,True
full_features,3class,regression_then_threshold,training_Singapore_Singapore_60,Singapore,4,2,2,2,1.0,True
full_features,3class,regression_then_threshold,training_Singapore_Singapore_65,Singapore,4,2,2,2,1.0,True
full_features,3class,regression_then_threshold,training_Singapore_Singapore_66,Singapore,4,2,1,0,1.0,True
full_features,3class,regression_then_threshold,training_Utrecht_Utrecht_35,Utrecht,4,2,0,0,1.0,True
full_features,3class,regression_then_threshold,training_Amsterdam_GE3T_102,Amsterdam,4,3,0,0,1.0,True
full_features,3class,regression_then_threshold,training_Amsterdam_GE3T_105,Amsterdam,4,3,1,1,1.0,True
full_features,3class,regression_then_threshold,training_Amsterdam_GE3T_106,Amsterdam,4,3,0,0,1.0,True
full_features,3class,regression_then_threshold,training_Amsterdam_GE3T_115,Amsterdam,4,3,0,0,1.0,True
full_features,3class,regression_then_threshold,training_Amsterdam_GE3T_144,Amsterdam,4,3,0,0,1.0,True
full_features,3class,regression_then_threshold,training_Singapore_Singapore_55,Singapore,4,3,0,0,1.0,True
full_features,3class,regression_then_threshold,training_Singapore_Singapore_56,Singapore,4,3,1,1,1.0,True
full_features,3class,regression_then_threshold,training_Singapore_Singapore_67,Singapore,4,3,2,2,1.0,True
full_features,3class,regression_then_threshold,training_Singapore_Singapore_68,Singapore,4,3,2,2,1.0,True
full_features,3class,regression_then_threshold,training_Utrecht_Utrecht_2,Utrecht,4,3,2,2,1.0,True
full_features,3class,regression_then_threshold,training_Utrecht_Utrecht_39,Utrecht,4,3,2,2,1.0,True
full_features,3class,regression_then_threshold,training_Utrecht_Utrecht_49,Utrecht,4,3,2,2,1.0,True
full_features,3class,regression_then_threshold,training_Amsterdam_GE3T_108,Amsterdam,4,4,0,0,1.0,True
full_features,3class,regression_then_threshold,training_Amsterdam_GE3T_110,Amsterdam,4,4,0,0,1.0,True
full_features,3class,regression_then_threshold,training_Amsterdam_GE3T_132,Amsterdam,4,4,2,2,1.0,True
full_features,3class,regression_then_threshold,training_Amsterdam_GE3T_137,Amsterdam,4,4,0,0,1.0,True
full_features,3class,regression_then_threshold,training_Singapore_Singapore_58,Singapore,4,4,0,0,1.0,True
full_features,3class,regression_then_threshold,training_Singapore_Singapore_63,Singapore,4,4,2,2,1.0,True
full_features,3class,regression_then_threshold,training_Singapore_Singapore_64,Singapore,4,4,1,1,1.0,True
full_features,3class,regression_then_threshold,training_Utrecht_Utrecht_0,Utrecht,4,4,2,2,1.0,True
full_features,3class,regression_then_threshold,training_Utrecht_Utrecht_19,Utrecht,4,4,1,2,1.0,True
full_features,3class,regression_then_threshold,training_Utrecht_Utrecht_31,Utrecht,4,4,2,2,1.0,True
full_features,3class,regression_then_threshold,training_Utrecht_Utrecht_4,Utrecht,4,4,2,2,1.0,True
full_features,3class,regression_then_threshold,training_Utrecht_Utrecht_8,Utrecht,4,4,0,0,1.0,True
full_features,3class,regression_then_threshold,training_Amsterdam_GE3T_100,Amsterdam,5,0,0,0,1.0,True
full_features,3class,regression_then_threshold,training_Amsterdam_GE3T_105,Amsterdam,5,0,1,1,1.0,True
full_features,3class,regression_then_threshold,training_Amsterdam_GE3T_109,Amsterdam,5,0,0,0,1.0,True
full_features,3class,regression_then_threshold,training_Amsterdam_GE3T_137,Amsterdam,5,0,0,0,1.0,True
full_features,3class,regression_then_threshold,training_Singapore_Singapore_55,Singapore,5,0,0,0,1.0,True
full_features,3class,regression_then_threshold,training_Singapore_Singapore_67,Singapore,5,0,2,2,1.0,True
full_features,3class,regression_then_threshold,training_Utrecht_Utrecht_0,Utrecht,5,0,2,2,1.0,True
full_features,3class,regression_then_threshold,training_Utrecht_Utrecht_2,Utrecht,5,0,2,2,1.0,True
full_features,3class,regression_then_threshold,training_Utrecht_Utrecht_27,Utrecht,5,0,0,0,1.0,True
full_features,3class,regression_then_threshold,training_Utrecht_Utrecht_31,Utrecht,5,0,2,2,1.0,True
full_features,3class,regression_then_threshold,training_Utrecht_Utrecht_35,Utrecht,5,0,0,0,1.0,True
full_features,3class,regression_then_threshold,training_Utrecht_Utrecht_41,Utrecht,5,0,2,2,1.0,True
full_features,3class,regression_then_threshold,training_Amsterdam_GE3T_101,Amsterdam,5,1,0,0,0.1,True
full_features,3class,regression_then_threshold,training_Amsterdam_GE3T_102,Amsterdam,5,1,0,0,0.1,True
full_features,3class,regression_then_threshold,training_Amsterdam_GE3T_106,Amsterdam,5,1,0,0,0.1,True
full_features,3class,regression_then_threshold,training_Amsterdam_GE3T_126,Amsterdam,5,1,1,2,0.1,True
full_features,3class,regression_then_threshold,training_Singapore_Singapore_50,Singapore,5,1,2,2,0.1,True
full_features,3class,regression_then_threshold,training_Singapore_Singapore_52,Singapore,5,1,0,0,0.1,True
full_features,3class,regression_then_threshold,training_Singapore_Singapore_56,Singapore,5,1,1,1,0.1,True
full_features,3class,regression_then_threshold,training_Singapore_Singapore_60,Singapore,5,1,2,2,0.1,True
full_features,3class,regression_then_threshold,training_Singapore_Singapore_62,Singapore,5,1,2,2,0.1,True
full_features,3class,regression_then_threshold,training_Singapore_Singapore_63,Singapore,5,1,2,2,0.1,True
full_features,3class,regression_then_threshold,training_Utrecht_Utrecht_11,Utrecht,5,1,0,0,0.1,True
full_features,3class,regression_then_threshold,training_Utrecht_Utrecht_21,Utrecht,5,1,2,2,0.1,True
full_features,3class,regression_then_threshold,training_Amsterdam_GE3T_104,Amsterdam,5,2,2,2,0.1,True
full_features,3class,regression_then_threshold,training_Amsterdam_GE3T_107,Amsterdam,5,2,0,1,0.1,True
full_features,3class,regression_then_threshold,training_Amsterdam_GE3T_108,Amsterdam,5,2,0,0,0.1,True
full_features,3class,regression_then_threshold,training_Amsterdam_GE3T_114,Amsterdam,5,2,1,2,0.1,True
full_features,3class,regression_then_threshold,training_Amsterdam_GE3T_115,Amsterdam,5,2,0,0,0.1,True
full_features,3class,regression_then_threshold,training_Amsterdam_GE3T_132,Amsterdam,5,2,2,2,0.1,True
full_features,3class,regression_then_threshold,training_Singapore_Singapore_51,Singapore,5,2,2,2,0.1,True
full_features,3class,regression_then_threshold,training_Singapore_Singapore_57,Singapore,5,2,1,1,0.1,True
full_features,3class,regression_then_threshold,training_Singapore_Singapore_68,Singapore,5,2,2,2,0.1,True
full_features,3class,regression_then_threshold,training_Utrecht_Utrecht_23,Utrecht,5,2,0,0,0.1,True
full_features,3class,regression_then_threshold,training_Utrecht_Utrecht_33,Utrecht,5,2,0,0,0.1,True
full_features,3class,regression_then_threshold,training_Utrecht_Utrecht_39,Utrecht,5,2,2,2,0.1,True
full_features,3class,regression_then_threshold,training_Amsterdam_GE3T_103,Amsterdam,5,3,2,2,0.1,True
full_features,3class,regression_then_threshold,training_Amsterdam_GE3T_110,Amsterdam,5,3,0,0,0.1,True
full_features,3class,regression_then_threshold,training_Amsterdam_GE3T_112,Amsterdam,5,3,0,0,0.1,True
full_features,3class,regression_then_threshold,training_Amsterdam_GE3T_113,Amsterdam,5,3,2,2,0.1,True
full_features,3class,regression_then_threshold,training_Amsterdam_GE3T_116,Amsterdam,5,3,0,0,0.1,True
full_features,3class,regression_then_threshold,training_Singapore_Singapore_54,Singapore,5,3,0,0,0.1,True
full_features,3class,regression_then_threshold,training_Singapore_Singapore_58,Singapore,5,3,0,0,0.1,True
full_features,3class,regression_then_threshold,training_Singapore_Singapore_59,Singapore,5,3,2,1,0.1,True
full_features,3class,regression_then_threshold,training_Singapore_Singapore_66,Singapore,5,3,1,0,0.1,True
full_features,3class,regression_then_threshold,training_Utrecht_Utrecht_19,Utrecht,5,3,1,2,0.1,True
full_features,3class,regression_then_threshold,training_Utrecht_Utrecht_25,Utrecht,5,3,2,2,0.1,True
full_features,3class,regression_then_threshold,training_Utrecht_Utrecht_4,Utrecht,5,3,2,2,0.1,True
full_features,3class,regression_then_threshold,training_Amsterdam_GE3T_144,Amsterdam,5,4,0,0,0.1,True
full_features,3class,regression_then_threshold,training_Singapore_Singapore_53,Singapore,5,4,0,0,0.1,True
full_features,3class,regression_then_threshold,training_Singapore_Singapore_61,Singapore,5,4,1,1,0.1,True
full_features,3class,regression_then_threshold,training_Singapore_Singapore_64,Singapore,5,4,1,1,0.1,True
full_features,3class,regression_then_threshold,training_Singapore_Singapore_65,Singapore,5,4,2,2,0.1,True
full_features,3class,regression_then_threshold,training_Singapore_Singapore_69,Singapore,5,4,2,1,0.1,True
full_features,3class,regression_then_threshold,training_Utrecht_Utrecht_17,Utrecht,5,4,0,0,0.1,True
full_features,3class,regression_then_threshold,training_Utrecht_Utrecht_29,Utrecht,5,4,2,2,0.1,True
full_features,3class,regression_then_threshold,training_Utrecht_Utrecht_37,Utrecht,5,4,2,2,0.1,True
full_features,3class,regression_then_threshold,training_Utrecht_Utrecht_49,Utrecht,5,4,2,2,0.1,True
full_features,3class,regression_then_threshold,training_Utrecht_Utrecht_6,Utrecht,5,4,0,0,0.1,True
full_features,3class,regression_then_threshold,training_Utrecht_Utrecht_8,Utrecht,5,4,0,0,0.1,True
full_features,3class,regression_then_threshold,training_Amsterdam_GE3T_107,Amsterdam,6,0,0,0,1.0,True
full_features,3class,regression_then_threshold,training_Amsterdam_GE3T_109,Amsterdam,6,0,0,0,1.0,True
full_features,3class,regression_then_threshold,training_Amsterdam_GE3T_113,Amsterdam,6,0,2,2,1.0,True
full_features,3class,regression_then_threshold,training_Singapore_Singapore_52,Singapore,6,0,0,0,1.0,True
full_features,3class,regression_then_threshold,training_Singapore_Singapore_58,Singapore,6,0,0,0,1.0,True
full_features,3class,regression_then_threshold,training_Singapore_Singapore_64,Singapore,6,0,1,1,1.0,True
full_features,3class,regression_then_threshold,training_Utrecht_Utrecht_0,Utrecht,6,0,2,2,1.0,True
full_features,3class,regression_then_threshold,training_Utrecht_Utrecht_11,Utrecht,6,0,0,0,1.0,True
full_features,3class,regression_then_threshold,training_Utrecht_Utrecht_29,Utrecht,6,0,2,2,1.0,True
full_features,3class,regression_then_threshold,training_Utrecht_Utrecht_4,Utrecht,6,0,2,2,1.0,True
full_features,3class,regression_then_threshold,training_Utrecht_Utrecht_49,Utrecht,6,0,2,2,1.0,True
full_features,3class,regression_then_threshold,training_Utrecht_Utrecht_6,Utrecht,6,0,0,0,1.0,True
full_features,3class,regression_then_threshold,training_Amsterdam_GE3T_102,Amsterdam,6,1,0,0,0.1,True
full_features,3class,regression_then_threshold,training_Amsterdam_GE3T_106,Amsterdam,6,1,0,0,0.1,True
full_features,3class,regression_then_threshold,training_Amsterdam_GE3T_115,Amsterdam,6,1,0,0,0.1,True
full_features,3class,regression_then_threshold,training_Singapore_Singapore_50,Singapore,6,1,2,2,0.1,True
full_features,3class,regression_then_threshold,training_Singapore_Singapore_56,Singapore,6,1,1,1,0.1,True
full_features,3class,regression_then_threshold,training_Singapore_Singapore_62,Singapore,6,1,2,2,0.1,True
full_features,3class,regression_then_threshold,training_Singapore_Singapore_67,Singapore,6,1,2,2,0.1,True
full_features,3class,regression_then_threshold,training_Singapore_Singapore_68,Singapore,6,1,2,2,0.1,True
full_features,3class,regression_then_threshold,training_Utrecht_Utrecht_19,Utrecht,6,1,1,2,0.1,True
full_features,3class,regression_then_threshold,training_Utrecht_Utrecht_33,Utrecht,6,1,0,0,0.1,True
full_features,3class,regression_then_threshold,training_Utrecht_Utrecht_35,Utrecht,6,1,0,0,0.1,True
full_features,3class,regression_then_threshold,training_Utrecht_Utrecht_41,Utrecht,6,1,2,2,0.1,True
full_features,3class,regression_then_threshold,training_Amsterdam_GE3T_105,Amsterdam,6,2,1,1,10.0,True
full_features,3class,regression_then_threshold,training_Amsterdam_GE3T_108,Amsterdam,6,2,0,0,10.0,True
full_features,3class,regression_then_threshold,training_Amsterdam_GE3T_112,Amsterdam,6,2,0,0,10.0,True
full_features,3class,regression_then_threshold,training_Amsterdam_GE3T_114,Amsterdam,6,2,1,2,10.0,True
full_features,3class,regression_then_threshold,training_Amsterdam_GE3T_116,Amsterdam,6,2,0,0,10.0,True
full_features,3class,regression_then_threshold,training_Amsterdam_GE3T_132,Amsterdam,6,2,2,2,10.0,True
full_features,3class,regression_then_threshold,training_Amsterdam_GE3T_137,Amsterdam,6,2,0,0,10.0,True
full_features,3class,regression_then_threshold,training_Singapore_Singapore_53,Singapore,6,2,0,0,10.0,True
full_features,3class,regression_then_threshold,training_Singapore_Singapore_59,Singapore,6,2,2,1,10.0,True
full_features,3class,regression_then_threshold,training_Singapore_Singapore_60,Singapore,6,2,2,1,10.0,True
full_features,3class,regression_then_threshold,training_Singapore_Singapore_65,Singapore,6,2,2,1,10.0,True
full_features,3class,regression_then_threshold,training_Utrecht_Utrecht_37,Utrecht,6,2,2,2,10.0,True
full_features,3class,regression_then_threshold,training_Amsterdam_GE3T_100,Amsterdam,6,3,0,0,1.0,True
full_features,3class,regression_then_threshold,training_Amsterdam_GE3T_101,Amsterdam,6,3,0,0,1.0,True
full_features,3class,regression_then_threshold,training_Amsterdam_GE3T_103,Amsterdam,6,3,2,2,1.0,True
full_features,3class,regression_then_threshold,training_Singapore_Singapore_55,Singapore,6,3,0,0,1.0,True
full_features,3class,regression_then_threshold,training_Singapore_Singapore_57,Singapore,6,3,1,1,1.0,True
full_features,3class,regression_then_threshold,training_Singapore_Singapore_61,Singapore,6,3,1,1,1.0,True
full_features,3class,regression_then_threshold,training_Utrecht_Utrecht_2,Utrecht,6,3,2,2,1.0,True
full_features,3class,regression_then_threshold,training_Utrecht_Utrecht_21,Utrecht,6,3,2,2,1.0,True
full_features,3class,regression_then_threshold,training_Utrecht_Utrecht_23,Utrecht,6,3,0,0,1.0,True
full_features,3class,regression_then_threshold,training_Utrecht_Utrecht_25,Utrecht,6,3,2,2,1.0,True
full_features,3class,regression_then_threshold,training_Utrecht_Utrecht_27,Utrecht,6,3,0,0,1.0,True
full_features,3class,regression_then_threshold,training_Utrecht_Utrecht_39,Utrecht,6,3,2,2,1.0,True
full_features,3class,regression_then_threshold,training_Amsterdam_GE3T_104,Amsterdam,6,4,2,2,0.1,True
full_features,3class,regression_then_threshold,training_Amsterdam_GE3T_110,Amsterdam,6,4,0,0,0.1,True
full_features,3class,regression_then_threshold,training_Amsterdam_GE3T_126,Amsterdam,6,4,1,2,0.1,True
full_features,3class,regression_then_threshold,training_Amsterdam_GE3T_144,Amsterdam,6,4,0,0,0.1,True
full_features,3class,regression_then_threshold,training_Singapore_Singapore_51,Singapore,6,4,2,2,0.1,True
full_features,3class,regression_then_threshold,training_Singapore_Singapore_54,Singapore,6,4,0,0,0.1,True
full_features,3class,regression_then_threshold,training_Singapore_Singapore_63,Singapore,6,4,2,2,0.1,True
full_features,3class,regression_then_threshold,training_Singapore_Singapore_66,Singapore,6,4,1,0,0.1,True
full_features,3class,regression_then_threshold,training_Singapore_Singapore_69,Singapore,6,4,2,1,0.1,True
full_features,3class,regression_then_threshold,training_Utrecht_Utrecht_17,Utrecht,6,4,0,0,0.1,True
full_features,3class,regression_then_threshold,training_Utrecht_Utrecht_31,Utrecht,6,4,2,2,0.1,True
full_features,3class,regression_then_threshold,training_Utrecht_Utrecht_8,Utrecht,6,4,0,0,0.1,True
full_features,3class,regression_then_threshold,training_Amsterdam_GE3T_102,Amsterdam,7,0,0,0,1.0,True
full_features,3class,regression_then_threshold,training_Amsterdam_GE3T_103,Amsterdam,7,0,2,2,1.0,True
full_features,3class,regression_then_threshold,training_Amsterdam_GE3T_105,Amsterdam,7,0,1,1,1.0,True
full_features,3class,regression_then_threshold,training_Amsterdam_GE3T_113,Amsterdam,7,0,2,2,1.0,True
full_features,3class,regression_then_threshold,training_Amsterdam_GE3T_115,Amsterdam,7,0,0,0,1.0,True
full_features,3class,regression_then_threshold,training_Singapore_Singapore_52,Singapore,7,0,0,0,1.0,True
full_features,3class,regression_then_threshold,training_Singapore_Singapore_54,Singapore,7,0,0,0,1.0,True
full_features,3class,regression_then_threshold,training_Singapore_Singapore_58,Singapore,7,0,0,0,1.0,True
full_features,3class,regression_then_threshold,training_Singapore_Singapore_59,Singapore,7,0,2,1,1.0,True
full_features,3class,regression_then_threshold,training_Singapore_Singapore_67,Singapore,7,0,2,2,1.0,True
full_features,3class,regression_then_threshold,training_Singapore_Singapore_68,Singapore,7,0,2,2,1.0,True
full_features,3class,regression_then_threshold,training_Utrecht_Utrecht_27,Utrecht,7,0,0,0,1.0,True
full_features,3class,regression_then_threshold,training_Amsterdam_GE3T_100,Amsterdam,7,1,0,0,1.0,True
full_features,3class,regression_then_threshold,training_Amsterdam_GE3T_101,Amsterdam,7,1,0,0,1.0,True
full_features,3class,regression_then_threshold,training_Amsterdam_GE3T_110,Amsterdam,7,1,0,0,1.0,True
full_features,3class,regression_then_threshold,training_Amsterdam_GE3T_112,Amsterdam,7,1,0,0,1.0,True
full_features,3class,regression_then_threshold,training_Singapore_Singapore_50,Singapore,7,1,2,2,1.0,True
full_features,3class,regression_then_threshold,training_Singapore_Singapore_57,Singapore,7,1,1,1,1.0,True
full_features,3class,regression_then_threshold,training_Singapore_Singapore_60,Singapore,7,1,2,2,1.0,True
full_features,3class,regression_then_threshold,training_Singapore_Singapore_65,Singapore,7,1,2,2,1.0,True
full_features,3class,regression_then_threshold,training_Utrecht_Utrecht_19,Utrecht,7,1,1,2,1.0,True
full_features,3class,regression_then_threshold,training_Utrecht_Utrecht_25,Utrecht,7,1,2,2,1.0,True
full_features,3class,regression_then_threshold,training_Utrecht_Utrecht_29,Utrecht,7,1,2,2,1.0,True
full_features,3class,regression_then_threshold,training_Utrecht_Utrecht_6,Utrecht,7,1,0,0,1.0,True
full_features,3class,regression_then_threshold,training_Amsterdam_GE3T_104,Amsterdam,7,2,2,2,1.0,True
full_features,3class,regression_then_threshold,training_Amsterdam_GE3T_108,Amsterdam,7,2,0,0,1.0,True
full_features,3class,regression_then_threshold,training_Amsterdam_GE3T_137,Amsterdam,7,2,0,0,1.0,True
full_features,3class,regression_then_threshold,training_Singapore_Singapore_55,Singapore,7,2,0,0,1.0,True
full_features,3class,regression_then_threshold,training_Singapore_Singapore_61,Singapore,7,2,1,1,1.0,True
full_features,3class,regression_then_threshold,training_Singapore_Singapore_63,Singapore,7,2,2,2,1.0,True
full_features,3class,regression_then_threshold,training_Singapore_Singapore_64,Singapore,7,2,1,1,1.0,True
full_features,3class,regression_then_threshold,training_Singapore_Singapore_69,Singapore,7,2,2,1,1.0,True
full_features,3class,regression_then_threshold,training_Utrecht_Utrecht_0,Utrecht,7,2,2,2,1.0,True
full_features,3class,regression_then_threshold,training_Utrecht_Utrecht_17,Utrecht,7,2,0,0,1.0,True
full_features,3class,regression_then_threshold,training_Utrecht_Utrecht_21,Utrecht,7,2,2,2,1.0,True
full_features,3class,regression_then_threshold,training_Utrecht_Utrecht_35,Utrecht,7,2,0,0,1.0,True
full_features,3class,regression_then_threshold,training_Amsterdam_GE3T_106,Amsterdam,7,3,0,0,0.1,True
full_features,3class,regression_then_threshold,training_Amsterdam_GE3T_109,Amsterdam,7,3,0,0,0.1,True
full_features,3class,regression_then_threshold,training_Amsterdam_GE3T_116,Amsterdam,7,3,0,0,0.1,True
full_features,3class,regression_then_threshold,training_Amsterdam_GE3T_126,Amsterdam,7,3,1,2,0.1,True
full_features,3class,regression_then_threshold,training_Singapore_Singapore_51,Singapore,7,3,2,2,0.1,True
full_features,3class,regression_then_threshold,training_Singapore_Singapore_66,Singapore,7,3,1,0,0.1,True
full_features,3class,regression_then_threshold,training_Utrecht_Utrecht_2,Utrecht,7,3,2,2,0.1,True
full_features,3class,regression_then_threshold,training_Utrecht_Utrecht_31,Utrecht,7,3,2,2,0.1,True
full_features,3class,regression_then_threshold,training_Utrecht_Utrecht_33,Utrecht,7,3,0,0,0.1,True
full_features,3class,regression_then_threshold,training_Utrecht_Utrecht_37,Utrecht,7,3,2,2,0.1,True
full_features,3class,regression_then_threshold,training_Utrecht_Utrecht_41,Utrecht,7,3,2,2,0.1,True
full_features,3class,regression_then_threshold,training_Utrecht_Utrecht_8,Utrecht,7,3,0,0,0.1,True
full_features,3class,regression_then_threshold,training_Amsterdam_GE3T_107,Amsterdam,7,4,0,1,1.0,True
full_features,3class,regression_then_threshold,training_Amsterdam_GE3T_114,Amsterdam,7,4,1,2,1.0,True
full_features,3class,regression_then_threshold,training_Amsterdam_GE3T_132,Amsterdam,7,4,2,2,1.0,True
full_features,3class,regression_then_threshold,training_Amsterdam_GE3T_144,Amsterdam,7,4,0,0,1.0,True
full_features,3class,regression_then_threshold,training_Singapore_Singapore_53,Singapore,7,4,0,0,1.0,True
full_features,3class,regression_then_threshold,training_Singapore_Singapore_56,Singapore,7,4,1,1,1.0,True
full_features,3class,regression_then_threshold,training_Singapore_Singapore_62,Singapore,7,4,2,2,1.0,True
full_features,3class,regression_then_threshold,training_Utrecht_Utrecht_11,Utrecht,7,4,0,0,1.0,True
full_features,3class,regression_then_threshold,training_Utrecht_Utrecht_23,Utrecht,7,4,0,0,1.0,True
full_features,3class,regression_then_threshold,training_Utrecht_Utrecht_39,Utrecht,7,4,2,2,1.0,True
full_features,3class,regression_then_threshold,training_Utrecht_Utrecht_4,Utrecht,7,4,2,2,1.0,True
full_features,3class,regression_then_threshold,training_Utrecht_Utrecht_49,Utrecht,7,4,2,2,1.0,True
full_features,3class,regression_then_threshold,training_Amsterdam_GE3T_105,Amsterdam,8,0,1,1,0.1,True
full_features,3class,regression_then_threshold,training_Amsterdam_GE3T_106,Amsterdam,8,0,0,0,0.1,True
full_features,3class,regression_then_threshold,training_Amsterdam_GE3T_108,Amsterdam,8,0,0,0,0.1,True
full_features,3class,regression_then_threshold,training_Amsterdam_GE3T_112,Amsterdam,8,0,0,0,0.1,True
full_features,3class,regression_then_threshold,training_Amsterdam_GE3T_113,Amsterdam,8,0,2,2,0.1,True
full_features,3class,regression_then_threshold,training_Singapore_Singapore_54,Singapore,8,0,0,0,0.1,True
full_features,3class,regression_then_threshold,training_Singapore_Singapore_68,Singapore,8,0,2,2,0.1,True
full_features,3class,regression_then_threshold,training_Singapore_Singapore_69,Singapore,8,0,2,1,0.1,True
full_features,3class,regression_then_threshold,training_Utrecht_Utrecht_17,Utrecht,8,0,0,0,0.1,True
full_features,3class,regression_then_threshold,training_Utrecht_Utrecht_23,Utrecht,8,0,0,0,0.1,True
full_features,3class,regression_then_threshold,training_Utrecht_Utrecht_39,Utrecht,8,0,2,2,0.1,True
full_features,3class,regression_then_threshold,training_Utrecht_Utrecht_49,Utrecht,8,0,2,2,0.1,True
full_features,3class,regression_then_threshold,training_Amsterdam_GE3T_103,Amsterdam,8,1,2,2,0.1,True
full_features,3class,regression_then_threshold,training_Amsterdam_GE3T_104,Amsterdam,8,1,2,2,0.1,True
full_features,3class,regression_then_threshold,training_Amsterdam_GE3T_109,Amsterdam,8,1,0,0,0.1,True
full_features,3class,regression_then_threshold,training_Amsterdam_GE3T_137,Amsterdam,8,1,0,0,0.1,True
full_features,3class,regression_then_threshold,training_Singapore_Singapore_50,Singapore,8,1,2,2,0.1,True
full_features,3class,regression_then_threshold,training_Singapore_Singapore_53,Singapore,8,1,0,0,0.1,True
full_features,3class,regression_then_threshold,training_Singapore_Singapore_56,Singapore,8,1,1,1,0.1,True
full_features,3class,regression_then_threshold,training_Singapore_Singapore_60,Singapore,8,1,2,2,0.1,True
full_features,3class,regression_then_threshold,training_Singapore_Singapore_61,Singapore,8,1,1,1,0.1,True
full_features,3class,regression_then_threshold,training_Singapore_Singapore_65,Singapore,8,1,2,2,0.1,True
full_features,3class,regression_then_threshold,training_Utrecht_Utrecht_33,Utrecht,8,1,0,0,0.1,True
full_features,3class,regression_then_threshold,training_Utrecht_Utrecht_8,Utrecht,8,1,0,0,0.1,True
full_features,3class,regression_then_threshold,training_Amsterdam_GE3T_102,Amsterdam,8,2,0,0,0.1,True
full_features,3class,regression_then_threshold,training_Amsterdam_GE3T_107,Amsterdam,8,2,0,0,0.1,True
full_features,3class,regression_then_threshold,training_Amsterdam_GE3T_144,Amsterdam,8,2,0,0,0.1,True
full_features,3class,regression_then_threshold,training_Singapore_Singapore_59,Singapore,8,2,2,1,0.1,True
full_features,3class,regression_then_threshold,training_Singapore_Singapore_63,Singapore,8,2,2,2,0.1,True
full_features,3class,regression_then_threshold,training_Singapore_Singapore_64,Singapore,8,2,1,1,0.1,True
full_features,3class,regression_then_threshold,training_Singapore_Singapore_66,Singapore,8,2,1,0,0.1,True
full_features,3class,regression_then_threshold,training_Singapore_Singapore_67,Singapore,8,2,2,2,0.1,True
full_features,3class,regression_then_threshold,training_Utrecht_Utrecht_11,Utrecht,8,2,0,0,0.1,True
full_features,3class,regression_then_threshold,training_Utrecht_Utrecht_21,Utrecht,8,2,2,2,0.1,True
full_features,3class,regression_then_threshold,training_Utrecht_Utrecht_37,Utrecht,8,2,2,2,0.1,True
full_features,3class,regression_then_threshold,training_Utrecht_Utrecht_6,Utrecht,8,2,0,0,0.1,True
full_features,3class,regression_then_threshold,training_Amsterdam_GE3T_100,Amsterdam,8,3,0,0,1.0,True
full_features,3class,regression_then_threshold,training_Amsterdam_GE3T_116,Amsterdam,8,3,0,0,1.0,True
full_features,3class,regression_then_threshold,training_Singapore_Singapore_51,Singapore,8,3,2,2,1.0,True
full_features,3class,regression_then_threshold,training_Singapore_Singapore_55,Singapore,8,3,0,0,1.0,True
full_features,3class,regression_then_threshold,training_Singapore_Singapore_57,Singapore,8,3,1,1,1.0,True
full_features,3class,regression_then_threshold,training_Singapore_Singapore_58,Singapore,8,3,0,0,1.0,True
full_features,3class,regression_then_threshold,training_Singapore_Singapore_62,Singapore,8,3,2,2,1.0,True
full_features,3class,regression_then_threshold,training_Utrecht_Utrecht_0,Utrecht,8,3,2,2,1.0,True
full_features,3class,regression_then_threshold,training_Utrecht_Utrecht_19,Utrecht,8,3,1,2,1.0,True
full_features,3class,regression_then_threshold,training_Utrecht_Utrecht_29,Utrecht,8,3,2,2,1.0,True
full_features,3class,regression_then_threshold,training_Utrecht_Utrecht_31,Utrecht,8,3,2,2,1.0,True
full_features,3class,regression_then_threshold,training_Utrecht_Utrecht_35,Utrecht,8,3,0,0,1.0,True
full_features,3class,regression_then_threshold,training_Amsterdam_GE3T_101,Amsterdam,8,4,0,0,0.1,True
full_features,3class,regression_then_threshold,training_Amsterdam_GE3T_110,Amsterdam,8,4,0,0,0.1,True
full_features,3class,regression_then_threshold,training_Amsterdam_GE3T_114,Amsterdam,8,4,1,2,0.1,True
full_features,3class,regression_then_threshold,training_Amsterdam_GE3T_115,Amsterdam,8,4,0,0,0.1,True
full_features,3class,regression_then_threshold,training_Amsterdam_GE3T_126,Amsterdam,8,4,1,2,0.1,True
full_features,3class,regression_then_threshold,training_Amsterdam_GE3T_132,Amsterdam,8,4,2,2,0.1,True
full_features,3class,regression_then_threshold,training_Singapore_Singapore_52,Singapore,8,4,0,0,0.1,True
full_features,3class,regression_then_threshold,training_Utrecht_Utrecht_2,Utrecht,8,4,2,2,0.1,True
full_features,3class,regression_then_threshold,training_Utrecht_Utrecht_25,Utrecht,8,4,2,2,0.1,True
full_features,3class,regression_then_threshold,training_Utrecht_Utrecht_27,Utrecht,8,4,0,0,0.1,True
full_features,3class,regression_then_threshold,training_Utrecht_Utrecht_4,Utrecht,8,4,2,2,0.1,True
full_features,3class,regression_then_threshold,training_Utrecht_Utrecht_41,Utrecht,8,4,2,2,0.1,True
full_features,3class,regression_then_threshold,training_Amsterdam_GE3T_109,Amsterdam,9,0,0,0,0.1,True
full_features,3class,regression_then_threshold,training_Amsterdam_GE3T_113,Amsterdam,9,0,2,2,0.1,True
full_features,3class,regression_then_threshold,training_Singapore_Singapore_52,Singapore,9,0,0,0,0.1,True
full_features,3class,regression_then_threshold,training_Singapore_Singapore_57,Singapore,9,0,1,1,0.1,True
full_features,3class,regression_then_threshold,training_Singapore_Singapore_62,Singapore,9,0,2,2,0.1,True
full_features,3class,regression_then_threshold,training_Singapore_Singapore_63,Singapore,9,0,2,2,0.1,True
full_features,3class,regression_then_threshold,training_Utrecht_Utrecht_11,Utrecht,9,0,0,0,0.1,True
full_features,3class,regression_then_threshold,training_Utrecht_Utrecht_17,Utrecht,9,0,0,0,0.1,True
full_features,3class,regression_then_threshold,training_Utrecht_Utrecht_27,Utrecht,9,0,0,0,0.1,True
full_features,3class,regression_then_threshold,training_Utrecht_Utrecht_31,Utrecht,9,0,2,2,0.1,True
full_features,3class,regression_then_threshold,training_Utrecht_Utrecht_35,Utrecht,9,0,0,0,0.1,True
full_features,3class,regression_then_threshold,training_Utrecht_Utrecht_4,Utrecht,9,0,2,2,0.1,True
full_features,3class,regression_then_threshold,training_Amsterdam_GE3T_100,Amsterdam,9,1,0,0,0.1,True
full_features,3class,regression_then_threshold,training_Amsterdam_GE3T_101,Amsterdam,9,1,0,0,0.1,True
full_features,3class,regression_then_threshold,training_Amsterdam_GE3T_104,Amsterdam,9,1,2,2,0.1,True
full_features,3class,regression_then_threshold,training_Amsterdam_GE3T_108,Amsterdam,9,1,0,0,0.1,True
full_features,3class,regression_then_threshold,training_Amsterdam_GE3T_126,Amsterdam,9,1,1,2,0.1,True
full_features,3class,regression_then_threshold,training_Singapore_Singapore_54,Singapore,9,1,0,0,0.1,True
full_features,3class,regression_then_threshold,training_Singapore_Singapore_64,Singapore,9,1,1,1,0.1,True
full_features,3class,regression_then_threshold,training_Singapore_Singapore_65,Singapore,9,1,2,2,0.1,True
full_features,3class,regression_then_threshold,training_Singapore_Singapore_67,Singapore,9,1,2,2,0.1,True
full_features,3class,regression_then_threshold,training_Utrecht_Utrecht_21,Utrecht,9,1,2,2,0.1,True
full_features,3class,regression_then_threshold,training_Utrecht_Utrecht_25,Utrecht,9,1,2,2,0.1,True
full_features,3class,regression_then_threshold,training_Utrecht_Utrecht_33,Utrecht,9,1,0,0,0.1,True
full_features,3class,regression_then_threshold,training_Amsterdam_GE3T_106,Amsterdam,9,2,0,0,1.0,True
full_features,3class,regression_then_threshold,training_Amsterdam_GE3T_110,Amsterdam,9,2,0,0,1.0,True
full_features,3class,regression_then_threshold,training_Amsterdam_GE3T_112,Amsterdam,9,2,0,0,1.0,True
full_features,3class,regression_then_threshold,training_Amsterdam_GE3T_116,Amsterdam,9,2,0,0,1.0,True
full_features,3class,regression_then_threshold,training_Amsterdam_GE3T_137,Amsterdam,9,2,0,0,1.0,True
full_features,3class,regression_then_threshold,training_Singapore_Singapore_50,Singapore,9,2,2,2,1.0,True
full_features,3class,regression_then_threshold,training_Singapore_Singapore_51,Singapore,9,2,2,2,1.0,True
full_features,3class,regression_then_threshold,training_Singapore_Singapore_60,Singapore,9,2,2,2,1.0,True
full_features,3class,regression_then_threshold,training_Singapore_Singapore_61,Singapore,9,2,1,1,1.0,True
full_features,3class,regression_then_threshold,training_Singapore_Singapore_66,Singapore,9,2,1,0,1.0,True
full_features,3class,regression_then_threshold,training_Utrecht_Utrecht_41,Utrecht,9,2,2,2,1.0,True
full_features,3class,regression_then_threshold,training_Utrecht_Utrecht_49,Utrecht,9,2,2,2,1.0,True
full_features,3class,regression_then_threshold,training_Amsterdam_GE3T_102,Amsterdam,9,3,0,0,0.1,True
full_features,3class,regression_then_threshold,training_Amsterdam_GE3T_105,Amsterdam,9,3,1,1,0.1,True
full_features,3class,regression_then_threshold,training_Amsterdam_GE3T_114,Amsterdam,9,3,1,2,0.1,True
full_features,3class,regression_then_threshold,training_Amsterdam_GE3T_132,Amsterdam,9,3,2,2,0.1,True
full_features,3class,regression_then_threshold,training_Amsterdam_GE3T_144,Amsterdam,9,3,0,0,0.1,True
full_features,3class,regression_then_threshold,training_Singapore_Singapore_53,Singapore,9,3,0,0,0.1,True
full_features,3class,regression_then_threshold,training_Singapore_Singapore_58,Singapore,9,3,0,0,0.1,True
full_features,3class,regression_then_threshold,training_Singapore_Singapore_68,Singapore,9,3,2,2,0.1,True
full_features,3class,regression_then_threshold,training_Utrecht_Utrecht_29,Utrecht,9,3,2,2,0.1,True
full_features,3class,regression_then_threshold,training_Utrecht_Utrecht_37,Utrecht,9,3,2,2,0.1,True
full_features,3class,regression_then_threshold,training_Utrecht_Utrecht_39,Utrecht,9,3,2,2,0.1,True
full_features,3class,regression_then_threshold,training_Utrecht_Utrecht_6,Utrecht,9,3,0,0,0.1,True
full_features,3class,regression_then_threshold,training_Amsterdam_GE3T_103,Amsterdam,9,4,2,2,1.0,True
full_features,3class,regression_then_threshold,training_Amsterdam_GE3T_107,Amsterdam,9,4,0,0,1.0,True
full_features,3class,regression_then_threshold,training_Amsterdam_GE3T_115,Amsterdam,9,4,0,0,1.0,True
full_features,3class,regression_then_threshold,training_Singapore_Singapore_55,Singapore,9,4,0,0,1.0,True
full_features,3class,regression_then_threshold,training_Singapore_Singapore_56,Singapore,9,4,1,1,1.0,True
full_features,3class,regression_then_threshold,training_Singapore_Singapore_59,Singapore,9,4,2,1,1.0,True
full_features,3class,regression_then_threshold,training_Singapore_Singapore_69,Singapore,9,4,2,1,1.0,True
full_features,3class,regression_then_threshold,training_Utrecht_Utrecht_0,Utrecht,9,4,2,2,1.0,True
full_features,3class,regression_then_threshold,training_Utrecht_Utrecht_19,Utrecht,9,4,1,2,1.0,True
full_features,3class,regression_then_threshold,training_Utrecht_Utrecht_2,Utrecht,9,4,2,2,1.0,True
full_features,3class,regression_then_threshold,training_Utrecht_Utrecht_23,Utrecht,9,4,0,0,1.0,True
full_features,3class,regression_then_threshold,training_Utrecht_Utrecht_8,Utrecht,9,4,0,0,1.0,True
full_features,3class,ordinal_logistic,training_Amsterdam_GE3T_100,Amsterdam,0,0,0,0,,True
full_features,3class,ordinal_logistic,training_Amsterdam_GE3T_105,Amsterdam,0,0,1,1,,True
full_features,3class,ordinal_logistic,training_Amsterdam_GE3T_107,Amsterdam,0,0,0,0,,True
full_features,3class,ordinal_logistic,training_Amsterdam_GE3T_108,Amsterdam,0,0,0,0,,True
full_features,3class,ordinal_logistic,training_Amsterdam_GE3T_116,Amsterdam,0,0,0,0,,True
full_features,3class,ordinal_logistic,training_Singapore_Singapore_51,Singapore,0,0,2,2,,True
full_features,3class,ordinal_logistic,training_Singapore_Singapore_54,Singapore,0,0,0,0,,True
full_features,3class,ordinal_logistic,training_Singapore_Singapore_60,Singapore,0,0,2,2,,True
full_features,3class,ordinal_logistic,training_Singapore_Singapore_67,Singapore,0,0,2,2,,True
full_features,3class,ordinal_logistic,training_Singapore_Singapore_68,Singapore,0,0,2,1,,True
full_features,3class,ordinal_logistic,training_Utrecht_Utrecht_0,Utrecht,0,0,2,2,,True
full_features,3class,ordinal_logistic,training_Utrecht_Utrecht_11,Utrecht,0,0,0,0,,True
full_features,3class,ordinal_logistic,training_Amsterdam_GE3T_113,Amsterdam,0,1,2,2,,True
full_features,3class,ordinal_logistic,training_Amsterdam_GE3T_126,Amsterdam,0,1,1,1,,True
full_features,3class,ordinal_logistic,training_Amsterdam_GE3T_132,Amsterdam,0,1,2,2,,True
full_features,3class,ordinal_logistic,training_Amsterdam_GE3T_137,Amsterdam,0,1,0,0,,True
full_features,3class,ordinal_logistic,training_Singapore_Singapore_53,Singapore,0,1,0,0,,True
full_features,3class,ordinal_logistic,training_Singapore_Singapore_66,Singapore,0,1,1,0,,True
full_features,3class,ordinal_logistic,training_Singapore_Singapore_69,Singapore,0,1,2,1,,True
full_features,3class,ordinal_logistic,training_Utrecht_Utrecht_17,Utrecht,0,1,0,0,,True
full_features,3class,ordinal_logistic,training_Utrecht_Utrecht_2,Utrecht,0,1,2,2,,True
full_features,3class,ordinal_logistic,training_Utrecht_Utrecht_23,Utrecht,0,1,0,0,,True
full_features,3class,ordinal_logistic,training_Utrecht_Utrecht_37,Utrecht,0,1,2,2,,True
full_features,3class,ordinal_logistic,training_Utrecht_Utrecht_8,Utrecht,0,1,0,0,,True
full_features,3class,ordinal_logistic,training_Amsterdam_GE3T_102,Amsterdam,0,2,0,0,,True
full_features,3class,ordinal_logistic,training_Amsterdam_GE3T_103,Amsterdam,0,2,2,2,,True
full_features,3class,ordinal_logistic,training_Amsterdam_GE3T_104,Amsterdam,0,2,2,2,,True
full_features,3class,ordinal_logistic,training_Amsterdam_GE3T_106,Amsterdam,0,2,0,0,,True
full_features,3class,ordinal_logistic,training_Amsterdam_GE3T_109,Amsterdam,0,2,0,0,,True
full_features,3class,ordinal_logistic,training_Singapore_Singapore_52,Singapore,0,2,0,0,,True
full_features,3class,ordinal_logistic,training_Singapore_Singapore_57,Singapore,0,2,1,1,,True
full_features,3class,ordinal_logistic,training_Singapore_Singapore_64,Singapore,0,2,1,1,,True
full_features,3class,ordinal_logistic,training_Singapore_Singapore_65,Singapore,0,2,2,2,,True
full_features,3class,ordinal_logistic,training_Utrecht_Utrecht_27,Utrecht,0,2,0,0,,True
full_features,3class,ordinal_logistic,training_Utrecht_Utrecht_29,Utrecht,0,2,2,2,,True
full_features,3class,ordinal_logistic,training_Utrecht_Utrecht_49,Utrecht,0,2,2,2,,True
full_features,3class,ordinal_logistic,training_Amsterdam_GE3T_114,Amsterdam,0,3,1,1,,True
full_features,3class,ordinal_logistic,training_Amsterdam_GE3T_115,Amsterdam,0,3,0,0,,True
full_features,3class,ordinal_logistic,training_Amsterdam_GE3T_144,Amsterdam,0,3,0,0,,True
full_features,3class,ordinal_logistic,training_Singapore_Singapore_50,Singapore,0,3,2,2,,True
full_features,3class,ordinal_logistic,training_Singapore_Singapore_55,Singapore,0,3,0,0,,True
full_features,3class,ordinal_logistic,training_Singapore_Singapore_56,Singapore,0,3,1,2,,True
full_features,3class,ordinal_logistic,training_Singapore_Singapore_63,Singapore,0,3,2,2,,True
full_features,3class,ordinal_logistic,training_Utrecht_Utrecht_25,Utrecht,0,3,2,2,,True
full_features,3class,ordinal_logistic,training_Utrecht_Utrecht_31,Utrecht,0,3,2,2,,True
full_features,3class,ordinal_logistic,training_Utrecht_Utrecht_33,Utrecht,0,3,0,0,,True
full_features,3class,ordinal_logistic,training_Utrecht_Utrecht_39,Utrecht,0,3,2,2,,True
full_features,3class,ordinal_logistic,training_Utrecht_Utrecht_6,Utrecht,0,3,0,0,,True
full_features,3class,ordinal_logistic,training_Amsterdam_GE3T_101,Amsterdam,0,4,0,0,,True
full_features,3class,ordinal_logistic,training_Amsterdam_GE3T_110,Amsterdam,0,4,0,0,,True
full_features,3class,ordinal_logistic,training_Amsterdam_GE3T_112,Amsterdam,0,4,0,0,,True
full_features,3class,ordinal_logistic,training_Singapore_Singapore_58,Singapore,0,4,0,0,,True
full_features,3class,ordinal_logistic,training_Singapore_Singapore_59,Singapore,0,4,2,2,,True
full_features,3class,ordinal_logistic,training_Singapore_Singapore_61,Singapore,0,4,1,0,,True
full_features,3class,ordinal_logistic,training_Singapore_Singapore_62,Singapore,0,4,2,2,,True
full_features,3class,ordinal_logistic,training_Utrecht_Utrecht_19,Utrecht,0,4,1,2,,True
full_features,3class,ordinal_logistic,training_Utrecht_Utrecht_21,Utrecht,0,4,2,2,,True
full_features,3class,ordinal_logistic,training_Utrecht_Utrecht_35,Utrecht,0,4,0,1,,True
full_features,3class,ordinal_logistic,training_Utrecht_Utrecht_4,Utrecht,0,4,2,2,,True
full_features,3class,ordinal_logistic,training_Utrecht_Utrecht_41,Utrecht,0,4,2,2,,True
full_features,3class,ordinal_logistic,training_Amsterdam_GE3T_101,Amsterdam,1,0,0,0,,True
full_features,3class,ordinal_logistic,training_Amsterdam_GE3T_106,Amsterdam,1,0,0,0,,True
full_features,3class,ordinal_logistic,training_Amsterdam_GE3T_107,Amsterdam,1,0,0,0,,True
full_features,3class,ordinal_logistic,training_Amsterdam_GE3T_112,Amsterdam,1,0,0,0,,True
full_features,3class,ordinal_logistic,training_Amsterdam_GE3T_113,Amsterdam,1,0,2,2,,True
full_features,3class,ordinal_logistic,training_Singapore_Singapore_62,Singapore,1,0,2,2,,True
full_features,3class,ordinal_logistic,training_Singapore_Singapore_66,Singapore,1,0,1,1,,True
full_features,3class,ordinal_logistic,training_Singapore_Singapore_69,Singapore,1,0,2,1,,True
full_features,3class,ordinal_logistic,training_Utrecht_Utrecht_2,Utrecht,1,0,2,2,,True
full_features,3class,ordinal_logistic,training_Utrecht_Utrecht_27,Utrecht,1,0,0,0,,True
full_features,3class,ordinal_logistic,training_Utrecht_Utrecht_35,Utrecht,1,0,0,1,,True
full_features,3class,ordinal_logistic,training_Utrecht_Utrecht_49,Utrecht,1,0,2,2,,True
full_features,3class,ordinal_logistic,training_Amsterdam_GE3T_114,Amsterdam,1,1,1,1,,True
full_features,3class,ordinal_logistic,training_Amsterdam_GE3T_116,Amsterdam,1,1,0,0,,True
full_features,3class,ordinal_logistic,training_Amsterdam_GE3T_137,Amsterdam,1,1,0,0,,True
full_features,3class,ordinal_logistic,training_Amsterdam_GE3T_144,Amsterdam,1,1,0,0,,True
full_features,3class,ordinal_logistic,training_Singapore_Singapore_50,Singapore,1,1,2,2,,True
full_features,3class,ordinal_logistic,training_Singapore_Singapore_59,Singapore,1,1,2,2,,True
full_features,3class,ordinal_logistic,training_Singapore_Singapore_65,Singapore,1,1,2,2,,True
full_features,3class,ordinal_logistic,training_Singapore_Singapore_67,Singapore,1,1,2,2,,True
full_features,3class,ordinal_logistic,training_Utrecht_Utrecht_11,Utrecht,1,1,0,0,,True
full_features,3class,ordinal_logistic,training_Utrecht_Utrecht_17,Utrecht,1,1,0,0,,True
full_features,3class,ordinal_logistic,training_Utrecht_Utrecht_19,Utrecht,1,1,1,2,,True
full_features,3class,ordinal_logistic,training_Utrecht_Utrecht_37,Utrecht,1,1,2,2,,True
full_features,3class,ordinal_logistic,training_Amsterdam_GE3T_100,Amsterdam,1,2,0,0,,True
full_features,3class,ordinal_logistic,training_Amsterdam_GE3T_105,Amsterdam,1,2,1,1,,True
full_features,3class,ordinal_logistic,training_Amsterdam_GE3T_110,Amsterdam,1,2,0,0,,True
full_features,3class,ordinal_logistic,training_Amsterdam_GE3T_126,Amsterdam,1,2,1,2,,True
full_features,3class,ordinal_logistic,training_Singapore_Singapore_52,Singapore,1,2,0,0,,True
full_features,3class,ordinal_logistic,training_Singapore_Singapore_55,Singapore,1,2,0,0,,True
full_features,3class,ordinal_logistic,training_Singapore_Singapore_60,Singapore,1,2,2,2,,True
full_features,3class,ordinal_logistic,training_Singapore_Singapore_63,Singapore,1,2,2,2,,True
full_features,3class,ordinal_logistic,training_Utrecht_Utrecht_21,Utrecht,1,2,2,2,,True
full_features,3class,ordinal_logistic,training_Utrecht_Utrecht_39,Utrecht,1,2,2,2,,True
full_features,3class,ordinal_logistic,training_Utrecht_Utrecht_41,Utrecht,1,2,2,2,,True
full_features,3class,ordinal_logistic,training_Utrecht_Utrecht_6,Utrecht,1,2,0,0,,True
full_features,3class,ordinal_logistic,training_Amsterdam_GE3T_103,Amsterdam,1,3,2,2,,True
full_features,3class,ordinal_logistic,training_Amsterdam_GE3T_104,Amsterdam,1,3,2,1,,True
full_features,3class,ordinal_logistic,training_Amsterdam_GE3T_109,Amsterdam,1,3,0,0,,True
full_features,3class,ordinal_logistic,training_Singapore_Singapore_51,Singapore,1,3,2,2,,True
full_features,3class,ordinal_logistic,training_Singapore_Singapore_53,Singapore,1,3,0,0,,True
full_features,3class,ordinal_logistic,training_Singapore_Singapore_56,Singapore,1,3,1,2,,True
full_features,3class,ordinal_logistic,training_Singapore_Singapore_58,Singapore,1,3,0,0,,True
full_features,3class,ordinal_logistic,training_Singapore_Singapore_61,Singapore,1,3,1,1,,True
full_features,3class,ordinal_logistic,training_Singapore_Singapore_68,Singapore,1,3,2,1,,True
full_features,3class,ordinal_logistic,training_Utrecht_Utrecht_23,Utrecht,1,3,0,0,,True
full_features,3class,ordinal_logistic,training_Utrecht_Utrecht_33,Utrecht,1,3,0,0,,True
full_features,3class,ordinal_logistic,training_Utrecht_Utrecht_4,Utrecht,1,3,2,2,,True
full_features,3class,ordinal_logistic,training_Amsterdam_GE3T_102,Amsterdam,1,4,0,0,,True
full_features,3class,ordinal_logistic,training_Amsterdam_GE3T_108,Amsterdam,1,4,0,0,,True
full_features,3class,ordinal_logistic,training_Amsterdam_GE3T_115,Amsterdam,1,4,0,0,,True
full_features,3class,ordinal_logistic,training_Amsterdam_GE3T_132,Amsterdam,1,4,2,2,,True
full_features,3class,ordinal_logistic,training_Singapore_Singapore_54,Singapore,1,4,0,0,,True
full_features,3class,ordinal_logistic,training_Singapore_Singapore_57,Singapore,1,4,1,1,,True
full_features,3class,ordinal_logistic,training_Singapore_Singapore_64,Singapore,1,4,1,1,,True
full_features,3class,ordinal_logistic,training_Utrecht_Utrecht_0,Utrecht,1,4,2,2,,True
full_features,3class,ordinal_logistic,training_Utrecht_Utrecht_25,Utrecht,1,4,2,2,,True
full_features,3class,ordinal_logistic,training_Utrecht_Utrecht_29,Utrecht,1,4,2,2,,True
full_features,3class,ordinal_logistic,training_Utrecht_Utrecht_31,Utrecht,1,4,2,2,,True
full_features,3class,ordinal_logistic,training_Utrecht_Utrecht_8,Utrecht,1,4,0,0,,True
full_features,3class,ordinal_logistic,training_Amsterdam_GE3T_101,Amsterdam,2,0,0,0,,True
full_features,3class,ordinal_logistic,training_Amsterdam_GE3T_104,Amsterdam,2,0,2,2,,True
full_features,3class,ordinal_logistic,training_Amsterdam_GE3T_114,Amsterdam,2,0,1,1,,True
full_features,3class,ordinal_logistic,training_Singapore_Singapore_52,Singapore,2,0,0,0,,True
full_features,3class,ordinal_logistic,training_Singapore_Singapore_55,Singapore,2,0,0,0,,True
full_features,3class,ordinal_logistic,training_Singapore_Singapore_65,Singapore,2,0,2,2,,True
full_features,3class,ordinal_logistic,training_Utrecht_Utrecht_17,Utrecht,2,0,0,0,,True
full_features,3class,ordinal_logistic,training_Utrecht_Utrecht_35,Utrecht,2,0,0,1,,True
full_features,3class,ordinal_logistic,training_Utrecht_Utrecht_4,Utrecht,2,0,2,2,,True
full_features,3class,ordinal_logistic,training_Utrecht_Utrecht_41,Utrecht,2,0,2,2,,True
full_features,3class,ordinal_logistic,training_Utrecht_Utrecht_49,Utrecht,2,0,2,2,,True
full_features,3class,ordinal_logistic,training_Utrecht_Utrecht_6,Utrecht,2,0,0,0,,True
full_features,3class,ordinal_logistic,training_Amsterdam_GE3T_103,Amsterdam,2,1,2,2,,True
full_features,3class,ordinal_logistic,training_Amsterdam_GE3T_112,Amsterdam,2,1,0,0,,True
full_features,3class,ordinal_logistic,training_Amsterdam_GE3T_137,Amsterdam,2,1,0,0,,True
full_features,3class,ordinal_logistic,training_Singapore_Singapore_53,Singapore,2,1,0,0,,True
full_features,3class,ordinal_logistic,training_Singapore_Singapore_56,Singapore,2,1,1,2,,True
full_features,3class,ordinal_logistic,training_Singapore_Singapore_58,Singapore,2,1,0,0,,True
full_features,3class,ordinal_logistic,training_Singapore_Singapore_59,Singapore,2,1,2,2,,True
full_features,3class,ordinal_logistic,training_Singapore_Singapore_66,Singapore,2,1,1,0,,True
full_features,3class,ordinal_logistic,training_Utrecht_Utrecht_21,Utrecht,2,1,2,2,,True
full_features,3class,ordinal_logistic,training_Utrecht_Utrecht_27,Utrecht,2,1,0,0,,True
full_features,3class,ordinal_logistic,training_Utrecht_Utrecht_31,Utrecht,2,1,2,2,,True
full_features,3class,ordinal_logistic,training_Utrecht_Utrecht_37,Utrecht,2,1,2,2,,True
full_features,3class,ordinal_logistic,training_Amsterdam_GE3T_100,Amsterdam,2,2,0,0,,True
full_features,3class,ordinal_logistic,training_Amsterdam_GE3T_107,Amsterdam,2,2,0,1,,True
full_features,3class,ordinal_logistic,training_Amsterdam_GE3T_109,Amsterdam,2,2,0,0,,True
full_features,3class,ordinal_logistic,training_Amsterdam_GE3T_116,Amsterdam,2,2,0,0,,True
full_features,3class,ordinal_logistic,training_Amsterdam_GE3T_126,Amsterdam,2,2,1,2,,True
full_features,3class,ordinal_logistic,training_Singapore_Singapore_57,Singapore,2,2,1,1,,True
full_features,3class,ordinal_logistic,training_Singapore_Singapore_63,Singapore,2,2,2,2,,True
full_features,3class,ordinal_logistic,training_Utrecht_Utrecht_0,Utrecht,2,2,2,2,,True
full_features,3class,ordinal_logistic,training_Utrecht_Utrecht_11,Utrecht,2,2,0,0,,True
full_features,3class,ordinal_logistic,training_Utrecht_Utrecht_2,Utrecht,2,2,2,2,,True
full_features,3class,ordinal_logistic,training_Utrecht_Utrecht_29,Utrecht,2,2,2,2,,True
full_features,3class,ordinal_logistic,training_Utrecht_Utrecht_39,Utrecht,2,2,2,2,,True
full_features,3class,ordinal_logistic,training_Amsterdam_GE3T_110,Amsterdam,2,3,0,0,,True
full_features,3class,ordinal_logistic,training_Amsterdam_GE3T_113,Amsterdam,2,3,2,2,,True
full_features,3class,ordinal_logistic,training_Amsterdam_GE3T_132,Amsterdam,2,3,2,2,,True
full_features,3class,ordinal_logistic,training_Amsterdam_GE3T_144,Amsterdam,2,3,0,0,,True
full_features,3class,ordinal_logistic,training_Singapore_Singapore_51,Singapore,2,3,2,2,,True
full_features,3class,ordinal_logistic,training_Singapore_Singapore_54,Singapore,2,3,0,0,,True
full_features,3class,ordinal_logistic,training_Singapore_Singapore_60,Singapore,2,3,2,2,,True
full_features,3class,ordinal_logistic,training_Singapore_Singapore_61,Singapore,2,3,1,0,,True
full_features,3class,ordinal_logistic,training_Utrecht_Utrecht_19,Utrecht,2,3,1,2,,True
full_features,3class,ordinal_logistic,training_Utrecht_Utrecht_25,Utrecht,2,3,2,2,,True
full_features,3class,ordinal_logistic,training_Utrecht_Utrecht_33,Utrecht,2,3,0,0,,True
full_features,3class,ordinal_logistic,training_Utrecht_Utrecht_8,Utrecht,2,3,0,0,,True
full_features,3class,ordinal_logistic,training_Amsterdam_GE3T_102,Amsterdam,2,4,0,0,,True
full_features,3class,ordinal_logistic,training_Amsterdam_GE3T_105,Amsterdam,2,4,1,0,,True
full_features,3class,ordinal_logistic,training_Amsterdam_GE3T_106,Amsterdam,2,4,0,0,,True
full_features,3class,ordinal_logistic,training_Amsterdam_GE3T_108,Amsterdam,2,4,0,0,,True
full_features,3class,ordinal_logistic,training_Amsterdam_GE3T_115,Amsterdam,2,4,0,0,,True
full_features,3class,ordinal_logistic,training_Singapore_Singapore_50,Singapore,2,4,2,2,,True
full_features,3class,ordinal_logistic,training_Singapore_Singapore_62,Singapore,2,4,2,2,,True
full_features,3class,ordinal_logistic,training_Singapore_Singapore_64,Singapore,2,4,1,1,,True
full_features,3class,ordinal_logistic,training_Singapore_Singapore_67,Singapore,2,4,2,2,,True
full_features,3class,ordinal_logistic,training_Singapore_Singapore_68,Singapore,2,4,2,1,,True
full_features,3class,ordinal_logistic,training_Singapore_Singapore_69,Singapore,2,4,2,1,,True
full_features,3class,ordinal_logistic,training_Utrecht_Utrecht_23,Utrecht,2,4,0,0,,True
full_features,3class,ordinal_logistic,training_Amsterdam_GE3T_107,Amsterdam,3,0,0,0,,True
full_features,3class,ordinal_logistic,training_Amsterdam_GE3T_108,Amsterdam,3,0,0,0,,True
full_features,3class,ordinal_logistic,training_Amsterdam_GE3T_113,Amsterdam,3,0,2,2,,True
full_features,3class,ordinal_logistic,training_Amsterdam_GE3T_144,Amsterdam,3,0,0,0,,True
full_features,3class,ordinal_logistic,training_Singapore_Singapore_54,Singapore,3,0,0,0,,True
full_features,3class,ordinal_logistic,training_Singapore_Singapore_64,Singapore,3,0,1,1,,True
full_features,3class,ordinal_logistic,training_Singapore_Singapore_65,Singapore,3,0,2,2,,True
full_features,3class,ordinal_logistic,training_Singapore_Singapore_68,Singapore,3,0,2,1,,True
full_features,3class,ordinal_logistic,training_Singapore_Singapore_69,Singapore,3,0,2,1,,True
full_features,3class,ordinal_logistic,training_Utrecht_Utrecht_17,Utrecht,3,0,0,0,,True
full_features,3class,ordinal_logistic,training_Utrecht_Utrecht_27,Utrecht,3,0,0,0,,True
full_features,3class,ordinal_logistic,training_Utrecht_Utrecht_49,Utrecht,3,0,2,2,,True
full_features,3class,ordinal_logistic,training_Amsterdam_GE3T_101,Amsterdam,3,1,0,0,,True
full_features,3class,ordinal_logistic,training_Amsterdam_GE3T_102,Amsterdam,3,1,0,0,,True
full_features,3class,ordinal_logistic,training_Amsterdam_GE3T_104,Amsterdam,3,1,2,1,,True
full_features,3class,ordinal_logistic,training_Amsterdam_GE3T_115,Amsterdam,3,1,0,0,,True
full_features,3class,ordinal_logistic,training_Amsterdam_GE3T_137,Amsterdam,3,1,0,0,,True
full_features,3class,ordinal_logistic,training_Singapore_Singapore_56,Singapore,3,1,1,2,,True
full_features,3class,ordinal_logistic,training_Singapore_Singapore_57,Singapore,3,1,1,1,,True
full_features,3class,ordinal_logistic,training_Singapore_Singapore_62,Singapore,3,1,2,2,,True
full_features,3class,ordinal_logistic,training_Utrecht_Utrecht_0,Utrecht,3,1,2,2,,True
full_features,3class,ordinal_logistic,training_Utrecht_Utrecht_31,Utrecht,3,1,2,2,,True
full_features,3class,ordinal_logistic,training_Utrecht_Utrecht_4,Utrecht,3,1,2,2,,True
full_features,3class,ordinal_logistic,training_Utrecht_Utrecht_6,Utrecht,3,1,0,0,,True
full_features,3class,ordinal_logistic,training_Amsterdam_GE3T_106,Amsterdam,3,2,0,0,,True
full_features,3class,ordinal_logistic,training_Amsterdam_GE3T_110,Amsterdam,3,2,0,0,,True
full_features,3class,ordinal_logistic,training_Amsterdam_GE3T_126,Amsterdam,3,2,1,2,,True
full_features,3class,ordinal_logistic,training_Amsterdam_GE3T_132,Amsterdam,3,2,2,2,,True
full_features,3class,ordinal_logistic,training_Singapore_Singapore_52,Singapore,3,2,0,0,,True
full_features,3class,ordinal_logistic,training_Singapore_Singapore_59,Singapore,3,2,2,2,,True
full_features,3class,ordinal_logistic,training_Utrecht_Utrecht_11,Utrecht,3,2,0,0,,True
full_features,3class,ordinal_logistic,training_Utrecht_Utrecht_19,Utrecht,3,2,1,2,,True
full_features,3class,ordinal_logistic,training_Utrecht_Utrecht_2,Utrecht,3,2,2,2,,True
full_features,3class,ordinal_logistic,training_Utrecht_Utrecht_33,Utrecht,3,2,0,0,,True
full_features,3class,ordinal_logistic,training_Utrecht_Utrecht_37,Utrecht,3,2,2,2,,True
full_features,3class,ordinal_logistic,training_Utrecht_Utrecht_39,Utrecht,3,2,2,2,,True
full_features,3class,ordinal_logistic,training_Amsterdam_GE3T_100,Amsterdam,3,3,0,0,,True
full_features,3class,ordinal_logistic,training_Amsterdam_GE3T_114,Amsterdam,3,3,1,1,,True
full_features,3class,ordinal_logistic,training_Singapore_Singapore_50,Singapore,3,3,2,2,,True
full_features,3class,ordinal_logistic,training_Singapore_Singapore_51,Singapore,3,3,2,2,,True
full_features,3class,ordinal_logistic,training_Singapore_Singapore_53,Singapore,3,3,0,0,,True
full_features,3class,ordinal_logistic,training_Singapore_Singapore_55,Singapore,3,3,0,0,,True
full_features,3class,ordinal_logistic,training_Singapore_Singapore_61,Singapore,3,3,1,1,,True
full_features,3class,ordinal_logistic,training_Singapore_Singapore_63,Singapore,3,3,2,2,,True
full_features,3class,ordinal_logistic,training_Utrecht_Utrecht_29,Utrecht,3,3,2,2,,True
full_features,3class,ordinal_logistic,training_Utrecht_Utrecht_35,Utrecht,3,3,0,1,,True
full_features,3class,ordinal_logistic,training_Utrecht_Utrecht_41,Utrecht,3,3,2,2,,True
full_features,3class,ordinal_logistic,training_Utrecht_Utrecht_8,Utrecht,3,3,0,0,,True
full_features,3class,ordinal_logistic,training_Amsterdam_GE3T_103,Amsterdam,3,4,2,2,,True
full_features,3class,ordinal_logistic,training_Amsterdam_GE3T_105,Amsterdam,3,4,1,0,,True
full_features,3class,ordinal_logistic,training_Amsterdam_GE3T_109,Amsterdam,3,4,0,0,,True
full_features,3class,ordinal_logistic,training_Amsterdam_GE3T_112,Amsterdam,3,4,0,0,,True
full_features,3class,ordinal_logistic,training_Amsterdam_GE3T_116,Amsterdam,3,4,0,0,,True
full_features,3class,ordinal_logistic,training_Singapore_Singapore_58,Singapore,3,4,0,0,,True
full_features,3class,ordinal_logistic,training_Singapore_Singapore_60,Singapore,3,4,2,2,,True
full_features,3class,ordinal_logistic,training_Singapore_Singapore_66,Singapore,3,4,1,0,,True
full_features,3class,ordinal_logistic,training_Singapore_Singapore_67,Singapore,3,4,2,2,,True
full_features,3class,ordinal_logistic,training_Utrecht_Utrecht_21,Utrecht,3,4,2,2,,True
full_features,3class,ordinal_logistic,training_Utrecht_Utrecht_23,Utrecht,3,4,0,0,,True
full_features,3class,ordinal_logistic,training_Utrecht_Utrecht_25,Utrecht,3,4,2,2,,True
full_features,3class,ordinal_logistic,training_Amsterdam_GE3T_100,Amsterdam,4,0,0,0,,True
full_features,3class,ordinal_logistic,training_Amsterdam_GE3T_104,Amsterdam,4,0,2,2,,True
full_features,3class,ordinal_logistic,training_Amsterdam_GE3T_113,Amsterdam,4,0,2,2,,True
full_features,3class,ordinal_logistic,training_Amsterdam_GE3T_116,Amsterdam,4,0,0,0,,True
full_features,3class,ordinal_logistic,training_Singapore_Singapore_54,Singapore,4,0,0,0,,True
full_features,3class,ordinal_logistic,training_Singapore_Singapore_61,Singapore,4,0,1,0,,True
full_features,3class,ordinal_logistic,training_Singapore_Singapore_69,Singapore,4,0,2,1,,True
full_features,3class,ordinal_logistic,training_Utrecht_Utrecht_11,Utrecht,4,0,0,0,,True
full_features,3class,ordinal_logistic,training_Utrecht_Utrecht_17,Utrecht,4,0,0,0,,True
full_features,3class,ordinal_logistic,training_Utrecht_Utrecht_23,Utrecht,4,0,0,0,,True
full_features,3class,ordinal_logistic,training_Utrecht_Utrecht_25,Utrecht,4,0,2,2,,True
full_features,3class,ordinal_logistic,training_Utrecht_Utrecht_41,Utrecht,4,0,2,2,,True
full_features,3class,ordinal_logistic,training_Amsterdam_GE3T_109,Amsterdam,4,1,0,0,,True
full_features,3class,ordinal_logistic,training_Amsterdam_GE3T_112,Amsterdam,4,1,0,0,,True
full_features,3class,ordinal_logistic,training_Amsterdam_GE3T_114,Amsterdam,4,1,1,1,,True
full_features,3class,ordinal_logistic,training_Singapore_Singapore_51,Singapore,4,1,2,2,,True
full_features,3class,ordinal_logistic,training_Singapore_Singapore_57,Singapore,4,1,1,1,,True
full_features,3class,ordinal_logistic,training_Singapore_Singapore_62,Singapore,4,1,2,2,,True
full_features,3class,ordinal_logistic,training_Utrecht_Utrecht_21,Utrecht,4,1,2,2,,True
full_features,3class,ordinal_logistic,training_Utrecht_Utrecht_27,Utrecht,4,1,0,0,,True
full_features,3class,ordinal_logistic,training_Utrecht_Utrecht_29,Utrecht,4,1,2,2,,True
full_features,3class,ordinal_logistic,training_Utrecht_Utrecht_33,Utrecht,4,1,0,0,,True
full_features,3class,ordinal_logistic,training_Utrecht_Utrecht_37,Utrecht,4,1,2,2,,True
full_features,3class,ordinal_logistic,training_Utrecht_Utrecht_6,Utrecht,4,1,0,0,,True
full_features,3class,ordinal_logistic,training_Amsterdam_GE3T_101,Amsterdam,4,2,0,0,,True
full_features,3class,ordinal_logistic,training_Amsterdam_GE3T_103,Amsterdam,4,2,2,2,,True
full_features,3class,ordinal_logistic,training_Amsterdam_GE3T_107,Amsterdam,4,2,0,1,,True
full_features,3class,ordinal_logistic,training_Amsterdam_GE3T_126,Amsterdam,4,2,1,2,,True
full_features,3class,ordinal_logistic,training_Singapore_Singapore_50,Singapore,4,2,2,2,,True
full_features,3class,ordinal_logistic,training_Singapore_Singapore_52,Singapore,4,2,0,0,,True
full_features,3class,ordinal_logistic,training_Singapore_Singapore_53,Singapore,4,2,0,0,,True
full_features,3class,ordinal_logistic,training_Singapore_Singapore_59,Singapore,4,2,2,1,,True
full_features,3class,ordinal_logistic,training_Singapore_Singapore_60,Singapore,4,2,2,2,,True
full_features,3class,ordinal_logistic,training_Singapore_Singapore_65,Singapore,4,2,2,1,,True
full_features,3class,ordinal_logistic,training_Singapore_Singapore_66,Singapore,4,2,1,0,,True
full_features,3class,ordinal_logistic,training_Utrecht_Utrecht_35,Utrecht,4,2,0,0,,True
full_features,3class,ordinal_logistic,training_Amsterdam_GE3T_102,Amsterdam,4,3,0,0,,True
full_features,3class,ordinal_logistic,training_Amsterdam_GE3T_105,Amsterdam,4,3,1,1,,True
full_features,3class,ordinal_logistic,training_Amsterdam_GE3T_106,Amsterdam,4,3,0,0,,True
full_features,3class,ordinal_logistic,training_Amsterdam_GE3T_115,Amsterdam,4,3,0,0,,True
full_features,3class,ordinal_logistic,training_Amsterdam_GE3T_144,Amsterdam,4,3,0,0,,True
full_features,3class,ordinal_logistic,training_Singapore_Singapore_55,Singapore,4,3,0,0,,True
full_features,3class,ordinal_logistic,training_Singapore_Singapore_56,Singapore,4,3,1,2,,True
full_features,3class,ordinal_logistic,training_Singapore_Singapore_67,Singapore,4,3,2,2,,True
full_features,3class,ordinal_logistic,training_Singapore_Singapore_68,Singapore,4,3,2,1,,True
full_features,3class,ordinal_logistic,training_Utrecht_Utrecht_2,Utrecht,4,3,2,2,,True
full_features,3class,ordinal_logistic,training_Utrecht_Utrecht_39,Utrecht,4,3,2,2,,True
full_features,3class,ordinal_logistic,training_Utrecht_Utrecht_49,Utrecht,4,3,2,2,,True
full_features,3class,ordinal_logistic,training_Amsterdam_GE3T_108,Amsterdam,4,4,0,0,,True
full_features,3class,ordinal_logistic,training_Amsterdam_GE3T_110,Amsterdam,4,4,0,0,,True
full_features,3class,ordinal_logistic,training_Amsterdam_GE3T_132,Amsterdam,4,4,2,2,,True
full_features,3class,ordinal_logistic,training_Amsterdam_GE3T_137,Amsterdam,4,4,0,0,,True
full_features,3class,ordinal_logistic,training_Singapore_Singapore_58,Singapore,4,4,0,0,,True
full_features,3class,ordinal_logistic,training_Singapore_Singapore_63,Singapore,4,4,2,2,,True
full_features,3class,ordinal_logistic,training_Singapore_Singapore_64,Singapore,4,4,1,1,,True
full_features,3class,ordinal_logistic,training_Utrecht_Utrecht_0,Utrecht,4,4,2,2,,True
full_features,3class,ordinal_logistic,training_Utrecht_Utrecht_19,Utrecht,4,4,1,2,,True
full_features,3class,ordinal_logistic,training_Utrecht_Utrecht_31,Utrecht,4,4,2,2,,True
full_features,3class,ordinal_logistic,training_Utrecht_Utrecht_4,Utrecht,4,4,2,2,,True
full_features,3class,ordinal_logistic,training_Utrecht_Utrecht_8,Utrecht,4,4,0,0,,True
full_features,3class,ordinal_logistic,training_Amsterdam_GE3T_100,Amsterdam,5,0,0,0,,True
full_features,3class,ordinal_logistic,training_Amsterdam_GE3T_105,Amsterdam,5,0,1,1,,True
full_features,3class,ordinal_logistic,training_Amsterdam_GE3T_109,Amsterdam,5,0,0,0,,True
full_features,3class,ordinal_logistic,training_Amsterdam_GE3T_137,Amsterdam,5,0,0,0,,True
full_features,3class,ordinal_logistic,training_Singapore_Singapore_55,Singapore,5,0,0,0,,True
full_features,3class,ordinal_logistic,training_Singapore_Singapore_67,Singapore,5,0,2,2,,True
full_features,3class,ordinal_logistic,training_Utrecht_Utrecht_0,Utrecht,5,0,2,2,,True
full_features,3class,ordinal_logistic,training_Utrecht_Utrecht_2,Utrecht,5,0,2,2,,True
full_features,3class,ordinal_logistic,training_Utrecht_Utrecht_27,Utrecht,5,0,0,0,,True
full_features,3class,ordinal_logistic,training_Utrecht_Utrecht_31,Utrecht,5,0,2,2,,True
full_features,3class,ordinal_logistic,training_Utrecht_Utrecht_35,Utrecht,5,0,0,1,,True
full_features,3class,ordinal_logistic,training_Utrecht_Utrecht_41,Utrecht,5,0,2,2,,True
full_features,3class,ordinal_logistic,training_Amsterdam_GE3T_101,Amsterdam,5,1,0,0,,True
full_features,3class,ordinal_logistic,training_Amsterdam_GE3T_102,Amsterdam,5,1,0,0,,True
full_features,3class,ordinal_logistic,training_Amsterdam_GE3T_106,Amsterdam,5,1,0,0,,True
full_features,3class,ordinal_logistic,training_Amsterdam_GE3T_126,Amsterdam,5,1,1,2,,True
full_features,3class,ordinal_logistic,training_Singapore_Singapore_50,Singapore,5,1,2,2,,True
full_features,3class,ordinal_logistic,training_Singapore_Singapore_52,Singapore,5,1,0,0,,True
full_features,3class,ordinal_logistic,training_Singapore_Singapore_56,Singapore,5,1,1,2,,True
full_features,3class,ordinal_logistic,training_Singapore_Singapore_60,Singapore,5,1,2,2,,True
full_features,3class,ordinal_logistic,training_Singapore_Singapore_62,Singapore,5,1,2,2,,True
full_features,3class,ordinal_logistic,training_Singapore_Singapore_63,Singapore,5,1,2,2,,True
full_features,3class,ordinal_logistic,training_Utrecht_Utrecht_11,Utrecht,5,1,0,0,,True
full_features,3class,ordinal_logistic,training_Utrecht_Utrecht_21,Utrecht,5,1,2,2,,True
full_features,3class,ordinal_logistic,training_Amsterdam_GE3T_104,Amsterdam,5,2,2,1,,True
full_features,3class,ordinal_logistic,training_Amsterdam_GE3T_107,Amsterdam,5,2,0,0,,True
full_features,3class,ordinal_logistic,training_Amsterdam_GE3T_108,Amsterdam,5,2,0,0,,True
full_features,3class,ordinal_logistic,training_Amsterdam_GE3T_114,Amsterdam,5,2,1,1,,True
full_features,3class,ordinal_logistic,training_Amsterdam_GE3T_115,Amsterdam,5,2,0,0,,True
full_features,3class,ordinal_logistic,training_Amsterdam_GE3T_132,Amsterdam,5,2,2,2,,True
full_features,3class,ordinal_logistic,training_Singapore_Singapore_51,Singapore,5,2,2,2,,True
full_features,3class,ordinal_logistic,training_Singapore_Singapore_57,Singapore,5,2,1,1,,True
full_features,3class,ordinal_logistic,training_Singapore_Singapore_68,Singapore,5,2,2,1,,True
full_features,3class,ordinal_logistic,training_Utrecht_Utrecht_23,Utrecht,5,2,0,0,,True
full_features,3class,ordinal_logistic,training_Utrecht_Utrecht_33,Utrecht,5,2,0,0,,True
full_features,3class,ordinal_logistic,training_Utrecht_Utrecht_39,Utrecht,5,2,2,2,,True
full_features,3class,ordinal_logistic,training_Amsterdam_GE3T_103,Amsterdam,5,3,2,2,,True
full_features,3class,ordinal_logistic,training_Amsterdam_GE3T_110,Amsterdam,5,3,0,0,,True
full_features,3class,ordinal_logistic,training_Amsterdam_GE3T_112,Amsterdam,5,3,0,0,,True
full_features,3class,ordinal_logistic,training_Amsterdam_GE3T_113,Amsterdam,5,3,2,2,,True
full_features,3class,ordinal_logistic,training_Amsterdam_GE3T_116,Amsterdam,5,3,0,0,,True
full_features,3class,ordinal_logistic,training_Singapore_Singapore_54,Singapore,5,3,0,0,,True
full_features,3class,ordinal_logistic,training_Singapore_Singapore_58,Singapore,5,3,0,0,,True
full_features,3class,ordinal_logistic,training_Singapore_Singapore_59,Singapore,5,3,2,2,,True
full_features,3class,ordinal_logistic,training_Singapore_Singapore_66,Singapore,5,3,1,1,,True
full_features,3class,ordinal_logistic,training_Utrecht_Utrecht_19,Utrecht,5,3,1,1,,True
full_features,3class,ordinal_logistic,training_Utrecht_Utrecht_25,Utrecht,5,3,2,2,,True
full_features,3class,ordinal_logistic,training_Utrecht_Utrecht_4,Utrecht,5,3,2,2,,True
full_features,3class,ordinal_logistic,training_Amsterdam_GE3T_144,Amsterdam,5,4,0,0,,True
full_features,3class,ordinal_logistic,training_Singapore_Singapore_53,Singapore,5,4,0,0,,True
full_features,3class,ordinal_logistic,training_Singapore_Singapore_61,Singapore,5,4,1,0,,True
full_features,3class,ordinal_logistic,training_Singapore_Singapore_64,Singapore,5,4,1,1,,True
full_features,3class,ordinal_logistic,training_Singapore_Singapore_65,Singapore,5,4,2,2,,True
full_features,3class,ordinal_logistic,training_Singapore_Singapore_69,Singapore,5,4,2,1,,True
full_features,3class,ordinal_logistic,training_Utrecht_Utrecht_17,Utrecht,5,4,0,0,,True
full_features,3class,ordinal_logistic,training_Utrecht_Utrecht_29,Utrecht,5,4,2,2,,True
full_features,3class,ordinal_logistic,training_Utrecht_Utrecht_37,Utrecht,5,4,2,2,,True
full_features,3class,ordinal_logistic,training_Utrecht_Utrecht_49,Utrecht,5,4,2,2,,True
full_features,3class,ordinal_logistic,training_Utrecht_Utrecht_6,Utrecht,5,4,0,0,,True
full_features,3class,ordinal_logistic,training_Utrecht_Utrecht_8,Utrecht,5,4,0,0,,True
full_features,3class,ordinal_logistic,training_Amsterdam_GE3T_107,Amsterdam,6,0,0,0,,True
full_features,3class,ordinal_logistic,training_Amsterdam_GE3T_109,Amsterdam,6,0,0,0,,True
full_features,3class,ordinal_logistic,training_Amsterdam_GE3T_113,Amsterdam,6,0,2,2,,True
full_features,3class,ordinal_logistic,training_Singapore_Singapore_52,Singapore,6,0,0,0,,True
full_features,3class,ordinal_logistic,training_Singapore_Singapore_58,Singapore,6,0,0,0,,True
full_features,3class,ordinal_logistic,training_Singapore_Singapore_64,Singapore,6,0,1,1,,True
full_features,3class,ordinal_logistic,training_Utrecht_Utrecht_0,Utrecht,6,0,2,2,,True
full_features,3class,ordinal_logistic,training_Utrecht_Utrecht_11,Utrecht,6,0,0,0,,True
full_features,3class,ordinal_logistic,training_Utrecht_Utrecht_29,Utrecht,6,0,2,2,,True
full_features,3class,ordinal_logistic,training_Utrecht_Utrecht_4,Utrecht,6,0,2,2,,True
full_features,3class,ordinal_logistic,training_Utrecht_Utrecht_49,Utrecht,6,0,2,2,,True
full_features,3class,ordinal_logistic,training_Utrecht_Utrecht_6,Utrecht,6,0,0,0,,True
full_features,3class,ordinal_logistic,training_Amsterdam_GE3T_102,Amsterdam,6,1,0,0,,True
full_features,3class,ordinal_logistic,training_Amsterdam_GE3T_106,Amsterdam,6,1,0,0,,True
full_features,3class,ordinal_logistic,training_Amsterdam_GE3T_115,Amsterdam,6,1,0,0,,True
full_features,3class,ordinal_logistic,training_Singapore_Singapore_50,Singapore,6,1,2,2,,True
full_features,3class,ordinal_logistic,training_Singapore_Singapore_56,Singapore,6,1,1,2,,True
full_features,3class,ordinal_logistic,training_Singapore_Singapore_62,Singapore,6,1,2,2,,True
full_features,3class,ordinal_logistic,training_Singapore_Singapore_67,Singapore,6,1,2,2,,True
full_features,3class,ordinal_logistic,training_Singapore_Singapore_68,Singapore,6,1,2,1,,True
full_features,3class,ordinal_logistic,training_Utrecht_Utrecht_19,Utrecht,6,1,1,1,,True
full_features,3class,ordinal_logistic,training_Utrecht_Utrecht_33,Utrecht,6,1,0,0,,True
full_features,3class,ordinal_logistic,training_Utrecht_Utrecht_35,Utrecht,6,1,0,1,,True
full_features,3class,ordinal_logistic,training_Utrecht_Utrecht_41,Utrecht,6,1,2,2,,True
full_features,3class,ordinal_logistic,training_Amsterdam_GE3T_105,Amsterdam,6,2,1,1,,True
full_features,3class,ordinal_logistic,training_Amsterdam_GE3T_108,Amsterdam,6,2,0,0,,True
full_features,3class,ordinal_logistic,training_Amsterdam_GE3T_112,Amsterdam,6,2,0,0,,True
full_features,3class,ordinal_logistic,training_Amsterdam_GE3T_114,Amsterdam,6,2,1,1,,True
full_features,3class,ordinal_logistic,training_Amsterdam_GE3T_116,Amsterdam,6,2,0,0,,True
full_features,3class,ordinal_logistic,training_Amsterdam_GE3T_132,Amsterdam,6,2,2,2,,True
full_features,3class,ordinal_logistic,training_Amsterdam_GE3T_137,Amsterdam,6,2,0,0,,True
full_features,3class,ordinal_logistic,training_Singapore_Singapore_53,Singapore,6,2,0,0,,True
full_features,3class,ordinal_logistic,training_Singapore_Singapore_59,Singapore,6,2,2,2,,True
full_features,3class,ordinal_logistic,training_Singapore_Singapore_60,Singapore,6,2,2,2,,True
full_features,3class,ordinal_logistic,training_Singapore_Singapore_65,Singapore,6,2,2,2,,True
full_features,3class,ordinal_logistic,training_Utrecht_Utrecht_37,Utrecht,6,2,2,2,,True
full_features,3class,ordinal_logistic,training_Amsterdam_GE3T_100,Amsterdam,6,3,0,0,,True
full_features,3class,ordinal_logistic,training_Amsterdam_GE3T_101,Amsterdam,6,3,0,0,,True
full_features,3class,ordinal_logistic,training_Amsterdam_GE3T_103,Amsterdam,6,3,2,2,,True
full_features,3class,ordinal_logistic,training_Singapore_Singapore_55,Singapore,6,3,0,0,,True
full_features,3class,ordinal_logistic,training_Singapore_Singapore_57,Singapore,6,3,1,1,,True
full_features,3class,ordinal_logistic,training_Singapore_Singapore_61,Singapore,6,3,1,0,,True
full_features,3class,ordinal_logistic,training_Utrecht_Utrecht_2,Utrecht,6,3,2,2,,True
full_features,3class,ordinal_logistic,training_Utrecht_Utrecht_21,Utrecht,6,3,2,2,,True
full_features,3class,ordinal_logistic,training_Utrecht_Utrecht_23,Utrecht,6,3,0,0,,True
full_features,3class,ordinal_logistic,training_Utrecht_Utrecht_25,Utrecht,6,3,2,2,,True
full_features,3class,ordinal_logistic,training_Utrecht_Utrecht_27,Utrecht,6,3,0,0,,True
full_features,3class,ordinal_logistic,training_Utrecht_Utrecht_39,Utrecht,6,3,2,2,,True
full_features,3class,ordinal_logistic,training_Amsterdam_GE3T_104,Amsterdam,6,4,2,2,,True
full_features,3class,ordinal_logistic,training_Amsterdam_GE3T_110,Amsterdam,6,4,0,0,,True
full_features,3class,ordinal_logistic,training_Amsterdam_GE3T_126,Amsterdam,6,4,1,1,,True
full_features,3class,ordinal_logistic,training_Amsterdam_GE3T_144,Amsterdam,6,4,0,0,,True
full_features,3class,ordinal_logistic,training_Singapore_Singapore_51,Singapore,6,4,2,2,,True
full_features,3class,ordinal_logistic,training_Singapore_Singapore_54,Singapore,6,4,0,0,,True
full_features,3class,ordinal_logistic,training_Singapore_Singapore_63,Singapore,6,4,2,2,,True
full_features,3class,ordinal_logistic,training_Singapore_Singapore_66,Singapore,6,4,1,1,,True
full_features,3class,ordinal_logistic,training_Singapore_Singapore_69,Singapore,6,4,2,1,,True
full_features,3class,ordinal_logistic,training_Utrecht_Utrecht_17,Utrecht,6,4,0,0,,True
full_features,3class,ordinal_logistic,training_Utrecht_Utrecht_31,Utrecht,6,4,2,2,,True
full_features,3class,ordinal_logistic,training_Utrecht_Utrecht_8,Utrecht,6,4,0,0,,True
full_features,3class,ordinal_logistic,training_Amsterdam_GE3T_102,Amsterdam,7,0,0,0,,True
full_features,3class,ordinal_logistic,training_Amsterdam_GE3T_103,Amsterdam,7,0,2,2,,True
full_features,3class,ordinal_logistic,training_Amsterdam_GE3T_105,Amsterdam,7,0,1,1,,True
full_features,3class,ordinal_logistic,training_Amsterdam_GE3T_113,Amsterdam,7,0,2,2,,True
full_features,3class,ordinal_logistic,training_Amsterdam_GE3T_115,Amsterdam,7,0,0,0,,True
full_features,3class,ordinal_logistic,training_Singapore_Singapore_52,Singapore,7,0,0,0,,True
full_features,3class,ordinal_logistic,training_Singapore_Singapore_54,Singapore,7,0,0,0,,True
full_features,3class,ordinal_logistic,training_Singapore_Singapore_58,Singapore,7,0,0,0,,True
full_features,3class,ordinal_logistic,training_Singapore_Singapore_59,Singapore,7,0,2,1,,True
full_features,3class,ordinal_logistic,training_Singapore_Singapore_67,Singapore,7,0,2,2,,True
full_features,3class,ordinal_logistic,training_Singapore_Singapore_68,Singapore,7,0,2,1,,True
full_features,3class,ordinal_logistic,training_Utrecht_Utrecht_27,Utrecht,7,0,0,0,,True
full_features,3class,ordinal_logistic,training_Amsterdam_GE3T_100,Amsterdam,7,1,0,0,,True
full_features,3class,ordinal_logistic,training_Amsterdam_GE3T_101,Amsterdam,7,1,0,0,,True
full_features,3class,ordinal_logistic,training_Amsterdam_GE3T_110,Amsterdam,7,1,0,0,,True
full_features,3class,ordinal_logistic,training_Amsterdam_GE3T_112,Amsterdam,7,1,0,0,,True
full_features,3class,ordinal_logistic,training_Singapore_Singapore_50,Singapore,7,1,2,2,,True
full_features,3class,ordinal_logistic,training_Singapore_Singapore_57,Singapore,7,1,1,1,,True
full_features,3class,ordinal_logistic,training_Singapore_Singapore_60,Singapore,7,1,2,2,,True
full_features,3class,ordinal_logistic,training_Singapore_Singapore_65,Singapore,7,1,2,2,,True
full_features,3class,ordinal_logistic,training_Utrecht_Utrecht_19,Utrecht,7,1,1,2,,True
full_features,3class,ordinal_logistic,training_Utrecht_Utrecht_25,Utrecht,7,1,2,2,,True
full_features,3class,ordinal_logistic,training_Utrecht_Utrecht_29,Utrecht,7,1,2,2,,True
full_features,3class,ordinal_logistic,training_Utrecht_Utrecht_6,Utrecht,7,1,0,0,,True
full_features,3class,ordinal_logistic,training_Amsterdam_GE3T_104,Amsterdam,7,2,2,2,,True
full_features,3class,ordinal_logistic,training_Amsterdam_GE3T_108,Amsterdam,7,2,0,0,,True
full_features,3class,ordinal_logistic,training_Amsterdam_GE3T_137,Amsterdam,7,2,0,1,,True
full_features,3class,ordinal_logistic,training_Singapore_Singapore_55,Singapore,7,2,0,0,,True
full_features,3class,ordinal_logistic,training_Singapore_Singapore_61,Singapore,7,2,1,1,,True
full_features,3class,ordinal_logistic,training_Singapore_Singapore_63,Singapore,7,2,2,2,,True
full_features,3class,ordinal_logistic,training_Singapore_Singapore_64,Singapore,7,2,1,1,,True
full_features,3class,ordinal_logistic,training_Singapore_Singapore_69,Singapore,7,2,2,1,,True
full_features,3class,ordinal_logistic,training_Utrecht_Utrecht_0,Utrecht,7,2,2,2,,True
full_features,3class,ordinal_logistic,training_Utrecht_Utrecht_17,Utrecht,7,2,0,0,,True
full_features,3class,ordinal_logistic,training_Utrecht_Utrecht_21,Utrecht,7,2,2,2,,True
full_features,3class,ordinal_logistic,training_Utrecht_Utrecht_35,Utrecht,7,2,0,1,,True
full_features,3class,ordinal_logistic,training_Amsterdam_GE3T_106,Amsterdam,7,3,0,0,,True
full_features,3class,ordinal_logistic,training_Amsterdam_GE3T_109,Amsterdam,7,3,0,0,,True
full_features,3class,ordinal_logistic,training_Amsterdam_GE3T_116,Amsterdam,7,3,0,0,,True
full_features,3class,ordinal_logistic,training_Amsterdam_GE3T_126,Amsterdam,7,3,1,2,,True
full_features,3class,ordinal_logistic,training_Singapore_Singapore_51,Singapore,7,3,2,2,,True
full_features,3class,ordinal_logistic,training_Singapore_Singapore_66,Singapore,7,3,1,0,,True
full_features,3class,ordinal_logistic,training_Utrecht_Utrecht_2,Utrecht,7,3,2,2,,True
full_features,3class,ordinal_logistic,training_Utrecht_Utrecht_31,Utrecht,7,3,2,2,,True
full_features,3class,ordinal_logistic,training_Utrecht_Utrecht_33,Utrecht,7,3,0,0,,True
full_features,3class,ordinal_logistic,training_Utrecht_Utrecht_37,Utrecht,7,3,2,2,,True
full_features,3class,ordinal_logistic,training_Utrecht_Utrecht_41,Utrecht,7,3,2,2,,True
full_features,3class,ordinal_logistic,training_Utrecht_Utrecht_8,Utrecht,7,3,0,0,,True
full_features,3class,ordinal_logistic,training_Amsterdam_GE3T_107,Amsterdam,7,4,0,0,,True
full_features,3class,ordinal_logistic,training_Amsterdam_GE3T_114,Amsterdam,7,4,1,1,,True
full_features,3class,ordinal_logistic,training_Amsterdam_GE3T_132,Amsterdam,7,4,2,2,,True
full_features,3class,ordinal_logistic,training_Amsterdam_GE3T_144,Amsterdam,7,4,0,0,,True
full_features,3class,ordinal_logistic,training_Singapore_Singapore_53,Singapore,7,4,0,0,,True
full_features,3class,ordinal_logistic,training_Singapore_Singapore_56,Singapore,7,4,1,2,,True
full_features,3class,ordinal_logistic,training_Singapore_Singapore_62,Singapore,7,4,2,2,,True
full_features,3class,ordinal_logistic,training_Utrecht_Utrecht_11,Utrecht,7,4,0,0,,True
full_features,3class,ordinal_logistic,training_Utrecht_Utrecht_23,Utrecht,7,4,0,0,,True
full_features,3class,ordinal_logistic,training_Utrecht_Utrecht_39,Utrecht,7,4,2,2,,True
full_features,3class,ordinal_logistic,training_Utrecht_Utrecht_4,Utrecht,7,4,2,2,,True
full_features,3class,ordinal_logistic,training_Utrecht_Utrecht_49,Utrecht,7,4,2,2,,True
full_features,3class,ordinal_logistic,training_Amsterdam_GE3T_105,Amsterdam,8,0,1,1,,True
full_features,3class,ordinal_logistic,training_Amsterdam_GE3T_106,Amsterdam,8,0,0,0,,True
full_features,3class,ordinal_logistic,training_Amsterdam_GE3T_108,Amsterdam,8,0,0,0,,True
full_features,3class,ordinal_logistic,training_Amsterdam_GE3T_112,Amsterdam,8,0,0,0,,True
full_features,3class,ordinal_logistic,training_Amsterdam_GE3T_113,Amsterdam,8,0,2,2,,True
full_features,3class,ordinal_logistic,training_Singapore_Singapore_54,Singapore,8,0,0,0,,True
full_features,3class,ordinal_logistic,training_Singapore_Singapore_68,Singapore,8,0,2,1,,True
full_features,3class,ordinal_logistic,training_Singapore_Singapore_69,Singapore,8,0,2,1,,True
full_features,3class,ordinal_logistic,training_Utrecht_Utrecht_17,Utrecht,8,0,0,0,,True
full_features,3class,ordinal_logistic,training_Utrecht_Utrecht_23,Utrecht,8,0,0,0,,True
full_features,3class,ordinal_logistic,training_Utrecht_Utrecht_39,Utrecht,8,0,2,2,,True
full_features,3class,ordinal_logistic,training_Utrecht_Utrecht_49,Utrecht,8,0,2,2,,True
full_features,3class,ordinal_logistic,training_Amsterdam_GE3T_103,Amsterdam,8,1,2,2,,True
full_features,3class,ordinal_logistic,training_Amsterdam_GE3T_104,Amsterdam,8,1,2,1,,True
full_features,3class,ordinal_logistic,training_Amsterdam_GE3T_109,Amsterdam,8,1,0,0,,True
full_features,3class,ordinal_logistic,training_Amsterdam_GE3T_137,Amsterdam,8,1,0,0,,True
full_features,3class,ordinal_logistic,training_Singapore_Singapore_50,Singapore,8,1,2,2,,True
full_features,3class,ordinal_logistic,training_Singapore_Singapore_53,Singapore,8,1,0,0,,True
full_features,3class,ordinal_logistic,training_Singapore_Singapore_56,Singapore,8,1,1,2,,True
full_features,3class,ordinal_logistic,training_Singapore_Singapore_60,Singapore,8,1,2,2,,True
full_features,3class,ordinal_logistic,training_Singapore_Singapore_61,Singapore,8,1,1,1,,True
full_features,3class,ordinal_logistic,training_Singapore_Singapore_65,Singapore,8,1,2,2,,True
full_features,3class,ordinal_logistic,training_Utrecht_Utrecht_33,Utrecht,8,1,0,0,,True
full_features,3class,ordinal_logistic,training_Utrecht_Utrecht_8,Utrecht,8,1,0,0,,True
full_features,3class,ordinal_logistic,training_Amsterdam_GE3T_102,Amsterdam,8,2,0,0,,True
full_features,3class,ordinal_logistic,training_Amsterdam_GE3T_107,Amsterdam,8,2,0,0,,True
full_features,3class,ordinal_logistic,training_Amsterdam_GE3T_144,Amsterdam,8,2,0,0,,True
full_features,3class,ordinal_logistic,training_Singapore_Singapore_59,Singapore,8,2,2,2,,True
full_features,3class,ordinal_logistic,training_Singapore_Singapore_63,Singapore,8,2,2,2,,True
full_features,3class,ordinal_logistic,training_Singapore_Singapore_64,Singapore,8,2,1,1,,True
full_features,3class,ordinal_logistic,training_Singapore_Singapore_66,Singapore,8,2,1,0,,True
full_features,3class,ordinal_logistic,training_Singapore_Singapore_67,Singapore,8,2,2,2,,True
full_features,3class,ordinal_logistic,training_Utrecht_Utrecht_11,Utrecht,8,2,0,0,,True
full_features,3class,ordinal_logistic,training_Utrecht_Utrecht_21,Utrecht,8,2,2,2,,True
full_features,3class,ordinal_logistic,training_Utrecht_Utrecht_37,Utrecht,8,2,2,2,,True
full_features,3class,ordinal_logistic,training_Utrecht_Utrecht_6,Utrecht,8,2,0,0,,True
full_features,3class,ordinal_logistic,training_Amsterdam_GE3T_100,Amsterdam,8,3,0,0,,True
full_features,3class,ordinal_logistic,training_Amsterdam_GE3T_116,Amsterdam,8,3,0,0,,True
full_features,3class,ordinal_logistic,training_Singapore_Singapore_51,Singapore,8,3,2,2,,True
full_features,3class,ordinal_logistic,training_Singapore_Singapore_55,Singapore,8,3,0,0,,True
full_features,3class,ordinal_logistic,training_Singapore_Singapore_57,Singapore,8,3,1,1,,True
full_features,3class,ordinal_logistic,training_Singapore_Singapore_58,Singapore,8,3,0,0,,True
full_features,3class,ordinal_logistic,training_Singapore_Singapore_62,Singapore,8,3,2,2,,True
full_features,3class,ordinal_logistic,training_Utrecht_Utrecht_0,Utrecht,8,3,2,2,,True
full_features,3class,ordinal_logistic,training_Utrecht_Utrecht_19,Utrecht,8,3,1,2,,True
full_features,3class,ordinal_logistic,training_Utrecht_Utrecht_29,Utrecht,8,3,2,2,,True
full_features,3class,ordinal_logistic,training_Utrecht_Utrecht_31,Utrecht,8,3,2,2,,True
full_features,3class,ordinal_logistic,training_Utrecht_Utrecht_35,Utrecht,8,3,0,1,,True
full_features,3class,ordinal_logistic,training_Amsterdam_GE3T_101,Amsterdam,8,4,0,0,,True
full_features,3class,ordinal_logistic,training_Amsterdam_GE3T_110,Amsterdam,8,4,0,0,,True
full_features,3class,ordinal_logistic,training_Amsterdam_GE3T_114,Amsterdam,8,4,1,1,,True
full_features,3class,ordinal_logistic,training_Amsterdam_GE3T_115,Amsterdam,8,4,0,0,,True
full_features,3class,ordinal_logistic,training_Amsterdam_GE3T_126,Amsterdam,8,4,1,2,,True
full_features,3class,ordinal_logistic,training_Amsterdam_GE3T_132,Amsterdam,8,4,2,2,,True
full_features,3class,ordinal_logistic,training_Singapore_Singapore_52,Singapore,8,4,0,0,,True
full_features,3class,ordinal_logistic,training_Utrecht_Utrecht_2,Utrecht,8,4,2,2,,True
full_features,3class,ordinal_logistic,training_Utrecht_Utrecht_25,Utrecht,8,4,2,2,,True
full_features,3class,ordinal_logistic,training_Utrecht_Utrecht_27,Utrecht,8,4,0,0,,True
full_features,3class,ordinal_logistic,training_Utrecht_Utrecht_4,Utrecht,8,4,2,2,,True
full_features,3class,ordinal_logistic,training_Utrecht_Utrecht_41,Utrecht,8,4,2,2,,True
full_features,3class,ordinal_logistic,training_Amsterdam_GE3T_109,Amsterdam,9,0,0,0,,True
full_features,3class,ordinal_logistic,training_Amsterdam_GE3T_113,Amsterdam,9,0,2,2,,True
full_features,3class,ordinal_logistic,training_Singapore_Singapore_52,Singapore,9,0,0,0,,True
full_features,3class,ordinal_logistic,training_Singapore_Singapore_57,Singapore,9,0,1,1,,True
full_features,3class,ordinal_logistic,training_Singapore_Singapore_62,Singapore,9,0,2,2,,True
full_features,3class,ordinal_logistic,training_Singapore_Singapore_63,Singapore,9,0,2,2,,True
full_features,3class,ordinal_logistic,training_Utrecht_Utrecht_11,Utrecht,9,0,0,0,,True
full_features,3class,ordinal_logistic,training_Utrecht_Utrecht_17,Utrecht,9,0,0,0,,True
full_features,3class,ordinal_logistic,training_Utrecht_Utrecht_27,Utrecht,9,0,0,0,,True
full_features,3class,ordinal_logistic,training_Utrecht_Utrecht_31,Utrecht,9,0,2,2,,True
full_features,3class,ordinal_logistic,training_Utrecht_Utrecht_35,Utrecht,9,0,0,1,,True
full_features,3class,ordinal_logistic,training_Utrecht_Utrecht_4,Utrecht,9,0,2,2,,True
full_features,3class,ordinal_logistic,training_Amsterdam_GE3T_100,Amsterdam,9,1,0,0,,True
full_features,3class,ordinal_logistic,training_Amsterdam_GE3T_101,Amsterdam,9,1,0,0,,True
full_features,3class,ordinal_logistic,training_Amsterdam_GE3T_104,Amsterdam,9,1,2,2,,True
full_features,3class,ordinal_logistic,training_Amsterdam_GE3T_108,Amsterdam,9,1,0,0,,True
full_features,3class,ordinal_logistic,training_Amsterdam_GE3T_126,Amsterdam,9,1,1,2,,True
full_features,3class,ordinal_logistic,training_Singapore_Singapore_54,Singapore,9,1,0,0,,True
full_features,3class,ordinal_logistic,training_Singapore_Singapore_64,Singapore,9,1,1,1,,True
full_features,3class,ordinal_logistic,training_Singapore_Singapore_65,Singapore,9,1,2,2,,True
full_features,3class,ordinal_logistic,training_Singapore_Singapore_67,Singapore,9,1,2,2,,True
full_features,3class,ordinal_logistic,training_Utrecht_Utrecht_21,Utrecht,9,1,2,2,,True
full_features,3class,ordinal_logistic,training_Utrecht_Utrecht_25,Utrecht,9,1,2,2,,True
full_features,3class,ordinal_logistic,training_Utrecht_Utrecht_33,Utrecht,9,1,0,0,,True
full_features,3class,ordinal_logistic,training_Amsterdam_GE3T_106,Amsterdam,9,2,0,0,,True
full_features,3class,ordinal_logistic,training_Amsterdam_GE3T_110,Amsterdam,9,2,0,0,,True
full_features,3class,ordinal_logistic,training_Amsterdam_GE3T_112,Amsterdam,9,2,0,0,,True
full_features,3class,ordinal_logistic,training_Amsterdam_GE3T_116,Amsterdam,9,2,0,0,,True
full_features,3class,ordinal_logistic,training_Amsterdam_GE3T_137,Amsterdam,9,2,0,0,,True
full_features,3class,ordinal_logistic,training_Singapore_Singapore_50,Singapore,9,2,2,2,,True
full_features,3class,ordinal_logistic,training_Singapore_Singapore_51,Singapore,9,2,2,2,,True
full_features,3class,ordinal_logistic,training_Singapore_Singapore_60,Singapore,9,2,2,2,,True
full_features,3class,ordinal_logistic,training_Singapore_Singapore_61,Singapore,9,2,1,1,,True
full_features,3class,ordinal_logistic,training_Singapore_Singapore_66,Singapore,9,2,1,1,,True
full_features,3class,ordinal_logistic,training_Utrecht_Utrecht_41,Utrecht,9,2,2,2,,True
full_features,3class,ordinal_logistic,training_Utrecht_Utrecht_49,Utrecht,9,2,2,2,,True
full_features,3class,ordinal_logistic,training_Amsterdam_GE3T_102,Amsterdam,9,3,0,0,,True
full_features,3class,ordinal_logistic,training_Amsterdam_GE3T_105,Amsterdam,9,3,1,1,,True
full_features,3class,ordinal_logistic,training_Amsterdam_GE3T_114,Amsterdam,9,3,1,1,,True
full_features,3class,ordinal_logistic,training_Amsterdam_GE3T_132,Amsterdam,9,3,2,2,,True
full_features,3class,ordinal_logistic,training_Amsterdam_GE3T_144,Amsterdam,9,3,0,0,,True
full_features,3class,ordinal_logistic,training_Singapore_Singapore_53,Singapore,9,3,0,0,,True
full_features,3class,ordinal_logistic,training_Singapore_Singapore_58,Singapore,9,3,0,0,,True
full_features,3class,ordinal_logistic,training_Singapore_Singapore_68,Singapore,9,3,2,1,,True
full_features,3class,ordinal_logistic,training_Utrecht_Utrecht_29,Utrecht,9,3,2,2,,True
full_features,3class,ordinal_logistic,training_Utrecht_Utrecht_37,Utrecht,9,3,2,2,,True
full_features,3class,ordinal_logistic,training_Utrecht_Utrecht_39,Utrecht,9,3,2,2,,True
full_features,3class,ordinal_logistic,training_Utrecht_Utrecht_6,Utrecht,9,3,0,0,,True
full_features,3class,ordinal_logistic,training_Amsterdam_GE3T_103,Amsterdam,9,4,2,2,,True
full_features,3class,ordinal_logistic,training_Amsterdam_GE3T_107,Amsterdam,9,4,0,0,,True
full_features,3class,ordinal_logistic,training_Amsterdam_GE3T_115,Amsterdam,9,4,0,0,,True
full_features,3class,ordinal_logistic,training_Singapore_Singapore_55,Singapore,9,4,0,0,,True
full_features,3class,ordinal_logistic,training_Singapore_Singapore_56,Singapore,9,4,1,2,,True
full_features,3class,ordinal_logistic,training_Singapore_Singapore_59,Singapore,9,4,2,2,,True
full_features,3class,ordinal_logistic,training_Singapore_Singapore_69,Singapore,9,4,2,1,,True
full_features,3class,ordinal_logistic,training_Utrecht_Utrecht_0,Utrecht,9,4,2,2,,True
full_features,3class,ordinal_logistic,training_Utrecht_Utrecht_19,Utrecht,9,4,1,1,,True
full_features,3class,ordinal_logistic,training_Utrecht_Utrecht_2,Utrecht,9,4,2,2,,True
full_features,3class,ordinal_logistic,training_Utrecht_Utrecht_23,Utrecht,9,4,0,0,,True
full_features,3class,ordinal_logistic,training_Utrecht_Utrecht_8,Utrecht,9,4,0,0,,True
full_features,3class,multinomial_logistic,training_Amsterdam_GE3T_100,Amsterdam,0,0,0,0,0.01,True
full_features,3class,multinomial_logistic,training_Amsterdam_GE3T_105,Amsterdam,0,0,1,1,0.01,True
full_features,3class,multinomial_logistic,training_Amsterdam_GE3T_107,Amsterdam,0,0,0,1,0.01,True
full_features,3class,multinomial_logistic,training_Amsterdam_GE3T_108,Amsterdam,0,0,0,0,0.01,True
full_features,3class,multinomial_logistic,training_Amsterdam_GE3T_116,Amsterdam,0,0,0,0,0.01,True
full_features,3class,multinomial_logistic,training_Singapore_Singapore_51,Singapore,0,0,2,2,0.01,True
full_features,3class,multinomial_logistic,training_Singapore_Singapore_54,Singapore,0,0,0,0,0.01,True
full_features,3class,multinomial_logistic,training_Singapore_Singapore_60,Singapore,0,0,2,2,0.01,True
full_features,3class,multinomial_logistic,training_Singapore_Singapore_67,Singapore,0,0,2,2,0.01,True
full_features,3class,multinomial_logistic,training_Singapore_Singapore_68,Singapore,0,0,2,1,0.01,True
full_features,3class,multinomial_logistic,training_Utrecht_Utrecht_0,Utrecht,0,0,2,2,0.01,True
full_features,3class,multinomial_logistic,training_Utrecht_Utrecht_11,Utrecht,0,0,0,0,0.01,True
full_features,3class,multinomial_logistic,training_Amsterdam_GE3T_113,Amsterdam,0,1,2,1,1.0,True
full_features,3class,multinomial_logistic,training_Amsterdam_GE3T_126,Amsterdam,0,1,1,1,1.0,True
full_features,3class,multinomial_logistic,training_Amsterdam_GE3T_132,Amsterdam,0,1,2,1,1.0,True
full_features,3class,multinomial_logistic,training_Amsterdam_GE3T_137,Amsterdam,0,1,0,0,1.0,True
full_features,3class,multinomial_logistic,training_Singapore_Singapore_53,Singapore,0,1,0,0,1.0,True
full_features,3class,multinomial_logistic,training_Singapore_Singapore_66,Singapore,0,1,1,0,1.0,True
full_features,3class,multinomial_logistic,training_Singapore_Singapore_69,Singapore,0,1,2,1,1.0,True
full_features,3class,multinomial_logistic,training_Utrecht_Utrecht_17,Utrecht,0,1,0,0,1.0,True
full_features,3class,multinomial_logistic,training_Utrecht_Utrecht_2,Utrecht,0,1,2,2,1.0,True
full_features,3class,multinomial_logistic,training_Utrecht_Utrecht_23,Utrecht,0,1,0,0,1.0,True
full_features,3class,multinomial_logistic,training_Utrecht_Utrecht_37,Utrecht,0,1,2,2,1.0,True
full_features,3class,multinomial_logistic,training_Utrecht_Utrecht_8,Utrecht,0,1,0,0,1.0,True
full_features,3class,multinomial_logistic,training_Amsterdam_GE3T_102,Amsterdam,0,2,0,0,0.01,True
full_features,3class,multinomial_logistic,training_Amsterdam_GE3T_103,Amsterdam,0,2,2,2,0.01,True
full_features,3class,multinomial_logistic,training_Amsterdam_GE3T_104,Amsterdam,0,2,2,1,0.01,True
full_features,3class,multinomial_logistic,training_Amsterdam_GE3T_106,Amsterdam,0,2,0,0,0.01,True
full_features,3class,multinomial_logistic,training_Amsterdam_GE3T_109,Amsterdam,0,2,0,0,0.01,True
full_features,3class,multinomial_logistic,training_Singapore_Singapore_52,Singapore,0,2,0,0,0.01,True
full_features,3class,multinomial_logistic,training_Singapore_Singapore_57,Singapore,0,2,1,1,0.01,True
full_features,3class,multinomial_logistic,training_Singapore_Singapore_64,Singapore,0,2,1,1,0.01,True
full_features,3class,multinomial_logistic,training_Singapore_Singapore_65,Singapore,0,2,2,2,0.01,True
full_features,3class,multinomial_logistic,training_Utrecht_Utrecht_27,Utrecht,0,2,0,0,0.01,True
full_features,3class,multinomial_logistic,training_Utrecht_Utrecht_29,Utrecht,0,2,2,2,0.01,True
full_features,3class,multinomial_logistic,training_Utrecht_Utrecht_49,Utrecht,0,2,2,2,0.01,True
full_features,3class,multinomial_logistic,training_Amsterdam_GE3T_114,Amsterdam,0,3,1,0,0.1,True
full_features,3class,multinomial_logistic,training_Amsterdam_GE3T_115,Amsterdam,0,3,0,0,0.1,True
full_features,3class,multinomial_logistic,training_Amsterdam_GE3T_144,Amsterdam,0,3,0,0,0.1,True
full_features,3class,multinomial_logistic,training_Singapore_Singapore_50,Singapore,0,3,2,2,0.1,True
full_features,3class,multinomial_logistic,training_Singapore_Singapore_55,Singapore,0,3,0,0,0.1,True
full_features,3class,multinomial_logistic,training_Singapore_Singapore_56,Singapore,0,3,1,2,0.1,True
full_features,3class,multinomial_logistic,training_Singapore_Singapore_63,Singapore,0,3,2,2,0.1,True
full_features,3class,multinomial_logistic,training_Utrecht_Utrecht_25,Utrecht,0,3,2,2,0.1,True
full_features,3class,multinomial_logistic,training_Utrecht_Utrecht_31,Utrecht,0,3,2,2,0.1,True
full_features,3class,multinomial_logistic,training_Utrecht_Utrecht_33,Utrecht,0,3,0,0,0.1,True
full_features,3class,multinomial_logistic,training_Utrecht_Utrecht_39,Utrecht,0,3,2,2,0.1,True
full_features,3class,multinomial_logistic,training_Utrecht_Utrecht_6,Utrecht,0,3,0,0,0.1,True
full_features,3class,multinomial_logistic,training_Amsterdam_GE3T_101,Amsterdam,0,4,0,0,10.0,True
full_features,3class,multinomial_logistic,training_Amsterdam_GE3T_110,Amsterdam,0,4,0,0,10.0,True
full_features,3class,multinomial_logistic,training_Amsterdam_GE3T_112,Amsterdam,0,4,0,0,10.0,True
full_features,3class,multinomial_logistic,training_Singapore_Singapore_58,Singapore,0,4,0,0,10.0,True
full_features,3class,multinomial_logistic,training_Singapore_Singapore_59,Singapore,0,4,2,2,10.0,True
full_features,3class,multinomial_logistic,training_Singapore_Singapore_61,Singapore,0,4,1,1,10.0,True
full_features,3class,multinomial_logistic,training_Singapore_Singapore_62,Singapore,0,4,2,2,10.0,True
full_features,3class,multinomial_logistic,training_Utrecht_Utrecht_19,Utrecht,0,4,1,2,10.0,True
full_features,3class,multinomial_logistic,training_Utrecht_Utrecht_21,Utrecht,0,4,2,2,10.0,True
full_features,3class,multinomial_logistic,training_Utrecht_Utrecht_35,Utrecht,0,4,0,0,10.0,True
full_features,3class,multinomial_logistic,training_Utrecht_Utrecht_4,Utrecht,0,4,2,2,10.0,True
full_features,3class,multinomial_logistic,training_Utrecht_Utrecht_41,Utrecht,0,4,2,2,10.0,True
full_features,3class,multinomial_logistic,training_Amsterdam_GE3T_101,Amsterdam,1,0,0,0,10.0,True
full_features,3class,multinomial_logistic,training_Amsterdam_GE3T_106,Amsterdam,1,0,0,0,10.0,True
full_features,3class,multinomial_logistic,training_Amsterdam_GE3T_107,Amsterdam,1,0,0,1,10.0,True
full_features,3class,multinomial_logistic,training_Amsterdam_GE3T_112,Amsterdam,1,0,0,0,10.0,True
full_features,3class,multinomial_logistic,training_Amsterdam_GE3T_113,Amsterdam,1,0,2,1,10.0,True
full_features,3class,multinomial_logistic,training_Singapore_Singapore_62,Singapore,1,0,2,2,10.0,True
full_features,3class,multinomial_logistic,training_Singapore_Singapore_66,Singapore,1,0,1,0,10.0,True
full_features,3class,multinomial_logistic,training_Singapore_Singapore_69,Singapore,1,0,2,1,10.0,True
full_features,3class,multinomial_logistic,training_Utrecht_Utrecht_2,Utrecht,1,0,2,2,10.0,True
full_features,3class,multinomial_logistic,training_Utrecht_Utrecht_27,Utrecht,1,0,0,0,10.0,True
full_features,3class,multinomial_logistic,training_Utrecht_Utrecht_35,Utrecht,1,0,0,0,10.0,True
full_features,3class,multinomial_logistic,training_Utrecht_Utrecht_49,Utrecht,1,0,2,2,10.0,True
full_features,3class,multinomial_logistic,training_Amsterdam_GE3T_114,Amsterdam,1,1,1,0,0.01,True
full_features,3class,multinomial_logistic,training_Amsterdam_GE3T_116,Amsterdam,1,1,0,0,0.01,True
full_features,3class,multinomial_logistic,training_Amsterdam_GE3T_137,Amsterdam,1,1,0,0,0.01,True
full_features,3class,multinomial_logistic,training_Amsterdam_GE3T_144,Amsterdam,1,1,0,0,0.01,True
full_features,3class,multinomial_logistic,training_Singapore_Singapore_50,Singapore,1,1,2,2,0.01,True
full_features,3class,multinomial_logistic,training_Singapore_Singapore_59,Singapore,1,1,2,2,0.01,True
full_features,3class,multinomial_logistic,training_Singapore_Singapore_65,Singapore,1,1,2,2,0.01,True
full_features,3class,multinomial_logistic,training_Singapore_Singapore_67,Singapore,1,1,2,2,0.01,True
full_features,3class,multinomial_logistic,training_Utrecht_Utrecht_11,Utrecht,1,1,0,0,0.01,True
full_features,3class,multinomial_logistic,training_Utrecht_Utrecht_17,Utrecht,1,1,0,0,0.01,True
full_features,3class,multinomial_logistic,training_Utrecht_Utrecht_19,Utrecht,1,1,1,1,0.01,True
full_features,3class,multinomial_logistic,training_Utrecht_Utrecht_37,Utrecht,1,1,2,2,0.01,True
full_features,3class,multinomial_logistic,training_Amsterdam_GE3T_100,Amsterdam,1,2,0,0,0.01,True
full_features,3class,multinomial_logistic,training_Amsterdam_GE3T_105,Amsterdam,1,2,1,1,0.01,True
full_features,3class,multinomial_logistic,training_Amsterdam_GE3T_110,Amsterdam,1,2,0,0,0.01,True
full_features,3class,multinomial_logistic,training_Amsterdam_GE3T_126,Amsterdam,1,2,1,1,0.01,True
full_features,3class,multinomial_logistic,training_Singapore_Singapore_52,Singapore,1,2,0,0,0.01,True
full_features,3class,multinomial_logistic,training_Singapore_Singapore_55,Singapore,1,2,0,0,0.01,True
full_features,3class,multinomial_logistic,training_Singapore_Singapore_60,Singapore,1,2,2,2,0.01,True
full_features,3class,multinomial_logistic,training_Singapore_Singapore_63,Singapore,1,2,2,2,0.01,True
full_features,3class,multinomial_logistic,training_Utrecht_Utrecht_21,Utrecht,1,2,2,2,0.01,True
full_features,3class,multinomial_logistic,training_Utrecht_Utrecht_39,Utrecht,1,2,2,2,0.01,True
full_features,3class,multinomial_logistic,training_Utrecht_Utrecht_41,Utrecht,1,2,2,2,0.01,True
full_features,3class,multinomial_logistic,training_Utrecht_Utrecht_6,Utrecht,1,2,0,0,0.01,True
full_features,3class,multinomial_logistic,training_Amsterdam_GE3T_103,Amsterdam,1,3,2,2,0.01,True
full_features,3class,multinomial_logistic,training_Amsterdam_GE3T_104,Amsterdam,1,3,2,2,0.01,True
full_features,3class,multinomial_logistic,training_Amsterdam_GE3T_109,Amsterdam,1,3,0,0,0.01,True
full_features,3class,multinomial_logistic,training_Singapore_Singapore_51,Singapore,1,3,2,2,0.01,True
full_features,3class,multinomial_logistic,training_Singapore_Singapore_53,Singapore,1,3,0,0,0.01,True
full_features,3class,multinomial_logistic,training_Singapore_Singapore_56,Singapore,1,3,1,2,0.01,True
full_features,3class,multinomial_logistic,training_Singapore_Singapore_58,Singapore,1,3,0,0,0.01,True
full_features,3class,multinomial_logistic,training_Singapore_Singapore_61,Singapore,1,3,1,1,0.01,True
full_features,3class,multinomial_logistic,training_Singapore_Singapore_68,Singapore,1,3,2,1,0.01,True
full_features,3class,multinomial_logistic,training_Utrecht_Utrecht_23,Utrecht,1,3,0,0,0.01,True
full_features,3class,multinomial_logistic,training_Utrecht_Utrecht_33,Utrecht,1,3,0,0,0.01,True
full_features,3class,multinomial_logistic,training_Utrecht_Utrecht_4,Utrecht,1,3,2,2,0.01,True
full_features,3class,multinomial_logistic,training_Amsterdam_GE3T_102,Amsterdam,1,4,0,0,0.01,True
full_features,3class,multinomial_logistic,training_Amsterdam_GE3T_108,Amsterdam,1,4,0,0,0.01,True
full_features,3class,multinomial_logistic,training_Amsterdam_GE3T_115,Amsterdam,1,4,0,0,0.01,True
full_features,3class,multinomial_logistic,training_Amsterdam_GE3T_132,Amsterdam,1,4,2,1,0.01,True
full_features,3class,multinomial_logistic,training_Singapore_Singapore_54,Singapore,1,4,0,0,0.01,True
full_features,3class,multinomial_logistic,training_Singapore_Singapore_57,Singapore,1,4,1,1,0.01,True
full_features,3class,multinomial_logistic,training_Singapore_Singapore_64,Singapore,1,4,1,1,0.01,True
full_features,3class,multinomial_logistic,training_Utrecht_Utrecht_0,Utrecht,1,4,2,2,0.01,True
full_features,3class,multinomial_logistic,training_Utrecht_Utrecht_25,Utrecht,1,4,2,2,0.01,True
full_features,3class,multinomial_logistic,training_Utrecht_Utrecht_29,Utrecht,1,4,2,2,0.01,True
full_features,3class,multinomial_logistic,training_Utrecht_Utrecht_31,Utrecht,1,4,2,2,0.01,True
full_features,3class,multinomial_logistic,training_Utrecht_Utrecht_8,Utrecht,1,4,0,0,0.01,True
full_features,3class,multinomial_logistic,training_Amsterdam_GE3T_101,Amsterdam,2,0,0,0,0.01,True
full_features,3class,multinomial_logistic,training_Amsterdam_GE3T_104,Amsterdam,2,0,2,2,0.01,True
full_features,3class,multinomial_logistic,training_Amsterdam_GE3T_114,Amsterdam,2,0,1,0,0.01,True
full_features,3class,multinomial_logistic,training_Singapore_Singapore_52,Singapore,2,0,0,0,0.01,True
full_features,3class,multinomial_logistic,training_Singapore_Singapore_55,Singapore,2,0,0,0,0.01,True
full_features,3class,multinomial_logistic,training_Singapore_Singapore_65,Singapore,2,0,2,2,0.01,True
full_features,3class,multinomial_logistic,training_Utrecht_Utrecht_17,Utrecht,2,0,0,0,0.01,True
full_features,3class,multinomial_logistic,training_Utrecht_Utrecht_35,Utrecht,2,0,0,0,0.01,True
full_features,3class,multinomial_logistic,training_Utrecht_Utrecht_4,Utrecht,2,0,2,2,0.01,True
full_features,3class,multinomial_logistic,training_Utrecht_Utrecht_41,Utrecht,2,0,2,2,0.01,True
full_features,3class,multinomial_logistic,training_Utrecht_Utrecht_49,Utrecht,2,0,2,2,0.01,True
full_features,3class,multinomial_logistic,training_Utrecht_Utrecht_6,Utrecht,2,0,0,0,0.01,True
full_features,3class,multinomial_logistic,training_Amsterdam_GE3T_103,Amsterdam,2,1,2,2,1.0,True
full_features,3class,multinomial_logistic,training_Amsterdam_GE3T_112,Amsterdam,2,1,0,0,1.0,True
full_features,3class,multinomial_logistic,training_Amsterdam_GE3T_137,Amsterdam,2,1,0,0,1.0,True
full_features,3class,multinomial_logistic,training_Singapore_Singapore_53,Singapore,2,1,0,0,1.0,True
full_features,3class,multinomial_logistic,training_Singapore_Singapore_56,Singapore,2,1,1,2,1.0,True
full_features,3class,multinomial_logistic,training_Singapore_Singapore_58,Singapore,2,1,0,0,1.0,True
full_features,3class,multinomial_logistic,training_Singapore_Singapore_59,Singapore,2,1,2,2,1.0,True
full_features,3class,multinomial_logistic,training_Singapore_Singapore_66,Singapore,2,1,1,0,1.0,True
full_features,3class,multinomial_logistic,training_Utrecht_Utrecht_21,Utrecht,2,1,2,2,1.0,True
full_features,3class,multinomial_logistic,training_Utrecht_Utrecht_27,Utrecht,2,1,0,0,1.0,True
full_features,3class,multinomial_logistic,training_Utrecht_Utrecht_31,Utrecht,2,1,2,2,1.0,True
full_features,3class,multinomial_logistic,training_Utrecht_Utrecht_37,Utrecht,2,1,2,2,1.0,True
full_features,3class,multinomial_logistic,training_Amsterdam_GE3T_100,Amsterdam,2,2,0,0,0.01,True
full_features,3class,multinomial_logistic,training_Amsterdam_GE3T_107,Amsterdam,2,2,0,1,0.01,True
full_features,3class,multinomial_logistic,training_Amsterdam_GE3T_109,Amsterdam,2,2,0,0,0.01,True
full_features,3class,multinomial_logistic,training_Amsterdam_GE3T_116,Amsterdam,2,2,0,0,0.01,True
full_features,3class,multinomial_logistic,training_Amsterdam_GE3T_126,Amsterdam,2,2,1,1,0.01,True
full_features,3class,multinomial_logistic,training_Singapore_Singapore_57,Singapore,2,2,1,1,0.01,True
full_features,3class,multinomial_logistic,training_Singapore_Singapore_63,Singapore,2,2,2,2,0.01,True
full_features,3class,multinomial_logistic,training_Utrecht_Utrecht_0,Utrecht,2,2,2,2,0.01,True
full_features,3class,multinomial_logistic,training_Utrecht_Utrecht_11,Utrecht,2,2,0,0,0.01,True
full_features,3class,multinomial_logistic,training_Utrecht_Utrecht_2,Utrecht,2,2,2,2,0.01,True
full_features,3class,multinomial_logistic,training_Utrecht_Utrecht_29,Utrecht,2,2,2,2,0.01,True
full_features,3class,multinomial_logistic,training_Utrecht_Utrecht_39,Utrecht,2,2,2,2,0.01,True
full_features,3class,multinomial_logistic,training_Amsterdam_GE3T_110,Amsterdam,2,3,0,0,0.01,True
full_features,3class,multinomial_logistic,training_Amsterdam_GE3T_113,Amsterdam,2,3,2,1,0.01,True
full_features,3class,multinomial_logistic,training_Amsterdam_GE3T_132,Amsterdam,2,3,2,1,0.01,True
full_features,3class,multinomial_logistic,training_Amsterdam_GE3T_144,Amsterdam,2,3,0,0,0.01,True
full_features,3class,multinomial_logistic,training_Singapore_Singapore_51,Singapore,2,3,2,2,0.01,True
full_features,3class,multinomial_logistic,training_Singapore_Singapore_54,Singapore,2,3,0,0,0.01,True
full_features,3class,multinomial_logistic,training_Singapore_Singapore_60,Singapore,2,3,2,2,0.01,True
full_features,3class,multinomial_logistic,training_Singapore_Singapore_61,Singapore,2,3,1,1,0.01,True
full_features,3class,multinomial_logistic,training_Utrecht_Utrecht_19,Utrecht,2,3,1,2,0.01,True
full_features,3class,multinomial_logistic,training_Utrecht_Utrecht_25,Utrecht,2,3,2,2,0.01,True
full_features,3class,multinomial_logistic,training_Utrecht_Utrecht_33,Utrecht,2,3,0,0,0.01,True
full_features,3class,multinomial_logistic,training_Utrecht_Utrecht_8,Utrecht,2,3,0,0,0.01,True
full_features,3class,multinomial_logistic,training_Amsterdam_GE3T_102,Amsterdam,2,4,0,0,0.01,True
full_features,3class,multinomial_logistic,training_Amsterdam_GE3T_105,Amsterdam,2,4,1,1,0.01,True
full_features,3class,multinomial_logistic,training_Amsterdam_GE3T_106,Amsterdam,2,4,0,0,0.01,True
full_features,3class,multinomial_logistic,training_Amsterdam_GE3T_108,Amsterdam,2,4,0,0,0.01,True
full_features,3class,multinomial_logistic,training_Amsterdam_GE3T_115,Amsterdam,2,4,0,0,0.01,True
full_features,3class,multinomial_logistic,training_Singapore_Singapore_50,Singapore,2,4,2,2,0.01,True
full_features,3class,multinomial_logistic,training_Singapore_Singapore_62,Singapore,2,4,2,2,0.01,True
full_features,3class,multinomial_logistic,training_Singapore_Singapore_64,Singapore,2,4,1,1,0.01,True
full_features,3class,multinomial_logistic,training_Singapore_Singapore_67,Singapore,2,4,2,2,0.01,True
full_features,3class,multinomial_logistic,training_Singapore_Singapore_68,Singapore,2,4,2,1,0.01,True
full_features,3class,multinomial_logistic,training_Singapore_Singapore_69,Singapore,2,4,2,2,0.01,True
full_features,3class,multinomial_logistic,training_Utrecht_Utrecht_23,Utrecht,2,4,0,0,0.01,True
full_features,3class,multinomial_logistic,training_Amsterdam_GE3T_107,Amsterdam,3,0,0,1,0.01,True
full_features,3class,multinomial_logistic,training_Amsterdam_GE3T_108,Amsterdam,3,0,0,0,0.01,True
full_features,3class,multinomial_logistic,training_Amsterdam_GE3T_113,Amsterdam,3,0,2,2,0.01,True
full_features,3class,multinomial_logistic,training_Amsterdam_GE3T_144,Amsterdam,3,0,0,0,0.01,True
full_features,3class,multinomial_logistic,training_Singapore_Singapore_54,Singapore,3,0,0,0,0.01,True
full_features,3class,multinomial_logistic,training_Singapore_Singapore_64,Singapore,3,0,1,1,0.01,True
full_features,3class,multinomial_logistic,training_Singapore_Singapore_65,Singapore,3,0,2,2,0.01,True
full_features,3class,multinomial_logistic,training_Singapore_Singapore_68,Singapore,3,0,2,1,0.01,True
full_features,3class,multinomial_logistic,training_Singapore_Singapore_69,Singapore,3,0,2,2,0.01,True
full_features,3class,multinomial_logistic,training_Utrecht_Utrecht_17,Utrecht,3,0,0,0,0.01,True
full_features,3class,multinomial_logistic,training_Utrecht_Utrecht_27,Utrecht,3,0,0,0,0.01,True
full_features,3class,multinomial_logistic,training_Utrecht_Utrecht_49,Utrecht,3,0,2,2,0.01,True
full_features,3class,multinomial_logistic,training_Amsterdam_GE3T_101,Amsterdam,3,1,0,0,1.0,True
full_features,3class,multinomial_logistic,training_Amsterdam_GE3T_102,Amsterdam,3,1,0,0,1.0,True
full_features,3class,multinomial_logistic,training_Amsterdam_GE3T_104,Amsterdam,3,1,2,2,1.0,True
full_features,3class,multinomial_logistic,training_Amsterdam_GE3T_115,Amsterdam,3,1,0,0,1.0,True
full_features,3class,multinomial_logistic,training_Amsterdam_GE3T_137,Amsterdam,3,1,0,0,1.0,True
full_features,3class,multinomial_logistic,training_Singapore_Singapore_56,Singapore,3,1,1,2,1.0,True
full_features,3class,multinomial_logistic,training_Singapore_Singapore_57,Singapore,3,1,1,1,1.0,True
full_features,3class,multinomial_logistic,training_Singapore_Singapore_62,Singapore,3,1,2,2,1.0,True
full_features,3class,multinomial_logistic,training_Utrecht_Utrecht_0,Utrecht,3,1,2,2,1.0,True
full_features,3class,multinomial_logistic,training_Utrecht_Utrecht_31,Utrecht,3,1,2,2,1.0,True
full_features,3class,multinomial_logistic,training_Utrecht_Utrecht_4,Utrecht,3,1,2,2,1.0,True
full_features,3class,multinomial_logistic,training_Utrecht_Utrecht_6,Utrecht,3,1,0,0,1.0,True
full_features,3class,multinomial_logistic,training_Amsterdam_GE3T_106,Amsterdam,3,2,0,0,0.01,True
full_features,3class,multinomial_logistic,training_Amsterdam_GE3T_110,Amsterdam,3,2,0,0,0.01,True
full_features,3class,multinomial_logistic,training_Amsterdam_GE3T_126,Amsterdam,3,2,1,1,0.01,True
full_features,3class,multinomial_logistic,training_Amsterdam_GE3T_132,Amsterdam,3,2,2,1,0.01,True
full_features,3class,multinomial_logistic,training_Singapore_Singapore_52,Singapore,3,2,0,0,0.01,True
full_features,3class,multinomial_logistic,training_Singapore_Singapore_59,Singapore,3,2,2,2,0.01,True
full_features,3class,multinomial_logistic,training_Utrecht_Utrecht_11,Utrecht,3,2,0,0,0.01,True
full_features,3class,multinomial_logistic,training_Utrecht_Utrecht_19,Utrecht,3,2,1,2,0.01,True
full_features,3class,multinomial_logistic,training_Utrecht_Utrecht_2,Utrecht,3,2,2,2,0.01,True
full_features,3class,multinomial_logistic,training_Utrecht_Utrecht_33,Utrecht,3,2,0,0,0.01,True
full_features,3class,multinomial_logistic,training_Utrecht_Utrecht_37,Utrecht,3,2,2,2,0.01,True
full_features,3class,multinomial_logistic,training_Utrecht_Utrecht_39,Utrecht,3,2,2,2,0.01,True
full_features,3class,multinomial_logistic,training_Amsterdam_GE3T_100,Amsterdam,3,3,0,0,0.1,True
full_features,3class,multinomial_logistic,training_Amsterdam_GE3T_114,Amsterdam,3,3,1,0,0.1,True
full_features,3class,multinomial_logistic,training_Singapore_Singapore_50,Singapore,3,3,2,2,0.1,True
full_features,3class,multinomial_logistic,training_Singapore_Singapore_51,Singapore,3,3,2,2,0.1,True
full_features,3class,multinomial_logistic,training_Singapore_Singapore_53,Singapore,3,3,0,0,0.1,True
full_features,3class,multinomial_logistic,training_Singapore_Singapore_55,Singapore,3,3,0,0,0.1,True
full_features,3class,multinomial_logistic,training_Singapore_Singapore_61,Singapore,3,3,1,1,0.1,True
full_features,3class,multinomial_logistic,training_Singapore_Singapore_63,Singapore,3,3,2,2,0.1,True
full_features,3class,multinomial_logistic,training_Utrecht_Utrecht_29,Utrecht,3,3,2,2,0.1,True
full_features,3class,multinomial_logistic,training_Utrecht_Utrecht_35,Utrecht,3,3,0,0,0.1,True
full_features,3class,multinomial_logistic,training_Utrecht_Utrecht_41,Utrecht,3,3,2,2,0.1,True
full_features,3class,multinomial_logistic,training_Utrecht_Utrecht_8,Utrecht,3,3,0,0,0.1,True
full_features,3class,multinomial_logistic,training_Amsterdam_GE3T_103,Amsterdam,3,4,2,2,0.01,True
full_features,3class,multinomial_logistic,training_Amsterdam_GE3T_105,Amsterdam,3,4,1,1,0.01,True
full_features,3class,multinomial_logistic,training_Amsterdam_GE3T_109,Amsterdam,3,4,0,0,0.01,True
full_features,3class,multinomial_logistic,training_Amsterdam_GE3T_112,Amsterdam,3,4,0,0,0.01,True
full_features,3class,multinomial_logistic,training_Amsterdam_GE3T_116,Amsterdam,3,4,0,0,0.01,True
full_features,3class,multinomial_logistic,training_Singapore_Singapore_58,Singapore,3,4,0,0,0.01,True
full_features,3class,multinomial_logistic,training_Singapore_Singapore_60,Singapore,3,4,2,2,0.01,True
full_features,3class,multinomial_logistic,training_Singapore_Singapore_66,Singapore,3,4,1,0,0.01,True
full_features,3class,multinomial_logistic,training_Singapore_Singapore_67,Singapore,3,4,2,2,0.01,True
full_features,3class,multinomial_logistic,training_Utrecht_Utrecht_21,Utrecht,3,4,2,2,0.01,True
full_features,3class,multinomial_logistic,training_Utrecht_Utrecht_23,Utrecht,3,4,0,0,0.01,True
full_features,3class,multinomial_logistic,training_Utrecht_Utrecht_25,Utrecht,3,4,2,2,0.01,True
full_features,3class,multinomial_logistic,training_Amsterdam_GE3T_100,Amsterdam,4,0,0,0,0.01,True
full_features,3class,multinomial_logistic,training_Amsterdam_GE3T_104,Amsterdam,4,0,2,2,0.01,True
full_features,3class,multinomial_logistic,training_Amsterdam_GE3T_113,Amsterdam,4,0,2,2,0.01,True
full_features,3class,multinomial_logistic,training_Amsterdam_GE3T_116,Amsterdam,4,0,0,0,0.01,True
full_features,3class,multinomial_logistic,training_Singapore_Singapore_54,Singapore,4,0,0,0,0.01,True
full_features,3class,multinomial_logistic,training_Singapore_Singapore_61,Singapore,4,0,1,1,0.01,True
full_features,3class,multinomial_logistic,training_Singapore_Singapore_69,Singapore,4,0,2,2,0.01,True
full_features,3class,multinomial_logistic,training_Utrecht_Utrecht_11,Utrecht,4,0,0,0,0.01,True
full_features,3class,multinomial_logistic,training_Utrecht_Utrecht_17,Utrecht,4,0,0,0,0.01,True
full_features,3class,multinomial_logistic,training_Utrecht_Utrecht_23,Utrecht,4,0,0,0,0.01,True
full_features,3class,multinomial_logistic,training_Utrecht_Utrecht_25,Utrecht,4,0,2,2,0.01,True
full_features,3class,multinomial_logistic,training_Utrecht_Utrecht_41,Utrecht,4,0,2,2,0.01,True
full_features,3class,multinomial_logistic,training_Amsterdam_GE3T_109,Amsterdam,4,1,0,0,0.1,True
full_features,3class,multinomial_logistic,training_Amsterdam_GE3T_112,Amsterdam,4,1,0,0,0.1,True
full_features,3class,multinomial_logistic,training_Amsterdam_GE3T_114,Amsterdam,4,1,1,0,0.1,True
full_features,3class,multinomial_logistic,training_Singapore_Singapore_51,Singapore,4,1,2,2,0.1,True
full_features,3class,multinomial_logistic,training_Singapore_Singapore_57,Singapore,4,1,1,1,0.1,True
full_features,3class,multinomial_logistic,training_Singapore_Singapore_62,Singapore,4,1,2,2,0.1,True
full_features,3class,multinomial_logistic,training_Utrecht_Utrecht_21,Utrecht,4,1,2,2,0.1,True
full_features,3class,multinomial_logistic,training_Utrecht_Utrecht_27,Utrecht,4,1,0,0,0.1,True
full_features,3class,multinomial_logistic,training_Utrecht_Utrecht_29,Utrecht,4,1,2,2,0.1,True
full_features,3class,multinomial_logistic,training_Utrecht_Utrecht_33,Utrecht,4,1,0,0,0.1,True
full_features,3class,multinomial_logistic,training_Utrecht_Utrecht_37,Utrecht,4,1,2,2,0.1,True
full_features,3class,multinomial_logistic,training_Utrecht_Utrecht_6,Utrecht,4,1,0,0,0.1,True
full_features,3class,multinomial_logistic,training_Amsterdam_GE3T_101,Amsterdam,4,2,0,0,0.01,True
full_features,3class,multinomial_logistic,training_Amsterdam_GE3T_103,Amsterdam,4,2,2,2,0.01,True
full_features,3class,multinomial_logistic,training_Amsterdam_GE3T_107,Amsterdam,4,2,0,1,0.01,True
full_features,3class,multinomial_logistic,training_Amsterdam_GE3T_126,Amsterdam,4,2,1,1,0.01,True
full_features,3class,multinomial_logistic,training_Singapore_Singapore_50,Singapore,4,2,2,2,0.01,True
full_features,3class,multinomial_logistic,training_Singapore_Singapore_52,Singapore,4,2,0,0,0.01,True
full_features,3class,multinomial_logistic,training_Singapore_Singapore_53,Singapore,4,2,0,0,0.01,True
full_features,3class,multinomial_logistic,training_Singapore_Singapore_59,Singapore,4,2,2,2,0.01,True
full_features,3class,multinomial_logistic,training_Singapore_Singapore_60,Singapore,4,2,2,2,0.01,True
full_features,3class,multinomial_logistic,training_Singapore_Singapore_65,Singapore,4,2,2,2,0.01,True
full_features,3class,multinomial_logistic,training_Singapore_Singapore_66,Singapore,4,2,1,0,0.01,True
full_features,3class,multinomial_logistic,training_Utrecht_Utrecht_35,Utrecht,4,2,0,0,0.01,True
full_features,3class,multinomial_logistic,training_Amsterdam_GE3T_102,Amsterdam,4,3,0,0,0.01,True
full_features,3class,multinomial_logistic,training_Amsterdam_GE3T_105,Amsterdam,4,3,1,1,0.01,True
full_features,3class,multinomial_logistic,training_Amsterdam_GE3T_106,Amsterdam,4,3,0,0,0.01,True
full_features,3class,multinomial_logistic,training_Amsterdam_GE3T_115,Amsterdam,4,3,0,0,0.01,True
full_features,3class,multinomial_logistic,training_Amsterdam_GE3T_144,Amsterdam,4,3,0,0,0.01,True
full_features,3class,multinomial_logistic,training_Singapore_Singapore_55,Singapore,4,3,0,0,0.01,True
full_features,3class,multinomial_logistic,training_Singapore_Singapore_56,Singapore,4,3,1,2,0.01,True
full_features,3class,multinomial_logistic,training_Singapore_Singapore_67,Singapore,4,3,2,2,0.01,True
full_features,3class,multinomial_logistic,training_Singapore_Singapore_68,Singapore,4,3,2,1,0.01,True
full_features,3class,multinomial_logistic,training_Utrecht_Utrecht_2,Utrecht,4,3,2,2,0.01,True
full_features,3class,multinomial_logistic,training_Utrecht_Utrecht_39,Utrecht,4,3,2,2,0.01,True
full_features,3class,multinomial_logistic,training_Utrecht_Utrecht_49,Utrecht,4,3,2,2,0.01,True
full_features,3class,multinomial_logistic,training_Amsterdam_GE3T_108,Amsterdam,4,4,0,0,0.01,True
full_features,3class,multinomial_logistic,training_Amsterdam_GE3T_110,Amsterdam,4,4,0,0,0.01,True
full_features,3class,multinomial_logistic,training_Amsterdam_GE3T_132,Amsterdam,4,4,2,1,0.01,True
full_features,3class,multinomial_logistic,training_Amsterdam_GE3T_137,Amsterdam,4,4,0,0,0.01,True
full_features,3class,multinomial_logistic,training_Singapore_Singapore_58,Singapore,4,4,0,0,0.01,True
full_features,3class,multinomial_logistic,training_Singapore_Singapore_63,Singapore,4,4,2,2,0.01,True
full_features,3class,multinomial_logistic,training_Singapore_Singapore_64,Singapore,4,4,1,1,0.01,True
full_features,3class,multinomial_logistic,training_Utrecht_Utrecht_0,Utrecht,4,4,2,2,0.01,True
full_features,3class,multinomial_logistic,training_Utrecht_Utrecht_19,Utrecht,4,4,1,2,0.01,True
full_features,3class,multinomial_logistic,training_Utrecht_Utrecht_31,Utrecht,4,4,2,2,0.01,True
full_features,3class,multinomial_logistic,training_Utrecht_Utrecht_4,Utrecht,4,4,2,2,0.01,True
full_features,3class,multinomial_logistic,training_Utrecht_Utrecht_8,Utrecht,4,4,0,0,0.01,True
full_features,3class,multinomial_logistic,training_Amsterdam_GE3T_100,Amsterdam,5,0,0,0,0.01,True
full_features,3class,multinomial_logistic,training_Amsterdam_GE3T_105,Amsterdam,5,0,1,1,0.01,True
full_features,3class,multinomial_logistic,training_Amsterdam_GE3T_109,Amsterdam,5,0,0,0,0.01,True
full_features,3class,multinomial_logistic,training_Amsterdam_GE3T_137,Amsterdam,5,0,0,0,0.01,True
full_features,3class,multinomial_logistic,training_Singapore_Singapore_55,Singapore,5,0,0,0,0.01,True
full_features,3class,multinomial_logistic,training_Singapore_Singapore_67,Singapore,5,0,2,2,0.01,True
full_features,3class,multinomial_logistic,training_Utrecht_Utrecht_0,Utrecht,5,0,2,2,0.01,True
full_features,3class,multinomial_logistic,training_Utrecht_Utrecht_2,Utrecht,5,0,2,2,0.01,True
full_features,3class,multinomial_logistic,training_Utrecht_Utrecht_27,Utrecht,5,0,0,0,0.01,True
full_features,3class,multinomial_logistic,training_Utrecht_Utrecht_31,Utrecht,5,0,2,2,0.01,True
full_features,3class,multinomial_logistic,training_Utrecht_Utrecht_35,Utrecht,5,0,0,0,0.01,True
full_features,3class,multinomial_logistic,training_Utrecht_Utrecht_41,Utrecht,5,0,2,2,0.01,True
full_features,3class,multinomial_logistic,training_Amsterdam_GE3T_101,Amsterdam,5,1,0,0,1.0,True
full_features,3class,multinomial_logistic,training_Amsterdam_GE3T_102,Amsterdam,5,1,0,0,1.0,True
full_features,3class,multinomial_logistic,training_Amsterdam_GE3T_106,Amsterdam,5,1,0,0,1.0,True
full_features,3class,multinomial_logistic,training_Amsterdam_GE3T_126,Amsterdam,5,1,1,1,1.0,True
full_features,3class,multinomial_logistic,training_Singapore_Singapore_50,Singapore,5,1,2,2,1.0,True
full_features,3class,multinomial_logistic,training_Singapore_Singapore_52,Singapore,5,1,0,0,1.0,True
full_features,3class,multinomial_logistic,training_Singapore_Singapore_56,Singapore,5,1,1,2,1.0,True
full_features,3class,multinomial_logistic,training_Singapore_Singapore_60,Singapore,5,1,2,2,1.0,True
full_features,3class,multinomial_logistic,training_Singapore_Singapore_62,Singapore,5,1,2,2,1.0,True
full_features,3class,multinomial_logistic,training_Singapore_Singapore_63,Singapore,5,1,2,2,1.0,True
full_features,3class,multinomial_logistic,training_Utrecht_Utrecht_11,Utrecht,5,1,0,0,1.0,True
full_features,3class,multinomial_logistic,training_Utrecht_Utrecht_21,Utrecht,5,1,2,2,1.0,True
full_features,3class,multinomial_logistic,training_Amsterdam_GE3T_104,Amsterdam,5,2,2,2,10.0,True
full_features,3class,multinomial_logistic,training_Amsterdam_GE3T_107,Amsterdam,5,2,0,1,10.0,True
full_features,3class,multinomial_logistic,training_Amsterdam_GE3T_108,Amsterdam,5,2,0,0,10.0,True
full_features,3class,multinomial_logistic,training_Amsterdam_GE3T_114,Amsterdam,5,2,1,2,10.0,True
full_features,3class,multinomial_logistic,training_Amsterdam_GE3T_115,Amsterdam,5,2,0,0,10.0,True
full_features,3class,multinomial_logistic,training_Amsterdam_GE3T_132,Amsterdam,5,2,2,2,10.0,True
full_features,3class,multinomial_logistic,training_Singapore_Singapore_51,Singapore,5,2,2,2,10.0,True
full_features,3class,multinomial_logistic,training_Singapore_Singapore_57,Singapore,5,2,1,1,10.0,True
full_features,3class,multinomial_logistic,training_Singapore_Singapore_68,Singapore,5,2,2,1,10.0,True
full_features,3class,multinomial_logistic,training_Utrecht_Utrecht_23,Utrecht,5,2,0,0,10.0,True
full_features,3class,multinomial_logistic,training_Utrecht_Utrecht_33,Utrecht,5,2,0,0,10.0,True
full_features,3class,multinomial_logistic,training_Utrecht_Utrecht_39,Utrecht,5,2,2,2,10.0,True
full_features,3class,multinomial_logistic,training_Amsterdam_GE3T_103,Amsterdam,5,3,2,2,1.0,True
full_features,3class,multinomial_logistic,training_Amsterdam_GE3T_110,Amsterdam,5,3,0,0,1.0,True
full_features,3class,multinomial_logistic,training_Amsterdam_GE3T_112,Amsterdam,5,3,0,0,1.0,True
full_features,3class,multinomial_logistic,training_Amsterdam_GE3T_113,Amsterdam,5,3,2,1,1.0,True
full_features,3class,multinomial_logistic,training_Amsterdam_GE3T_116,Amsterdam,5,3,0,0,1.0,True
full_features,3class,multinomial_logistic,training_Singapore_Singapore_54,Singapore,5,3,0,0,1.0,True
full_features,3class,multinomial_logistic,training_Singapore_Singapore_58,Singapore,5,3,0,0,1.0,True
full_features,3class,multinomial_logistic,training_Singapore_Singapore_59,Singapore,5,3,2,2,1.0,True
full_features,3class,multinomial_logistic,training_Singapore_Singapore_66,Singapore,5,3,1,0,1.0,True
full_features,3class,multinomial_logistic,training_Utrecht_Utrecht_19,Utrecht,5,3,1,2,1.0,True
full_features,3class,multinomial_logistic,training_Utrecht_Utrecht_25,Utrecht,5,3,2,2,1.0,True
full_features,3class,multinomial_logistic,training_Utrecht_Utrecht_4,Utrecht,5,3,2,2,1.0,True
full_features,3class,multinomial_logistic,training_Amsterdam_GE3T_144,Amsterdam,5,4,0,0,0.01,True
full_features,3class,multinomial_logistic,training_Singapore_Singapore_53,Singapore,5,4,0,0,0.01,True
full_features,3class,multinomial_logistic,training_Singapore_Singapore_61,Singapore,5,4,1,1,0.01,True
full_features,3class,multinomial_logistic,training_Singapore_Singapore_64,Singapore,5,4,1,1,0.01,True
full_features,3class,multinomial_logistic,training_Singapore_Singapore_65,Singapore,5,4,2,2,0.01,True
full_features,3class,multinomial_logistic,training_Singapore_Singapore_69,Singapore,5,4,2,2,0.01,True
full_features,3class,multinomial_logistic,training_Utrecht_Utrecht_17,Utrecht,5,4,0,0,0.01,True
full_features,3class,multinomial_logistic,training_Utrecht_Utrecht_29,Utrecht,5,4,2,2,0.01,True
full_features,3class,multinomial_logistic,training_Utrecht_Utrecht_37,Utrecht,5,4,2,2,0.01,True
full_features,3class,multinomial_logistic,training_Utrecht_Utrecht_49,Utrecht,5,4,2,2,0.01,True
full_features,3class,multinomial_logistic,training_Utrecht_Utrecht_6,Utrecht,5,4,0,0,0.01,True
full_features,3class,multinomial_logistic,training_Utrecht_Utrecht_8,Utrecht,5,4,0,0,0.01,True
full_features,3class,multinomial_logistic,training_Amsterdam_GE3T_107,Amsterdam,6,0,0,1,0.01,True
full_features,3class,multinomial_logistic,training_Amsterdam_GE3T_109,Amsterdam,6,0,0,0,0.01,True
full_features,3class,multinomial_logistic,training_Amsterdam_GE3T_113,Amsterdam,6,0,2,2,0.01,True
full_features,3class,multinomial_logistic,training_Singapore_Singapore_52,Singapore,6,0,0,0,0.01,True
full_features,3class,multinomial_logistic,training_Singapore_Singapore_58,Singapore,6,0,0,0,0.01,True
full_features,3class,multinomial_logistic,training_Singapore_Singapore_64,Singapore,6,0,1,1,0.01,True
full_features,3class,multinomial_logistic,training_Utrecht_Utrecht_0,Utrecht,6,0,2,2,0.01,True
full_features,3class,multinomial_logistic,training_Utrecht_Utrecht_11,Utrecht,6,0,0,0,0.01,True
full_features,3class,multinomial_logistic,training_Utrecht_Utrecht_29,Utrecht,6,0,2,2,0.01,True
full_features,3class,multinomial_logistic,training_Utrecht_Utrecht_4,Utrecht,6,0,2,2,0.01,True
full_features,3class,multinomial_logistic,training_Utrecht_Utrecht_49,Utrecht,6,0,2,2,0.01,True
full_features,3class,multinomial_logistic,training_Utrecht_Utrecht_6,Utrecht,6,0,0,0,0.01,True
full_features,3class,multinomial_logistic,training_Amsterdam_GE3T_102,Amsterdam,6,1,0,0,1.0,True
full_features,3class,multinomial_logistic,training_Amsterdam_GE3T_106,Amsterdam,6,1,0,0,1.0,True
full_features,3class,multinomial_logistic,training_Amsterdam_GE3T_115,Amsterdam,6,1,0,0,1.0,True
full_features,3class,multinomial_logistic,training_Singapore_Singapore_50,Singapore,6,1,2,2,1.0,True
full_features,3class,multinomial_logistic,training_Singapore_Singapore_56,Singapore,6,1,1,2,1.0,True
full_features,3class,multinomial_logistic,training_Singapore_Singapore_62,Singapore,6,1,2,2,1.0,True
full_features,3class,multinomial_logistic,training_Singapore_Singapore_67,Singapore,6,1,2,2,1.0,True
full_features,3class,multinomial_logistic,training_Singapore_Singapore_68,Singapore,6,1,2,1,1.0,True
full_features,3class,multinomial_logistic,training_Utrecht_Utrecht_19,Utrecht,6,1,1,1,1.0,True
full_features,3class,multinomial_logistic,training_Utrecht_Utrecht_33,Utrecht,6,1,0,0,1.0,True
full_features,3class,multinomial_logistic,training_Utrecht_Utrecht_35,Utrecht,6,1,0,0,1.0,True
full_features,3class,multinomial_logistic,training_Utrecht_Utrecht_41,Utrecht,6,1,2,2,1.0,True
full_features,3class,multinomial_logistic,training_Amsterdam_GE3T_105,Amsterdam,6,2,1,1,0.01,True
full_features,3class,multinomial_logistic,training_Amsterdam_GE3T_108,Amsterdam,6,2,0,0,0.01,True
full_features,3class,multinomial_logistic,training_Amsterdam_GE3T_112,Amsterdam,6,2,0,0,0.01,True
full_features,3class,multinomial_logistic,training_Amsterdam_GE3T_114,Amsterdam,6,2,1,0,0.01,True
full_features,3class,multinomial_logistic,training_Amsterdam_GE3T_116,Amsterdam,6,2,0,0,0.01,True
full_features,3class,multinomial_logistic,training_Amsterdam_GE3T_132,Amsterdam,6,2,2,2,0.01,True
full_features,3class,multinomial_logistic,training_Amsterdam_GE3T_137,Amsterdam,6,2,0,0,0.01,True
full_features,3class,multinomial_logistic,training_Singapore_Singapore_53,Singapore,6,2,0,0,0.01,True
full_features,3class,multinomial_logistic,training_Singapore_Singapore_59,Singapore,6,2,2,1,0.01,True
full_features,3class,multinomial_logistic,training_Singapore_Singapore_60,Singapore,6,2,2,1,0.01,True
full_features,3class,multinomial_logistic,training_Singapore_Singapore_65,Singapore,6,2,2,2,0.01,True
full_features,3class,multinomial_logistic,training_Utrecht_Utrecht_37,Utrecht,6,2,2,2,0.01,True
full_features,3class,multinomial_logistic,training_Amsterdam_GE3T_100,Amsterdam,6,3,0,0,0.01,True
full_features,3class,multinomial_logistic,training_Amsterdam_GE3T_101,Amsterdam,6,3,0,0,0.01,True
full_features,3class,multinomial_logistic,training_Amsterdam_GE3T_103,Amsterdam,6,3,2,2,0.01,True
full_features,3class,multinomial_logistic,training_Singapore_Singapore_55,Singapore,6,3,0,0,0.01,True
full_features,3class,multinomial_logistic,training_Singapore_Singapore_57,Singapore,6,3,1,1,0.01,True
full_features,3class,multinomial_logistic,training_Singapore_Singapore_61,Singapore,6,3,1,1,0.01,True
full_features,3class,multinomial_logistic,training_Utrecht_Utrecht_2,Utrecht,6,3,2,2,0.01,True
full_features,3class,multinomial_logistic,training_Utrecht_Utrecht_21,Utrecht,6,3,2,2,0.01,True
full_features,3class,multinomial_logistic,training_Utrecht_Utrecht_23,Utrecht,6,3,0,0,0.01,True
full_features,3class,multinomial_logistic,training_Utrecht_Utrecht_25,Utrecht,6,3,2,2,0.01,True
full_features,3class,multinomial_logistic,training_Utrecht_Utrecht_27,Utrecht,6,3,0,0,0.01,True
full_features,3class,multinomial_logistic,training_Utrecht_Utrecht_39,Utrecht,6,3,2,2,0.01,True
full_features,3class,multinomial_logistic,training_Amsterdam_GE3T_104,Amsterdam,6,4,2,2,0.01,True
full_features,3class,multinomial_logistic,training_Amsterdam_GE3T_110,Amsterdam,6,4,0,0,0.01,True
full_features,3class,multinomial_logistic,training_Amsterdam_GE3T_126,Amsterdam,6,4,1,1,0.01,True
full_features,3class,multinomial_logistic,training_Amsterdam_GE3T_144,Amsterdam,6,4,0,0,0.01,True
full_features,3class,multinomial_logistic,training_Singapore_Singapore_51,Singapore,6,4,2,2,0.01,True
full_features,3class,multinomial_logistic,training_Singapore_Singapore_54,Singapore,6,4,0,0,0.01,True
full_features,3class,multinomial_logistic,training_Singapore_Singapore_63,Singapore,6,4,2,2,0.01,True
full_features,3class,multinomial_logistic,training_Singapore_Singapore_66,Singapore,6,4,1,0,0.01,True
full_features,3class,multinomial_logistic,training_Singapore_Singapore_69,Singapore,6,4,2,2,0.01,True
full_features,3class,multinomial_logistic,training_Utrecht_Utrecht_17,Utrecht,6,4,0,0,0.01,True
full_features,3class,multinomial_logistic,training_Utrecht_Utrecht_31,Utrecht,6,4,2,2,0.01,True
full_features,3class,multinomial_logistic,training_Utrecht_Utrecht_8,Utrecht,6,4,0,0,0.01,True
full_features,3class,multinomial_logistic,training_Amsterdam_GE3T_102,Amsterdam,7,0,0,0,0.1,True
full_features,3class,multinomial_logistic,training_Amsterdam_GE3T_103,Amsterdam,7,0,2,2,0.1,True
full_features,3class,multinomial_logistic,training_Amsterdam_GE3T_105,Amsterdam,7,0,1,1,0.1,True
full_features,3class,multinomial_logistic,training_Amsterdam_GE3T_113,Amsterdam,7,0,2,2,0.1,True
full_features,3class,multinomial_logistic,training_Amsterdam_GE3T_115,Amsterdam,7,0,0,0,0.1,True
full_features,3class,multinomial_logistic,training_Singapore_Singapore_52,Singapore,7,0,0,0,0.1,True
full_features,3class,multinomial_logistic,training_Singapore_Singapore_54,Singapore,7,0,0,0,0.1,True
full_features,3class,multinomial_logistic,training_Singapore_Singapore_58,Singapore,7,0,0,0,0.1,True
full_features,3class,multinomial_logistic,training_Singapore_Singapore_59,Singapore,7,0,2,2,0.1,True
full_features,3class,multinomial_logistic,training_Singapore_Singapore_67,Singapore,7,0,2,2,0.1,True
full_features,3class,multinomial_logistic,training_Singapore_Singapore_68,Singapore,7,0,2,1,0.1,True
full_features,3class,multinomial_logistic,training_Utrecht_Utrecht_27,Utrecht,7,0,0,0,0.1,True
full_features,3class,multinomial_logistic,training_Amsterdam_GE3T_100,Amsterdam,7,1,0,0,0.01,True
full_features,3class,multinomial_logistic,training_Amsterdam_GE3T_101,Amsterdam,7,1,0,0,0.01,True
full_features,3class,multinomial_logistic,training_Amsterdam_GE3T_110,Amsterdam,7,1,0,0,0.01,True
full_features,3class,multinomial_logistic,training_Amsterdam_GE3T_112,Amsterdam,7,1,0,0,0.01,True
full_features,3class,multinomial_logistic,training_Singapore_Singapore_50,Singapore,7,1,2,2,0.01,True
full_features,3class,multinomial_logistic,training_Singapore_Singapore_57,Singapore,7,1,1,1,0.01,True
full_features,3class,multinomial_logistic,training_Singapore_Singapore_60,Singapore,7,1,2,2,0.01,True
full_features,3class,multinomial_logistic,training_Singapore_Singapore_65,Singapore,7,1,2,2,0.01,True
full_features,3class,multinomial_logistic,training_Utrecht_Utrecht_19,Utrecht,7,1,1,2,0.01,True
full_features,3class,multinomial_logistic,training_Utrecht_Utrecht_25,Utrecht,7,1,2,2,0.01,True
full_features,3class,multinomial_logistic,training_Utrecht_Utrecht_29,Utrecht,7,1,2,2,0.01,True
full_features,3class,multinomial_logistic,training_Utrecht_Utrecht_6,Utrecht,7,1,0,0,0.01,True
full_features,3class,multinomial_logistic,training_Amsterdam_GE3T_104,Amsterdam,7,2,2,2,1.0,True
full_features,3class,multinomial_logistic,training_Amsterdam_GE3T_108,Amsterdam,7,2,0,0,1.0,True
full_features,3class,multinomial_logistic,training_Amsterdam_GE3T_137,Amsterdam,7,2,0,0,1.0,True
full_features,3class,multinomial_logistic,training_Singapore_Singapore_55,Singapore,7,2,0,0,1.0,True
full_features,3class,multinomial_logistic,training_Singapore_Singapore_61,Singapore,7,2,1,1,1.0,True
full_features,3class,multinomial_logistic,training_Singapore_Singapore_63,Singapore,7,2,2,2,1.0,True
full_features,3class,multinomial_logistic,training_Singapore_Singapore_64,Singapore,7,2,1,1,1.0,True
full_features,3class,multinomial_logistic,training_Singapore_Singapore_69,Singapore,7,2,2,2,1.0,True
full_features,3class,multinomial_logistic,training_Utrecht_Utrecht_0,Utrecht,7,2,2,2,1.0,True
full_features,3class,multinomial_logistic,training_Utrecht_Utrecht_17,Utrecht,7,2,0,0,1.0,True
full_features,3class,multinomial_logistic,training_Utrecht_Utrecht_21,Utrecht,7,2,2,2,1.0,True
full_features,3class,multinomial_logistic,training_Utrecht_Utrecht_35,Utrecht,7,2,0,0,1.0,True
full_features,3class,multinomial_logistic,training_Amsterdam_GE3T_106,Amsterdam,7,3,0,0,0.01,True
full_features,3class,multinomial_logistic,training_Amsterdam_GE3T_109,Amsterdam,7,3,0,0,0.01,True
full_features,3class,multinomial_logistic,training_Amsterdam_GE3T_116,Amsterdam,7,3,0,0,0.01,True
full_features,3class,multinomial_logistic,training_Amsterdam_GE3T_126,Amsterdam,7,3,1,1,0.01,True
full_features,3class,multinomial_logistic,training_Singapore_Singapore_51,Singapore,7,3,2,2,0.01,True
full_features,3class,multinomial_logistic,training_Singapore_Singapore_66,Singapore,7,3,1,0,0.01,True
full_features,3class,multinomial_logistic,training_Utrecht_Utrecht_2,Utrecht,7,3,2,2,0.01,True
full_features,3class,multinomial_logistic,training_Utrecht_Utrecht_31,Utrecht,7,3,2,2,0.01,True
full_features,3class,multinomial_logistic,training_Utrecht_Utrecht_33,Utrecht,7,3,0,0,0.01,True
full_features,3class,multinomial_logistic,training_Utrecht_Utrecht_37,Utrecht,7,3,2,2,0.01,True
full_features,3class,multinomial_logistic,training_Utrecht_Utrecht_41,Utrecht,7,3,2,2,0.01,True
full_features,3class,multinomial_logistic,training_Utrecht_Utrecht_8,Utrecht,7,3,0,0,0.01,True
full_features,3class,multinomial_logistic,training_Amsterdam_GE3T_107,Amsterdam,7,4,0,0,0.01,True
full_features,3class,multinomial_logistic,training_Amsterdam_GE3T_114,Amsterdam,7,4,1,0,0.01,True
full_features,3class,multinomial_logistic,training_Amsterdam_GE3T_132,Amsterdam,7,4,2,2,0.01,True
full_features,3class,multinomial_logistic,training_Amsterdam_GE3T_144,Amsterdam,7,4,0,0,0.01,True
full_features,3class,multinomial_logistic,training_Singapore_Singapore_53,Singapore,7,4,0,0,0.01,True
full_features,3class,multinomial_logistic,training_Singapore_Singapore_56,Singapore,7,4,1,2,0.01,True
full_features,3class,multinomial_logistic,training_Singapore_Singapore_62,Singapore,7,4,2,2,0.01,True
full_features,3class,multinomial_logistic,training_Utrecht_Utrecht_11,Utrecht,7,4,0,0,0.01,True
full_features,3class,multinomial_logistic,training_Utrecht_Utrecht_23,Utrecht,7,4,0,0,0.01,True
full_features,3class,multinomial_logistic,training_Utrecht_Utrecht_39,Utrecht,7,4,2,2,0.01,True
full_features,3class,multinomial_logistic,training_Utrecht_Utrecht_4,Utrecht,7,4,2,2,0.01,True
full_features,3class,multinomial_logistic,training_Utrecht_Utrecht_49,Utrecht,7,4,2,2,0.01,True
full_features,3class,multinomial_logistic,training_Amsterdam_GE3T_105,Amsterdam,8,0,1,1,0.01,True
full_features,3class,multinomial_logistic,training_Amsterdam_GE3T_106,Amsterdam,8,0,0,0,0.01,True
full_features,3class,multinomial_logistic,training_Amsterdam_GE3T_108,Amsterdam,8,0,0,0,0.01,True
full_features,3class,multinomial_logistic,training_Amsterdam_GE3T_112,Amsterdam,8,0,0,0,0.01,True
full_features,3class,multinomial_logistic,training_Amsterdam_GE3T_113,Amsterdam,8,0,2,2,0.01,True
full_features,3class,multinomial_logistic,training_Singapore_Singapore_54,Singapore,8,0,0,0,0.01,True
full_features,3class,multinomial_logistic,training_Singapore_Singapore_68,Singapore,8,0,2,1,0.01,True
full_features,3class,multinomial_logistic,training_Singapore_Singapore_69,Singapore,8,0,2,2,0.01,True
full_features,3class,multinomial_logistic,training_Utrecht_Utrecht_17,Utrecht,8,0,0,0,0.01,True
full_features,3class,multinomial_logistic,training_Utrecht_Utrecht_23,Utrecht,8,0,0,0,0.01,True
full_features,3class,multinomial_logistic,training_Utrecht_Utrecht_39,Utrecht,8,0,2,2,0.01,True
full_features,3class,multinomial_logistic,training_Utrecht_Utrecht_49,Utrecht,8,0,2,2,0.01,True
full_features,3class,multinomial_logistic,training_Amsterdam_GE3T_103,Amsterdam,8,1,2,2,10.0,True
full_features,3class,multinomial_logistic,training_Amsterdam_GE3T_104,Amsterdam,8,1,2,2,10.0,True
full_features,3class,multinomial_logistic,training_Amsterdam_GE3T_109,Amsterdam,8,1,0,0,10.0,True
full_features,3class,multinomial_logistic,training_Amsterdam_GE3T_137,Amsterdam,8,1,0,1,10.0,True
full_features,3class,multinomial_logistic,training_Singapore_Singapore_50,Singapore,8,1,2,2,10.0,True
full_features,3class,multinomial_logistic,training_Singapore_Singapore_53,Singapore,8,1,0,0,10.0,True
full_features,3class,multinomial_logistic,training_Singapore_Singapore_56,Singapore,8,1,1,2,10.0,True
full_features,3class,multinomial_logistic,training_Singapore_Singapore_60,Singapore,8,1,2,2,10.0,True
full_features,3class,multinomial_logistic,training_Singapore_Singapore_61,Singapore,8,1,1,1,10.0,True
full_features,3class,multinomial_logistic,training_Singapore_Singapore_65,Singapore,8,1,2,2,10.0,True
full_features,3class,multinomial_logistic,training_Utrecht_Utrecht_33,Utrecht,8,1,0,1,10.0,True
full_features,3class,multinomial_logistic,training_Utrecht_Utrecht_8,Utrecht,8,1,0,0,10.0,True
full_features,3class,multinomial_logistic,training_Amsterdam_GE3T_102,Amsterdam,8,2,0,0,0.01,True
full_features,3class,multinomial_logistic,training_Amsterdam_GE3T_107,Amsterdam,8,2,0,1,0.01,True
full_features,3class,multinomial_logistic,training_Amsterdam_GE3T_144,Amsterdam,8,2,0,0,0.01,True
full_features,3class,multinomial_logistic,training_Singapore_Singapore_59,Singapore,8,2,2,2,0.01,True
full_features,3class,multinomial_logistic,training_Singapore_Singapore_63,Singapore,8,2,2,2,0.01,True
full_features,3class,multinomial_logistic,training_Singapore_Singapore_64,Singapore,8,2,1,1,0.01,True
full_features,3class,multinomial_logistic,training_Singapore_Singapore_66,Singapore,8,2,1,0,0.01,True
full_features,3class,multinomial_logistic,training_Singapore_Singapore_67,Singapore,8,2,2,2,0.01,True
full_features,3class,multinomial_logistic,training_Utrecht_Utrecht_11,Utrecht,8,2,0,0,0.01,True
full_features,3class,multinomial_logistic,training_Utrecht_Utrecht_21,Utrecht,8,2,2,2,0.01,True
full_features,3class,multinomial_logistic,training_Utrecht_Utrecht_37,Utrecht,8,2,2,2,0.01,True
full_features,3class,multinomial_logistic,training_Utrecht_Utrecht_6,Utrecht,8,2,0,0,0.01,True
full_features,3class,multinomial_logistic,training_Amsterdam_GE3T_100,Amsterdam,8,3,0,0,0.01,True
full_features,3class,multinomial_logistic,training_Amsterdam_GE3T_116,Amsterdam,8,3,0,0,0.01,True
full_features,3class,multinomial_logistic,training_Singapore_Singapore_51,Singapore,8,3,2,2,0.01,True
full_features,3class,multinomial_logistic,training_Singapore_Singapore_55,Singapore,8,3,0,0,0.01,True
full_features,3class,multinomial_logistic,training_Singapore_Singapore_57,Singapore,8,3,1,1,0.01,True
full_features,3class,multinomial_logistic,training_Singapore_Singapore_58,Singapore,8,3,0,0,0.01,True
full_features,3class,multinomial_logistic,training_Singapore_Singapore_62,Singapore,8,3,2,2,0.01,True
full_features,3class,multinomial_logistic,training_Utrecht_Utrecht_0,Utrecht,8,3,2,2,0.01,True
full_features,3class,multinomial_logistic,training_Utrecht_Utrecht_19,Utrecht,8,3,1,2,0.01,True
full_features,3class,multinomial_logistic,training_Utrecht_Utrecht_29,Utrecht,8,3,2,2,0.01,True
full_features,3class,multinomial_logistic,training_Utrecht_Utrecht_31,Utrecht,8,3,2,2,0.01,True
full_features,3class,multinomial_logistic,training_Utrecht_Utrecht_35,Utrecht,8,3,0,0,0.01,True
full_features,3class,multinomial_logistic,training_Amsterdam_GE3T_101,Amsterdam,8,4,0,0,10.0,True
full_features,3class,multinomial_logistic,training_Amsterdam_GE3T_110,Amsterdam,8,4,0,0,10.0,True
full_features,3class,multinomial_logistic,training_Amsterdam_GE3T_114,Amsterdam,8,4,1,2,10.0,True
full_features,3class,multinomial_logistic,training_Amsterdam_GE3T_115,Amsterdam,8,4,0,0,10.0,True
full_features,3class,multinomial_logistic,training_Amsterdam_GE3T_126,Amsterdam,8,4,1,1,10.0,True
full_features,3class,multinomial_logistic,training_Amsterdam_GE3T_132,Amsterdam,8,4,2,2,10.0,True
full_features,3class,multinomial_logistic,training_Singapore_Singapore_52,Singapore,8,4,0,0,10.0,True
full_features,3class,multinomial_logistic,training_Utrecht_Utrecht_2,Utrecht,8,4,2,2,10.0,True
full_features,3class,multinomial_logistic,training_Utrecht_Utrecht_25,Utrecht,8,4,2,2,10.0,True
full_features,3class,multinomial_logistic,training_Utrecht_Utrecht_27,Utrecht,8,4,0,0,10.0,True
full_features,3class,multinomial_logistic,training_Utrecht_Utrecht_4,Utrecht,8,4,2,2,10.0,True
full_features,3class,multinomial_logistic,training_Utrecht_Utrecht_41,Utrecht,8,4,2,2,10.0,True
full_features,3class,multinomial_logistic,training_Amsterdam_GE3T_109,Amsterdam,9,0,0,0,0.01,True
full_features,3class,multinomial_logistic,training_Amsterdam_GE3T_113,Amsterdam,9,0,2,2,0.01,True
full_features,3class,multinomial_logistic,training_Singapore_Singapore_52,Singapore,9,0,0,0,0.01,True
full_features,3class,multinomial_logistic,training_Singapore_Singapore_57,Singapore,9,0,1,1,0.01,True
full_features,3class,multinomial_logistic,training_Singapore_Singapore_62,Singapore,9,0,2,2,0.01,True
full_features,3class,multinomial_logistic,training_Singapore_Singapore_63,Singapore,9,0,2,2,0.01,True
full_features,3class,multinomial_logistic,training_Utrecht_Utrecht_11,Utrecht,9,0,0,0,0.01,True
full_features,3class,multinomial_logistic,training_Utrecht_Utrecht_17,Utrecht,9,0,0,0,0.01,True
full_features,3class,multinomial_logistic,training_Utrecht_Utrecht_27,Utrecht,9,0,0,0,0.01,True
full_features,3class,multinomial_logistic,training_Utrecht_Utrecht_31,Utrecht,9,0,2,2,0.01,True
full_features,3class,multinomial_logistic,training_Utrecht_Utrecht_35,Utrecht,9,0,0,0,0.01,True
full_features,3class,multinomial_logistic,training_Utrecht_Utrecht_4,Utrecht,9,0,2,2,0.01,True
full_features,3class,multinomial_logistic,training_Amsterdam_GE3T_100,Amsterdam,9,1,0,0,100.0,True
full_features,3class,multinomial_logistic,training_Amsterdam_GE3T_101,Amsterdam,9,1,0,0,100.0,True
full_features,3class,multinomial_logistic,training_Amsterdam_GE3T_104,Amsterdam,9,1,2,2,100.0,True
full_features,3class,multinomial_logistic,training_Amsterdam_GE3T_108,Amsterdam,9,1,0,0,100.0,True
full_features,3class,multinomial_logistic,training_Amsterdam_GE3T_126,Amsterdam,9,1,1,2,100.0,True
full_features,3class,multinomial_logistic,training_Singapore_Singapore_54,Singapore,9,1,0,0,100.0,True
full_features,3class,multinomial_logistic,training_Singapore_Singapore_64,Singapore,9,1,1,1,100.0,True
full_features,3class,multinomial_logistic,training_Singapore_Singapore_65,Singapore,9,1,2,2,100.0,True
full_features,3class,multinomial_logistic,training_Singapore_Singapore_67,Singapore,9,1,2,2,100.0,True
full_features,3class,multinomial_logistic,training_Utrecht_Utrecht_21,Utrecht,9,1,2,2,100.0,True
full_features,3class,multinomial_logistic,training_Utrecht_Utrecht_25,Utrecht,9,1,2,2,100.0,True
full_features,3class,multinomial_logistic,training_Utrecht_Utrecht_33,Utrecht,9,1,0,1,100.0,True
full_features,3class,multinomial_logistic,training_Amsterdam_GE3T_106,Amsterdam,9,2,0,0,0.01,True
full_features,3class,multinomial_logistic,training_Amsterdam_GE3T_110,Amsterdam,9,2,0,0,0.01,True
full_features,3class,multinomial_logistic,training_Amsterdam_GE3T_112,Amsterdam,9,2,0,0,0.01,True
full_features,3class,multinomial_logistic,training_Amsterdam_GE3T_116,Amsterdam,9,2,0,0,0.01,True
full_features,3class,multinomial_logistic,training_Amsterdam_GE3T_137,Amsterdam,9,2,0,0,0.01,True
full_features,3class,multinomial_logistic,training_Singapore_Singapore_50,Singapore,9,2,2,2,0.01,True
full_features,3class,multinomial_logistic,training_Singapore_Singapore_51,Singapore,9,2,2,2,0.01,True
full_features,3class,multinomial_logistic,training_Singapore_Singapore_60,Singapore,9,2,2,2,0.01,True
full_features,3class,multinomial_logistic,training_Singapore_Singapore_61,Singapore,9,2,1,1,0.01,True
full_features,3class,multinomial_logistic,training_Singapore_Singapore_66,Singapore,9,2,1,0,0.01,True
full_features,3class,multinomial_logistic,training_Utrecht_Utrecht_41,Utrecht,9,2,2,2,0.01,True
full_features,3class,multinomial_logistic,training_Utrecht_Utrecht_49,Utrecht,9,2,2,2,0.01,True
full_features,3class,multinomial_logistic,training_Amsterdam_GE3T_102,Amsterdam,9,3,0,0,0.01,True
full_features,3class,multinomial_logistic,training_Amsterdam_GE3T_105,Amsterdam,9,3,1,1,0.01,True
full_features,3class,multinomial_logistic,training_Amsterdam_GE3T_114,Amsterdam,9,3,1,0,0.01,True
full_features,3class,multinomial_logistic,training_Amsterdam_GE3T_132,Amsterdam,9,3,2,2,0.01,True
full_features,3class,multinomial_logistic,training_Amsterdam_GE3T_144,Amsterdam,9,3,0,0,0.01,True
full_features,3class,multinomial_logistic,training_Singapore_Singapore_53,Singapore,9,3,0,0,0.01,True
full_features,3class,multinomial_logistic,training_Singapore_Singapore_58,Singapore,9,3,0,0,0.01,True
full_features,3class,multinomial_logistic,training_Singapore_Singapore_68,Singapore,9,3,2,1,0.01,True
full_features,3class,multinomial_logistic,training_Utrecht_Utrecht_29,Utrecht,9,3,2,2,0.01,True
full_features,3class,multinomial_logistic,training_Utrecht_Utrecht_37,Utrecht,9,3,2,2,0.01,True
full_features,3class,multinomial_logistic,training_Utrecht_Utrecht_39,Utrecht,9,3,2,2,0.01,True
full_features,3class,multinomial_logistic,training_Utrecht_Utrecht_6,Utrecht,9,3,0,0,0.01,True
full_features,3class,multinomial_logistic,training_Amsterdam_GE3T_103,Amsterdam,9,4,2,2,10.0,True
full_features,3class,multinomial_logistic,training_Amsterdam_GE3T_107,Amsterdam,9,4,0,1,10.0,True
full_features,3class,multinomial_logistic,training_Amsterdam_GE3T_115,Amsterdam,9,4,0,0,10.0,True
full_features,3class,multinomial_logistic,training_Singapore_Singapore_55,Singapore,9,4,0,0,10.0,True
full_features,3class,multinomial_logistic,training_Singapore_Singapore_56,Singapore,9,4,1,2,10.0,True
full_features,3class,multinomial_logistic,training_Singapore_Singapore_59,Singapore,9,4,2,2,10.0,True
full_features,3class,multinomial_logistic,training_Singapore_Singapore_69,Singapore,9,4,2,2,10.0,True
full_features,3class,multinomial_logistic,training_Utrecht_Utrecht_0,Utrecht,9,4,2,2,10.0,True
full_features,3class,multinomial_logistic,training_Utrecht_Utrecht_19,Utrecht,9,4,1,2,10.0,True
full_features,3class,multinomial_logistic,training_Utrecht_Utrecht_2,Utrecht,9,4,2,2,10.0,True
full_features,3class,multinomial_logistic,training_Utrecht_Utrecht_23,Utrecht,9,4,0,0,10.0,True
full_features,3class,multinomial_logistic,training_Utrecht_Utrecht_8,Utrecht,9,4,0,0,10.0,True
full_features,3class,random_forest,training_Amsterdam_GE3T_100,Amsterdam,0,0,0,0,,True
full_features,3class,random_forest,training_Amsterdam_GE3T_105,Amsterdam,0,0,1,1,,True
full_features,3class,random_forest,training_Amsterdam_GE3T_107,Amsterdam,0,0,0,1,,True
full_features,3class,random_forest,training_Amsterdam_GE3T_108,Amsterdam,0,0,0,0,,True
full_features,3class,random_forest,training_Amsterdam_GE3T_116,Amsterdam,0,0,0,0,,True
full_features,3class,random_forest,training_Singapore_Singapore_51,Singapore,0,0,2,2,,True
full_features,3class,random_forest,training_Singapore_Singapore_54,Singapore,0,0,0,0,,True
full_features,3class,random_forest,training_Singapore_Singapore_60,Singapore,0,0,2,1,,True
full_features,3class,random_forest,training_Singapore_Singapore_67,Singapore,0,0,2,1,,True
full_features,3class,random_forest,training_Singapore_Singapore_68,Singapore,0,0,2,1,,True
full_features,3class,random_forest,training_Utrecht_Utrecht_0,Utrecht,0,0,2,2,,True
full_features,3class,random_forest,training_Utrecht_Utrecht_11,Utrecht,0,0,0,0,,True
full_features,3class,random_forest,training_Amsterdam_GE3T_113,Amsterdam,0,1,2,2,,True
full_features,3class,random_forest,training_Amsterdam_GE3T_126,Amsterdam,0,1,1,1,,True
full_features,3class,random_forest,training_Amsterdam_GE3T_132,Amsterdam,0,1,2,2,,True
full_features,3class,random_forest,training_Amsterdam_GE3T_137,Amsterdam,0,1,0,1,,True
full_features,3class,random_forest,training_Singapore_Singapore_53,Singapore,0,1,0,0,,True
full_features,3class,random_forest,training_Singapore_Singapore_66,Singapore,0,1,1,0,,True
full_features,3class,random_forest,training_Singapore_Singapore_69,Singapore,0,1,2,1,,True
full_features,3class,random_forest,training_Utrecht_Utrecht_17,Utrecht,0,1,0,0,,True
full_features,3class,random_forest,training_Utrecht_Utrecht_2,Utrecht,0,1,2,2,,True
full_features,3class,random_forest,training_Utrecht_Utrecht_23,Utrecht,0,1,0,0,,True
full_features,3class,random_forest,training_Utrecht_Utrecht_37,Utrecht,0,1,2,2,,True
full_features,3class,random_forest,training_Utrecht_Utrecht_8,Utrecht,0,1,0,0,,True
full_features,3class,random_forest,training_Amsterdam_GE3T_102,Amsterdam,0,2,0,0,,True
full_features,3class,random_forest,training_Amsterdam_GE3T_103,Amsterdam,0,2,2,2,,True
full_features,3class,random_forest,training_Amsterdam_GE3T_104,Amsterdam,0,2,2,2,,True
full_features,3class,random_forest,training_Amsterdam_GE3T_106,Amsterdam,0,2,0,0,,True
full_features,3class,random_forest,training_Amsterdam_GE3T_109,Amsterdam,0,2,0,0,,True
full_features,3class,random_forest,training_Singapore_Singapore_52,Singapore,0,2,0,0,,True
full_features,3class,random_forest,training_Singapore_Singapore_57,Singapore,0,2,1,1,,True
full_features,3class,random_forest,training_Singapore_Singapore_64,Singapore,0,2,1,1,,True
full_features,3class,random_forest,training_Singapore_Singapore_65,Singapore,0,2,2,1,,True
full_features,3class,random_forest,training_Utrecht_Utrecht_27,Utrecht,0,2,0,0,,True
full_features,3class,random_forest,training_Utrecht_Utrecht_29,Utrecht,0,2,2,2,,True
full_features,3class,random_forest,training_Utrecht_Utrecht_49,Utrecht,0,2,2,2,,True
full_features,3class,random_forest,training_Amsterdam_GE3T_114,Amsterdam,0,3,1,0,,True
full_features,3class,random_forest,training_Amsterdam_GE3T_115,Amsterdam,0,3,0,0,,True
full_features,3class,random_forest,training_Amsterdam_GE3T_144,Amsterdam,0,3,0,0,,True
full_features,3class,random_forest,training_Singapore_Singapore_50,Singapore,0,3,2,2,,True
full_features,3class,random_forest,training_Singapore_Singapore_55,Singapore,0,3,0,0,,True
full_features,3class,random_forest,training_Singapore_Singapore_56,Singapore,0,3,1,2,,True
full_features,3class,random_forest,training_Singapore_Singapore_63,Singapore,0,3,2,2,,True
full_features,3class,random_forest,training_Utrecht_Utrecht_25,Utrecht,0,3,2,2,,True
full_features,3class,random_forest,training_Utrecht_Utrecht_31,Utrecht,0,3,2,2,,True
full_features,3class,random_forest,training_Utrecht_Utrecht_33,Utrecht,0,3,0,0,,True
full_features,3class,random_forest,training_Utrecht_Utrecht_39,Utrecht,0,3,2,2,,True
full_features,3class,random_forest,training_Utrecht_Utrecht_6,Utrecht,0,3,0,0,,True
full_features,3class,random_forest,training_Amsterdam_GE3T_101,Amsterdam,0,4,0,0,,True
full_features,3class,random_forest,training_Amsterdam_GE3T_110,Amsterdam,0,4,0,0,,True
full_features,3class,random_forest,training_Amsterdam_GE3T_112,Amsterdam,0,4,0,0,,True
full_features,3class,random_forest,training_Singapore_Singapore_58,Singapore,0,4,0,0,,True
full_features,3class,random_forest,training_Singapore_Singapore_59,Singapore,0,4,2,1,,True
full_features,3class,random_forest,training_Singapore_Singapore_61,Singapore,0,4,1,1,,True
full_features,3class,random_forest,training_Singapore_Singapore_62,Singapore,0,4,2,2,,True
full_features,3class,random_forest,training_Utrecht_Utrecht_19,Utrecht,0,4,1,2,,True
full_features,3class,random_forest,training_Utrecht_Utrecht_21,Utrecht,0,4,2,2,,True
full_features,3class,random_forest,training_Utrecht_Utrecht_35,Utrecht,0,4,0,0,,True
full_features,3class,random_forest,training_Utrecht_Utrecht_4,Utrecht,0,4,2,2,,True
full_features,3class,random_forest,training_Utrecht_Utrecht_41,Utrecht,0,4,2,2,,True
full_features,3class,random_forest,training_Amsterdam_GE3T_101,Amsterdam,1,0,0,0,,True
full_features,3class,random_forest,training_Amsterdam_GE3T_106,Amsterdam,1,0,0,0,,True
full_features,3class,random_forest,training_Amsterdam_GE3T_107,Amsterdam,1,0,0,1,,True
full_features,3class,random_forest,training_Amsterdam_GE3T_112,Amsterdam,1,0,0,0,,True
full_features,3class,random_forest,training_Amsterdam_GE3T_113,Amsterdam,1,0,2,2,,True
full_features,3class,random_forest,training_Singapore_Singapore_62,Singapore,1,0,2,2,,True
full_features,3class,random_forest,training_Singapore_Singapore_66,Singapore,1,0,1,0,,True
full_features,3class,random_forest,training_Singapore_Singapore_69,Singapore,1,0,2,1,,True
full_features,3class,random_forest,training_Utrecht_Utrecht_2,Utrecht,1,0,2,2,,True
full_features,3class,random_forest,training_Utrecht_Utrecht_27,Utrecht,1,0,0,0,,True
full_features,3class,random_forest,training_Utrecht_Utrecht_35,Utrecht,1,0,0,0,,True
full_features,3class,random_forest,training_Utrecht_Utrecht_49,Utrecht,1,0,2,2,,True
full_features,3class,random_forest,training_Amsterdam_GE3T_114,Amsterdam,1,1,1,2,,True
full_features,3class,random_forest,training_Amsterdam_GE3T_116,Amsterdam,1,1,0,0,,True
full_features,3class,random_forest,training_Amsterdam_GE3T_137,Amsterdam,1,1,0,0,,True
full_features,3class,random_forest,training_Amsterdam_GE3T_144,Amsterdam,1,1,0,0,,True
full_features,3class,random_forest,training_Singapore_Singapore_50,Singapore,1,1,2,1,,True
full_features,3class,random_forest,training_Singapore_Singapore_59,Singapore,1,1,2,1,,True
full_features,3class,random_forest,training_Singapore_Singapore_65,Singapore,1,1,2,2,,True
full_features,3class,random_forest,training_Singapore_Singapore_67,Singapore,1,1,2,1,,True
full_features,3class,random_forest,training_Utrecht_Utrecht_11,Utrecht,1,1,0,0,,True
full_features,3class,random_forest,training_Utrecht_Utrecht_17,Utrecht,1,1,0,0,,True
full_features,3class,random_forest,training_Utrecht_Utrecht_19,Utrecht,1,1,1,2,,True
full_features,3class,random_forest,training_Utrecht_Utrecht_37,Utrecht,1,1,2,2,,True
full_features,3class,random_forest,training_Amsterdam_GE3T_100,Amsterdam,1,2,0,0,,True
full_features,3class,random_forest,training_Amsterdam_GE3T_105,Amsterdam,1,2,1,1,,True
full_features,3class,random_forest,training_Amsterdam_GE3T_110,Amsterdam,1,2,0,0,,True
full_features,3class,random_forest,training_Amsterdam_GE3T_126,Amsterdam,1,2,1,1,,True
full_features,3class,random_forest,training_Singapore_Singapore_52,Singapore,1,2,0,0,,True
full_features,3class,random_forest,training_Singapore_Singapore_55,Singapore,1,2,0,0,,True
full_features,3class,random_forest,training_Singapore_Singapore_60,Singapore,1,2,2,1,,True
full_features,3class,random_forest,training_Singapore_Singapore_63,Singapore,1,2,2,2,,True
full_features,3class,random_forest,training_Utrecht_Utrecht_21,Utrecht,1,2,2,2,,True
full_features,3class,random_forest,training_Utrecht_Utrecht_39,Utrecht,1,2,2,2,,True
full_features,3class,random_forest,training_Utrecht_Utrecht_41,Utrecht,1,2,2,2,,True
full_features,3class,random_forest,training_Utrecht_Utrecht_6,Utrecht,1,2,0,0,,True
full_features,3class,random_forest,training_Amsterdam_GE3T_103,Amsterdam,1,3,2,2,,True
full_features,3class,random_forest,training_Amsterdam_GE3T_104,Amsterdam,1,3,2,2,,True
full_features,3class,random_forest,training_Amsterdam_GE3T_109,Amsterdam,1,3,0,0,,True
full_features,3class,random_forest,training_Singapore_Singapore_51,Singapore,1,3,2,2,,True
full_features,3class,random_forest,training_Singapore_Singapore_53,Singapore,1,3,0,0,,True
full_features,3class,random_forest,training_Singapore_Singapore_56,Singapore,1,3,1,2,,True
full_features,3class,random_forest,training_Singapore_Singapore_58,Singapore,1,3,0,0,,True
full_features,3class,random_forest,training_Singapore_Singapore_61,Singapore,1,3,1,2,,True
full_features,3class,random_forest,training_Singapore_Singapore_68,Singapore,1,3,2,1,,True
full_features,3class,random_forest,training_Utrecht_Utrecht_23,Utrecht,1,3,0,0,,True
full_features,3class,random_forest,training_Utrecht_Utrecht_33,Utrecht,1,3,0,0,,True
full_features,3class,random_forest,training_Utrecht_Utrecht_4,Utrecht,1,3,2,2,,True
full_features,3class,random_forest,training_Amsterdam_GE3T_102,Amsterdam,1,4,0,0,,True
full_features,3class,random_forest,training_Amsterdam_GE3T_108,Amsterdam,1,4,0,0,,True
full_features,3class,random_forest,training_Amsterdam_GE3T_115,Amsterdam,1,4,0,0,,True
full_features,3class,random_forest,training_Amsterdam_GE3T_132,Amsterdam,1,4,2,2,,True
full_features,3class,random_forest,training_Singapore_Singapore_54,Singapore,1,4,0,0,,True
full_features,3class,random_forest,training_Singapore_Singapore_57,Singapore,1,4,1,1,,True
full_features,3class,random_forest,training_Singapore_Singapore_64,Singapore,1,4,1,1,,True
full_features,3class,random_forest,training_Utrecht_Utrecht_0,Utrecht,1,4,2,2,,True
full_features,3class,random_forest,training_Utrecht_Utrecht_25,Utrecht,1,4,2,2,,True
full_features,3class,random_forest,training_Utrecht_Utrecht_29,Utrecht,1,4,2,2,,True
full_features,3class,random_forest,training_Utrecht_Utrecht_31,Utrecht,1,4,2,2,,True
full_features,3class,random_forest,training_Utrecht_Utrecht_8,Utrecht,1,4,0,0,,True
full_features,3class,random_forest,training_Amsterdam_GE3T_101,Amsterdam,2,0,0,0,,True
full_features,3class,random_forest,training_Amsterdam_GE3T_104,Amsterdam,2,0,2,2,,True
full_features,3class,random_forest,training_Amsterdam_GE3T_114,Amsterdam,2,0,1,0,,True
full_features,3class,random_forest,training_Singapore_Singapore_52,Singapore,2,0,0,0,,True
full_features,3class,random_forest,training_Singapore_Singapore_55,Singapore,2,0,0,0,,True
full_features,3class,random_forest,training_Singapore_Singapore_65,Singapore,2,0,2,2,,True
full_features,3class,random_forest,training_Utrecht_Utrecht_17,Utrecht,2,0,0,0,,True
full_features,3class,random_forest,training_Utrecht_Utrecht_35,Utrecht,2,0,0,0,,True
full_features,3class,random_forest,training_Utrecht_Utrecht_4,Utrecht,2,0,2,2,,True
full_features,3class,random_forest,training_Utrecht_Utrecht_41,Utrecht,2,0,2,2,,True
full_features,3class,random_forest,training_Utrecht_Utrecht_49,Utrecht,2,0,2,2,,True
full_features,3class,random_forest,training_Utrecht_Utrecht_6,Utrecht,2,0,0,0,,True
full_features,3class,random_forest,training_Amsterdam_GE3T_103,Amsterdam,2,1,2,2,,True
full_features,3class,random_forest,training_Amsterdam_GE3T_112,Amsterdam,2,1,0,0,,True
full_features,3class,random_forest,training_Amsterdam_GE3T_137,Amsterdam,2,1,0,1,,True
full_features,3class,random_forest,training_Singapore_Singapore_53,Singapore,2,1,0,0,,True
full_features,3class,random_forest,training_Singapore_Singapore_56,Singapore,2,1,1,2,,True
full_features,3class,random_forest,training_Singapore_Singapore_58,Singapore,2,1,0,0,,True
full_features,3class,random_forest,training_Singapore_Singapore_59,Singapore,2,1,2,1,,True
full_features,3class,random_forest,training_Singapore_Singapore_66,Singapore,2,1,1,0,,True
full_features,3class,random_forest,training_Utrecht_Utrecht_21,Utrecht,2,1,2,2,,True
full_features,3class,random_forest,training_Utrecht_Utrecht_27,Utrecht,2,1,0,0,,True
full_features,3class,random_forest,training_Utrecht_Utrecht_31,Utrecht,2,1,2,2,,True
full_features,3class,random_forest,training_Utrecht_Utrecht_37,Utrecht,2,1,2,2,,True
full_features,3class,random_forest,training_Amsterdam_GE3T_100,Amsterdam,2,2,0,0,,True
full_features,3class,random_forest,training_Amsterdam_GE3T_107,Amsterdam,2,2,0,1,,True
full_features,3class,random_forest,training_Amsterdam_GE3T_109,Amsterdam,2,2,0,0,,True
full_features,3class,random_forest,training_Amsterdam_GE3T_116,Amsterdam,2,2,0,0,,True
full_features,3class,random_forest,training_Amsterdam_GE3T_126,Amsterdam,2,2,1,1,,True
full_features,3class,random_forest,training_Singapore_Singapore_57,Singapore,2,2,1,1,,True
full_features,3class,random_forest,training_Singapore_Singapore_63,Singapore,2,2,2,2,,True
full_features,3class,random_forest,training_Utrecht_Utrecht_0,Utrecht,2,2,2,2,,True
full_features,3class,random_forest,training_Utrecht_Utrecht_11,Utrecht,2,2,0,0,,True
full_features,3class,random_forest,training_Utrecht_Utrecht_2,Utrecht,2,2,2,2,,True
full_features,3class,random_forest,training_Utrecht_Utrecht_29,Utrecht,2,2,2,2,,True
full_features,3class,random_forest,training_Utrecht_Utrecht_39,Utrecht,2,2,2,2,,True
full_features,3class,random_forest,training_Amsterdam_GE3T_110,Amsterdam,2,3,0,0,,True
full_features,3class,random_forest,training_Amsterdam_GE3T_113,Amsterdam,2,3,2,2,,True
full_features,3class,random_forest,training_Amsterdam_GE3T_132,Amsterdam,2,3,2,2,,True
full_features,3class,random_forest,training_Amsterdam_GE3T_144,Amsterdam,2,3,0,0,,True
full_features,3class,random_forest,training_Singapore_Singapore_51,Singapore,2,3,2,2,,True
full_features,3class,random_forest,training_Singapore_Singapore_54,Singapore,2,3,0,0,,True
full_features,3class,random_forest,training_Singapore_Singapore_60,Singapore,2,3,2,1,,True
full_features,3class,random_forest,training_Singapore_Singapore_61,Singapore,2,3,1,1,,True
full_features,3class,random_forest,training_Utrecht_Utrecht_19,Utrecht,2,3,1,2,,True
full_features,3class,random_forest,training_Utrecht_Utrecht_25,Utrecht,2,3,2,2,,True
full_features,3class,random_forest,training_Utrecht_Utrecht_33,Utrecht,2,3,0,0,,True
full_features,3class,random_forest,training_Utrecht_Utrecht_8,Utrecht,2,3,0,0,,True
full_features,3class,random_forest,training_Amsterdam_GE3T_102,Amsterdam,2,4,0,0,,True
full_features,3class,random_forest,training_Amsterdam_GE3T_105,Amsterdam,2,4,1,1,,True
full_features,3class,random_forest,training_Amsterdam_GE3T_106,Amsterdam,2,4,0,0,,True
full_features,3class,random_forest,training_Amsterdam_GE3T_108,Amsterdam,2,4,0,0,,True
full_features,3class,random_forest,training_Amsterdam_GE3T_115,Amsterdam,2,4,0,0,,True
full_features,3class,random_forest,training_Singapore_Singapore_50,Singapore,2,4,2,1,,True
full_features,3class,random_forest,training_Singapore_Singapore_62,Singapore,2,4,2,2,,True
full_features,3class,random_forest,training_Singapore_Singapore_64,Singapore,2,4,1,1,,True
full_features,3class,random_forest,training_Singapore_Singapore_67,Singapore,2,4,2,1,,True
full_features,3class,random_forest,training_Singapore_Singapore_68,Singapore,2,4,2,1,,True
full_features,3class,random_forest,training_Singapore_Singapore_69,Singapore,2,4,2,1,,True
full_features,3class,random_forest,training_Utrecht_Utrecht_23,Utrecht,2,4,0,0,,True
full_features,3class,random_forest,training_Amsterdam_GE3T_107,Amsterdam,3,0,0,1,,True
full_features,3class,random_forest,training_Amsterdam_GE3T_108,Amsterdam,3,0,0,0,,True
full_features,3class,random_forest,training_Amsterdam_GE3T_113,Amsterdam,3,0,2,2,,True
full_features,3class,random_forest,training_Amsterdam_GE3T_144,Amsterdam,3,0,0,0,,True
full_features,3class,random_forest,training_Singapore_Singapore_54,Singapore,3,0,0,0,,True
full_features,3class,random_forest,training_Singapore_Singapore_64,Singapore,3,0,1,1,,True
full_features,3class,random_forest,training_Singapore_Singapore_65,Singapore,3,0,2,1,,True
full_features,3class,random_forest,training_Singapore_Singapore_68,Singapore,3,0,2,1,,True
full_features,3class,random_forest,training_Singapore_Singapore_69,Singapore,3,0,2,2,,True
full_features,3class,random_forest,training_Utrecht_Utrecht_17,Utrecht,3,0,0,0,,True
full_features,3class,random_forest,training_Utrecht_Utrecht_27,Utrecht,3,0,0,0,,True
full_features,3class,random_forest,training_Utrecht_Utrecht_49,Utrecht,3,0,2,2,,True
full_features,3class,random_forest,training_Amsterdam_GE3T_101,Amsterdam,3,1,0,0,,True
full_features,3class,random_forest,training_Amsterdam_GE3T_102,Amsterdam,3,1,0,0,,True
full_features,3class,random_forest,training_Amsterdam_GE3T_104,Amsterdam,3,1,2,2,,True
full_features,3class,random_forest,training_Amsterdam_GE3T_115,Amsterdam,3,1,0,0,,True
full_features,3class,random_forest,training_Amsterdam_GE3T_137,Amsterdam,3,1,0,1,,True
full_features,3class,random_forest,training_Singapore_Singapore_56,Singapore,3,1,1,2,,True
full_features,3class,random_forest,training_Singapore_Singapore_57,Singapore,3,1,1,1,,True
full_features,3class,random_forest,training_Singapore_Singapore_62,Singapore,3,1,2,2,,True
full_features,3class,random_forest,training_Utrecht_Utrecht_0,Utrecht,3,1,2,2,,True
full_features,3class,random_forest,training_Utrecht_Utrecht_31,Utrecht,3,1,2,2,,True
full_features,3class,random_forest,training_Utrecht_Utrecht_4,Utrecht,3,1,2,2,,True
full_features,3class,random_forest,training_Utrecht_Utrecht_6,Utrecht,3,1,0,0,,True
full_features,3class,random_forest,training_Amsterdam_GE3T_106,Amsterdam,3,2,0,0,,True
full_features,3class,random_forest,training_Amsterdam_GE3T_110,Amsterdam,3,2,0,0,,True
full_features,3class,random_forest,training_Amsterdam_GE3T_126,Amsterdam,3,2,1,2,,True
full_features,3class,random_forest,training_Amsterdam_GE3T_132,Amsterdam,3,2,2,2,,True
full_features,3class,random_forest,training_Singapore_Singapore_52,Singapore,3,2,0,0,,True
full_features,3class,random_forest,training_Singapore_Singapore_59,Singapore,3,2,2,1,,True
full_features,3class,random_forest,training_Utrecht_Utrecht_11,Utrecht,3,2,0,0,,True
full_features,3class,random_forest,training_Utrecht_Utrecht_19,Utrecht,3,2,1,2,,True
full_features,3class,random_forest,training_Utrecht_Utrecht_2,Utrecht,3,2,2,2,,True
full_features,3class,random_forest,training_Utrecht_Utrecht_33,Utrecht,3,2,0,0,,True
full_features,3class,random_forest,training_Utrecht_Utrecht_37,Utrecht,3,2,2,2,,True
full_features,3class,random_forest,training_Utrecht_Utrecht_39,Utrecht,3,2,2,2,,True
full_features,3class,random_forest,training_Amsterdam_GE3T_100,Amsterdam,3,3,0,0,,True
full_features,3class,random_forest,training_Amsterdam_GE3T_114,Amsterdam,3,3,1,2,,True
full_features,3class,random_forest,training_Singapore_Singapore_50,Singapore,3,3,2,2,,True
full_features,3class,random_forest,training_Singapore_Singapore_51,Singapore,3,3,2,2,,True
full_features,3class,random_forest,training_Singapore_Singapore_53,Singapore,3,3,0,0,,True
full_features,3class,random_forest,training_Singapore_Singapore_55,Singapore,3,3,0,0,,True
full_features,3class,random_forest,training_Singapore_Singapore_61,Singapore,3,3,1,1,,True
full_features,3class,random_forest,training_Singapore_Singapore_63,Singapore,3,3,2,2,,True
full_features,3class,random_forest,training_Utrecht_Utrecht_29,Utrecht,3,3,2,2,,True
full_features,3class,random_forest,training_Utrecht_Utrecht_35,Utrecht,3,3,0,0,,True
full_features,3class,random_forest,training_Utrecht_Utrecht_41,Utrecht,3,3,2,2,,True
full_features,3class,random_forest,training_Utrecht_Utrecht_8,Utrecht,3,3,0,0,,True
full_features,3class,random_forest,training_Amsterdam_GE3T_103,Amsterdam,3,4,2,2,,True
full_features,3class,random_forest,training_Amsterdam_GE3T_105,Amsterdam,3,4,1,1,,True
full_features,3class,random_forest,training_Amsterdam_GE3T_109,Amsterdam,3,4,0,0,,True
full_features,3class,random_forest,training_Amsterdam_GE3T_112,Amsterdam,3,4,0,0,,True
full_features,3class,random_forest,training_Amsterdam_GE3T_116,Amsterdam,3,4,0,0,,True
full_features,3class,random_forest,training_Singapore_Singapore_58,Singapore,3,4,0,0,,True
full_features,3class,random_forest,training_Singapore_Singapore_60,Singapore,3,4,2,1,,True
full_features,3class,random_forest,training_Singapore_Singapore_66,Singapore,3,4,1,0,,True
full_features,3class,random_forest,training_Singapore_Singapore_67,Singapore,3,4,2,1,,True
full_features,3class,random_forest,training_Utrecht_Utrecht_21,Utrecht,3,4,2,2,,True
full_features,3class,random_forest,training_Utrecht_Utrecht_23,Utrecht,3,4,0,0,,True
full_features,3class,random_forest,training_Utrecht_Utrecht_25,Utrecht,3,4,2,2,,True
full_features,3class,random_forest,training_Amsterdam_GE3T_100,Amsterdam,4,0,0,0,,True
full_features,3class,random_forest,training_Amsterdam_GE3T_104,Amsterdam,4,0,2,2,,True
full_features,3class,random_forest,training_Amsterdam_GE3T_113,Amsterdam,4,0,2,2,,True
full_features,3class,random_forest,training_Amsterdam_GE3T_116,Amsterdam,4,0,0,0,,True
full_features,3class,random_forest,training_Singapore_Singapore_54,Singapore,4,0,0,0,,True
full_features,3class,random_forest,training_Singapore_Singapore_61,Singapore,4,0,1,1,,True
full_features,3class,random_forest,training_Singapore_Singapore_69,Singapore,4,0,2,2,,True
full_features,3class,random_forest,training_Utrecht_Utrecht_11,Utrecht,4,0,0,0,,True
full_features,3class,random_forest,training_Utrecht_Utrecht_17,Utrecht,4,0,0,0,,True
full_features,3class,random_forest,training_Utrecht_Utrecht_23,Utrecht,4,0,0,0,,True
full_features,3class,random_forest,training_Utrecht_Utrecht_25,Utrecht,4,0,2,2,,True
full_features,3class,random_forest,training_Utrecht_Utrecht_41,Utrecht,4,0,2,2,,True
full_features,3class,random_forest,training_Amsterdam_GE3T_109,Amsterdam,4,1,0,0,,True
full_features,3class,random_forest,training_Amsterdam_GE3T_112,Amsterdam,4,1,0,0,,True
full_features,3class,random_forest,training_Amsterdam_GE3T_114,Amsterdam,4,1,1,2,,True
full_features,3class,random_forest,training_Singapore_Singapore_51,Singapore,4,1,2,2,,True
full_features,3class,random_forest,training_Singapore_Singapore_57,Singapore,4,1,1,1,,True
full_features,3class,random_forest,training_Singapore_Singapore_62,Singapore,4,1,2,2,,True
full_features,3class,random_forest,training_Utrecht_Utrecht_21,Utrecht,4,1,2,2,,True
full_features,3class,random_forest,training_Utrecht_Utrecht_27,Utrecht,4,1,0,0,,True
full_features,3class,random_forest,training_Utrecht_Utrecht_29,Utrecht,4,1,2,2,,True
full_features,3class,random_forest,training_Utrecht_Utrecht_33,Utrecht,4,1,0,0,,True
full_features,3class,random_forest,training_Utrecht_Utrecht_37,Utrecht,4,1,2,2,,True
full_features,3class,random_forest,training_Utrecht_Utrecht_6,Utrecht,4,1,0,0,,True
full_features,3class,random_forest,training_Amsterdam_GE3T_101,Amsterdam,4,2,0,0,,True
full_features,3class,random_forest,training_Amsterdam_GE3T_103,Amsterdam,4,2,2,2,,True
full_features,3class,random_forest,training_Amsterdam_GE3T_107,Amsterdam,4,2,0,1,,True
full_features,3class,random_forest,training_Amsterdam_GE3T_126,Amsterdam,4,2,1,1,,True
full_features,3class,random_forest,training_Singapore_Singapore_50,Singapore,4,2,2,2,,True
full_features,3class,random_forest,training_Singapore_Singapore_52,Singapore,4,2,0,0,,True
full_features,3class,random_forest,training_Singapore_Singapore_53,Singapore,4,2,0,0,,True
full_features,3class,random_forest,training_Singapore_Singapore_59,Singapore,4,2,2,1,,True
full_features,3class,random_forest,training_Singapore_Singapore_60,Singapore,4,2,2,1,,True
full_features,3class,random_forest,training_Singapore_Singapore_65,Singapore,4,2,2,1,,True
full_features,3class,random_forest,training_Singapore_Singapore_66,Singapore,4,2,1,0,,True
full_features,3class,random_forest,training_Utrecht_Utrecht_35,Utrecht,4,2,0,0,,True
full_features,3class,random_forest,training_Amsterdam_GE3T_102,Amsterdam,4,3,0,0,,True
full_features,3class,random_forest,training_Amsterdam_GE3T_105,Amsterdam,4,3,1,1,,True
full_features,3class,random_forest,training_Amsterdam_GE3T_106,Amsterdam,4,3,0,0,,True
full_features,3class,random_forest,training_Amsterdam_GE3T_115,Amsterdam,4,3,0,0,,True
full_features,3class,random_forest,training_Amsterdam_GE3T_144,Amsterdam,4,3,0,0,,True
full_features,3class,random_forest,training_Singapore_Singapore_55,Singapore,4,3,0,0,,True
full_features,3class,random_forest,training_Singapore_Singapore_56,Singapore,4,3,1,2,,True
full_features,3class,random_forest,training_Singapore_Singapore_67,Singapore,4,3,2,2,,True
full_features,3class,random_forest,training_Singapore_Singapore_68,Singapore,4,3,2,1,,True
full_features,3class,random_forest,training_Utrecht_Utrecht_2,Utrecht,4,3,2,2,,True
full_features,3class,random_forest,training_Utrecht_Utrecht_39,Utrecht,4,3,2,2,,True
full_features,3class,random_forest,training_Utrecht_Utrecht_49,Utrecht,4,3,2,2,,True
full_features,3class,random_forest,training_Amsterdam_GE3T_108,Amsterdam,4,4,0,0,,True
full_features,3class,random_forest,training_Amsterdam_GE3T_110,Amsterdam,4,4,0,0,,True
full_features,3class,random_forest,training_Amsterdam_GE3T_132,Amsterdam,4,4,2,1,,True
full_features,3class,random_forest,training_Amsterdam_GE3T_137,Amsterdam,4,4,0,1,,True
full_features,3class,random_forest,training_Singapore_Singapore_58,Singapore,4,4,0,0,,True
full_features,3class,random_forest,training_Singapore_Singapore_63,Singapore,4,4,2,2,,True
full_features,3class,random_forest,training_Singapore_Singapore_64,Singapore,4,4,1,1,,True
full_features,3class,random_forest,training_Utrecht_Utrecht_0,Utrecht,4,4,2,2,,True
full_features,3class,random_forest,training_Utrecht_Utrecht_19,Utrecht,4,4,1,2,,True
full_features,3class,random_forest,training_Utrecht_Utrecht_31,Utrecht,4,4,2,2,,True
full_features,3class,random_forest,training_Utrecht_Utrecht_4,Utrecht,4,4,2,2,,True
full_features,3class,random_forest,training_Utrecht_Utrecht_8,Utrecht,4,4,0,0,,True
full_features,3class,random_forest,training_Amsterdam_GE3T_100,Amsterdam,5,0,0,0,,True
full_features,3class,random_forest,training_Amsterdam_GE3T_105,Amsterdam,5,0,1,1,,True
full_features,3class,random_forest,training_Amsterdam_GE3T_109,Amsterdam,5,0,0,0,,True
full_features,3class,random_forest,training_Amsterdam_GE3T_137,Amsterdam,5,0,0,1,,True
full_features,3class,random_forest,training_Singapore_Singapore_55,Singapore,5,0,0,0,,True
full_features,3class,random_forest,training_Singapore_Singapore_67,Singapore,5,0,2,2,,True
full_features,3class,random_forest,training_Utrecht_Utrecht_0,Utrecht,5,0,2,2,,True
full_features,3class,random_forest,training_Utrecht_Utrecht_2,Utrecht,5,0,2,2,,True
full_features,3class,random_forest,training_Utrecht_Utrecht_27,Utrecht,5,0,0,0,,True
full_features,3class,random_forest,training_Utrecht_Utrecht_31,Utrecht,5,0,2,2,,True
full_features,3class,random_forest,training_Utrecht_Utrecht_35,Utrecht,5,0,0,0,,True
full_features,3class,random_forest,training_Utrecht_Utrecht_41,Utrecht,5,0,2,2,,True
full_features,3class,random_forest,training_Amsterdam_GE3T_101,Amsterdam,5,1,0,0,,True
full_features,3class,random_forest,training_Amsterdam_GE3T_102,Amsterdam,5,1,0,0,,True
full_features,3class,random_forest,training_Amsterdam_GE3T_106,Amsterdam,5,1,0,0,,True
full_features,3class,random_forest,training_Amsterdam_GE3T_126,Amsterdam,5,1,1,1,,True
full_features,3class,random_forest,training_Singapore_Singapore_50,Singapore,5,1,2,2,,True
full_features,3class,random_forest,training_Singapore_Singapore_52,Singapore,5,1,0,0,,True
full_features,3class,random_forest,training_Singapore_Singapore_56,Singapore,5,1,1,2,,True
full_features,3class,random_forest,training_Singapore_Singapore_60,Singapore,5,1,2,2,,True
full_features,3class,random_forest,training_Singapore_Singapore_62,Singapore,5,1,2,2,,True
full_features,3class,random_forest,training_Singapore_Singapore_63,Singapore,5,1,2,2,,True
full_features,3class,random_forest,training_Utrecht_Utrecht_11,Utrecht,5,1,0,0,,True
full_features,3class,random_forest,training_Utrecht_Utrecht_21,Utrecht,5,1,2,2,,True
full_features,3class,random_forest,training_Amsterdam_GE3T_104,Amsterdam,5,2,2,2,,True
full_features,3class,random_forest,training_Amsterdam_GE3T_107,Amsterdam,5,2,0,1,,True
full_features,3class,random_forest,training_Amsterdam_GE3T_108,Amsterdam,5,2,0,0,,True
full_features,3class,random_forest,training_Amsterdam_GE3T_114,Amsterdam,5,2,1,0,,True
full_features,3class,random_forest,training_Amsterdam_GE3T_115,Amsterdam,5,2,0,0,,True
full_features,3class,random_forest,training_Amsterdam_GE3T_132,Amsterdam,5,2,2,2,,True
full_features,3class,random_forest,training_Singapore_Singapore_51,Singapore,5,2,2,2,,True
full_features,3class,random_forest,training_Singapore_Singapore_57,Singapore,5,2,1,1,,True
full_features,3class,random_forest,training_Singapore_Singapore_68,Singapore,5,2,2,1,,True
full_features,3class,random_forest,training_Utrecht_Utrecht_23,Utrecht,5,2,0,0,,True
full_features,3class,random_forest,training_Utrecht_Utrecht_33,Utrecht,5,2,0,0,,True
full_features,3class,random_forest,training_Utrecht_Utrecht_39,Utrecht,5,2,2,2,,True
full_features,3class,random_forest,training_Amsterdam_GE3T_103,Amsterdam,5,3,2,2,,True
full_features,3class,random_forest,training_Amsterdam_GE3T_110,Amsterdam,5,3,0,0,,True
full_features,3class,random_forest,training_Amsterdam_GE3T_112,Amsterdam,5,3,0,0,,True
full_features,3class,random_forest,training_Amsterdam_GE3T_113,Amsterdam,5,3,2,2,,True
full_features,3class,random_forest,training_Amsterdam_GE3T_116,Amsterdam,5,3,0,0,,True
full_features,3class,random_forest,training_Singapore_Singapore_54,Singapore,5,3,0,0,,True
full_features,3class,random_forest,training_Singapore_Singapore_58,Singapore,5,3,0,0,,True
full_features,3class,random_forest,training_Singapore_Singapore_59,Singapore,5,3,2,1,,True
full_features,3class,random_forest,training_Singapore_Singapore_66,Singapore,5,3,1,0,,True
full_features,3class,random_forest,training_Utrecht_Utrecht_19,Utrecht,5,3,1,2,,True
full_features,3class,random_forest,training_Utrecht_Utrecht_25,Utrecht,5,3,2,2,,True
full_features,3class,random_forest,training_Utrecht_Utrecht_4,Utrecht,5,3,2,2,,True
full_features,3class,random_forest,training_Amsterdam_GE3T_144,Amsterdam,5,4,0,0,,True
full_features,3class,random_forest,training_Singapore_Singapore_53,Singapore,5,4,0,0,,True
full_features,3class,random_forest,training_Singapore_Singapore_61,Singapore,5,4,1,1,,True
full_features,3class,random_forest,training_Singapore_Singapore_64,Singapore,5,4,1,1,,True
full_features,3class,random_forest,training_Singapore_Singapore_65,Singapore,5,4,2,1,,True
full_features,3class,random_forest,training_Singapore_Singapore_69,Singapore,5,4,2,2,,True
full_features,3class,random_forest,training_Utrecht_Utrecht_17,Utrecht,5,4,0,0,,True
full_features,3class,random_forest,training_Utrecht_Utrecht_29,Utrecht,5,4,2,2,,True
full_features,3class,random_forest,training_Utrecht_Utrecht_37,Utrecht,5,4,2,2,,True
full_features,3class,random_forest,training_Utrecht_Utrecht_49,Utrecht,5,4,2,2,,True
full_features,3class,random_forest,training_Utrecht_Utrecht_6,Utrecht,5,4,0,0,,True
full_features,3class,random_forest,training_Utrecht_Utrecht_8,Utrecht,5,4,0,0,,True
full_features,3class,random_forest,training_Amsterdam_GE3T_107,Amsterdam,6,0,0,1,,True
full_features,3class,random_forest,training_Amsterdam_GE3T_109,Amsterdam,6,0,0,0,,True
full_features,3class,random_forest,training_Amsterdam_GE3T_113,Amsterdam,6,0,2,2,,True
full_features,3class,random_forest,training_Singapore_Singapore_52,Singapore,6,0,0,0,,True
full_features,3class,random_forest,training_Singapore_Singapore_58,Singapore,6,0,0,0,,True
full_features,3class,random_forest,training_Singapore_Singapore_64,Singapore,6,0,1,1,,True
full_features,3class,random_forest,training_Utrecht_Utrecht_0,Utrecht,6,0,2,2,,True
full_features,3class,random_forest,training_Utrecht_Utrecht_11,Utrecht,6,0,0,0,,True
full_features,3class,random_forest,training_Utrecht_Utrecht_29,Utrecht,6,0,2,2,,True
full_features,3class,random_forest,training_Utrecht_Utrecht_4,Utrecht,6,0,2,2,,True
full_features,3class,random_forest,training_Utrecht_Utrecht_49,Utrecht,6,0,2,2,,True
full_features,3class,random_forest,training_Utrecht_Utrecht_6,Utrecht,6,0,0,0,,True
full_features,3class,random_forest,training_Amsterdam_GE3T_102,Amsterdam,6,1,0,0,,True
full_features,3class,random_forest,training_Amsterdam_GE3T_106,Amsterdam,6,1,0,0,,True
full_features,3class,random_forest,training_Amsterdam_GE3T_115,Amsterdam,6,1,0,0,,True
full_features,3class,random_forest,training_Singapore_Singapore_50,Singapore,6,1,2,2,,True
full_features,3class,random_forest,training_Singapore_Singapore_56,Singapore,6,1,1,2,,True
full_features,3class,random_forest,training_Singapore_Singapore_62,Singapore,6,1,2,2,,True
full_features,3class,random_forest,training_Singapore_Singapore_67,Singapore,6,1,2,2,,True
full_features,3class,random_forest,training_Singapore_Singapore_68,Singapore,6,1,2,2,,True
full_features,3class,random_forest,training_Utrecht_Utrecht_19,Utrecht,6,1,1,2,,True
full_features,3class,random_forest,training_Utrecht_Utrecht_33,Utrecht,6,1,0,0,,True
full_features,3class,random_forest,training_Utrecht_Utrecht_35,Utrecht,6,1,0,0,,True
full_features,3class,random_forest,training_Utrecht_Utrecht_41,Utrecht,6,1,2,2,,True
full_features,3class,random_forest,training_Amsterdam_GE3T_105,Amsterdam,6,2,1,1,,True
full_features,3class,random_forest,training_Amsterdam_GE3T_108,Amsterdam,6,2,0,0,,True
full_features,3class,random_forest,training_Amsterdam_GE3T_112,Amsterdam,6,2,0,0,,True
full_features,3class,random_forest,training_Amsterdam_GE3T_114,Amsterdam,6,2,1,2,,True
full_features,3class,random_forest,training_Amsterdam_GE3T_116,Amsterdam,6,2,0,0,,True
full_features,3class,random_forest,training_Amsterdam_GE3T_132,Amsterdam,6,2,2,2,,True
full_features,3class,random_forest,training_Amsterdam_GE3T_137,Amsterdam,6,2,0,0,,True
full_features,3class,random_forest,training_Singapore_Singapore_53,Singapore,6,2,0,0,,True
full_features,3class,random_forest,training_Singapore_Singapore_59,Singapore,6,2,2,1,,True
full_features,3class,random_forest,training_Singapore_Singapore_60,Singapore,6,2,2,2,,True
full_features,3class,random_forest,training_Singapore_Singapore_65,Singapore,6,2,2,1,,True
full_features,3class,random_forest,training_Utrecht_Utrecht_37,Utrecht,6,2,2,2,,True
full_features,3class,random_forest,training_Amsterdam_GE3T_100,Amsterdam,6,3,0,0,,True
full_features,3class,random_forest,training_Amsterdam_GE3T_101,Amsterdam,6,3,0,0,,True
full_features,3class,random_forest,training_Amsterdam_GE3T_103,Amsterdam,6,3,2,2,,True
full_features,3class,random_forest,training_Singapore_Singapore_55,Singapore,6,3,0,0,,True
full_features,3class,random_forest,training_Singapore_Singapore_57,Singapore,6,3,1,1,,True
full_features,3class,random_forest,training_Singapore_Singapore_61,Singapore,6,3,1,2,,True
full_features,3class,random_forest,training_Utrecht_Utrecht_2,Utrecht,6,3,2,2,,True
full_features,3class,random_forest,training_Utrecht_Utrecht_21,Utrecht,6,3,2,2,,True
full_features,3class,random_forest,training_Utrecht_Utrecht_23,Utrecht,6,3,0,0,,True
full_features,3class,random_forest,training_Utrecht_Utrecht_25,Utrecht,6,3,2,2,,True
full_features,3class,random_forest,training_Utrecht_Utrecht_27,Utrecht,6,3,0,0,,True
full_features,3class,random_forest,training_Utrecht_Utrecht_39,Utrecht,6,3,2,2,,True
full_features,3class,random_forest,training_Amsterdam_GE3T_104,Amsterdam,6,4,2,2,,True
full_features,3class,random_forest,training_Amsterdam_GE3T_110,Amsterdam,6,4,0,0,,True
full_features,3class,random_forest,training_Amsterdam_GE3T_126,Amsterdam,6,4,1,1,,True
full_features,3class,random_forest,training_Amsterdam_GE3T_144,Amsterdam,6,4,0,0,,True
full_features,3class,random_forest,training_Singapore_Singapore_51,Singapore,6,4,2,2,,True
full_features,3class,random_forest,training_Singapore_Singapore_54,Singapore,6,4,0,0,,True
full_features,3class,random_forest,training_Singapore_Singapore_63,Singapore,6,4,2,2,,True
full_features,3class,random_forest,training_Singapore_Singapore_66,Singapore,6,4,1,0,,True
full_features,3class,random_forest,training_Singapore_Singapore_69,Singapore,6,4,2,1,,True
full_features,3class,random_forest,training_Utrecht_Utrecht_17,Utrecht,6,4,0,0,,True
full_features,3class,random_forest,training_Utrecht_Utrecht_31,Utrecht,6,4,2,2,,True
full_features,3class,random_forest,training_Utrecht_Utrecht_8,Utrecht,6,4,0,0,,True
full_features,3class,random_forest,training_Amsterdam_GE3T_102,Amsterdam,7,0,0,0,,True
full_features,3class,random_forest,training_Amsterdam_GE3T_103,Amsterdam,7,0,2,2,,True
full_features,3class,random_forest,training_Amsterdam_GE3T_105,Amsterdam,7,0,1,1,,True
full_features,3class,random_forest,training_Amsterdam_GE3T_113,Amsterdam,7,0,2,2,,True
full_features,3class,random_forest,training_Amsterdam_GE3T_115,Amsterdam,7,0,0,0,,True
full_features,3class,random_forest,training_Singapore_Singapore_52,Singapore,7,0,0,0,,True
full_features,3class,random_forest,training_Singapore_Singapore_54,Singapore,7,0,0,0,,True
full_features,3class,random_forest,training_Singapore_Singapore_58,Singapore,7,0,0,0,,True
full_features,3class,random_forest,training_Singapore_Singapore_59,Singapore,7,0,2,1,,True
full_features,3class,random_forest,training_Singapore_Singapore_67,Singapore,7,0,2,1,,True
full_features,3class,random_forest,training_Singapore_Singapore_68,Singapore,7,0,2,1,,True
full_features,3class,random_forest,training_Utrecht_Utrecht_27,Utrecht,7,0,0,0,,True
full_features,3class,random_forest,training_Amsterdam_GE3T_100,Amsterdam,7,1,0,0,,True
full_features,3class,random_forest,training_Amsterdam_GE3T_101,Amsterdam,7,1,0,0,,True
full_features,3class,random_forest,training_Amsterdam_GE3T_110,Amsterdam,7,1,0,0,,True
full_features,3class,random_forest,training_Amsterdam_GE3T_112,Amsterdam,7,1,0,0,,True
full_features,3class,random_forest,training_Singapore_Singapore_50,Singapore,7,1,2,2,,True
full_features,3class,random_forest,training_Singapore_Singapore_57,Singapore,7,1,1,1,,True
full_features,3class,random_forest,training_Singapore_Singapore_60,Singapore,7,1,2,1,,True
full_features,3class,random_forest,training_Singapore_Singapore_65,Singapore,7,1,2,2,,True
full_features,3class,random_forest,training_Utrecht_Utrecht_19,Utrecht,7,1,1,2,,True
full_features,3class,random_forest,training_Utrecht_Utrecht_25,Utrecht,7,1,2,2,,True
full_features,3class,random_forest,training_Utrecht_Utrecht_29,Utrecht,7,1,2,2,,True
full_features,3class,random_forest,training_Utrecht_Utrecht_6,Utrecht,7,1,0,0,,True
full_features,3class,random_forest,training_Amsterdam_GE3T_104,Amsterdam,7,2,2,2,,True
full_features,3class,random_forest,training_Amsterdam_GE3T_108,Amsterdam,7,2,0,0,,True
full_features,3class,random_forest,training_Amsterdam_GE3T_137,Amsterdam,7,2,0,1,,True
full_features,3class,random_forest,training_Singapore_Singapore_55,Singapore,7,2,0,0,,True
full_features,3class,random_forest,training_Singapore_Singapore_61,Singapore,7,2,1,1,,True
full_features,3class,random_forest,training_Singapore_Singapore_63,Singapore,7,2,2,2,,True
full_features,3class,random_forest,training_Singapore_Singapore_64,Singapore,7,2,1,1,,True
full_features,3class,random_forest,training_Singapore_Singapore_69,Singapore,7,2,2,2,,True
full_features,3class,random_forest,training_Utrecht_Utrecht_0,Utrecht,7,2,2,2,,True
full_features,3class,random_forest,training_Utrecht_Utrecht_17,Utrecht,7,2,0,0,,True
full_features,3class,random_forest,training_Utrecht_Utrecht_21,Utrecht,7,2,2,2,,True
full_features,3class,random_forest,training_Utrecht_Utrecht_35,Utrecht,7,2,0,0,,True
full_features,3class,random_forest,training_Amsterdam_GE3T_106,Amsterdam,7,3,0,0,,True
full_features,3class,random_forest,training_Amsterdam_GE3T_109,Amsterdam,7,3,0,0,,True
full_features,3class,random_forest,training_Amsterdam_GE3T_116,Amsterdam,7,3,0,0,,True
full_features,3class,random_forest,training_Amsterdam_GE3T_126,Amsterdam,7,3,1,1,,True
full_features,3class,random_forest,training_Singapore_Singapore_51,Singapore,7,3,2,2,,True
full_features,3class,random_forest,training_Singapore_Singapore_66,Singapore,7,3,1,0,,True
full_features,3class,random_forest,training_Utrecht_Utrecht_2,Utrecht,7,3,2,2,,True
full_features,3class,random_forest,training_Utrecht_Utrecht_31,Utrecht,7,3,2,2,,True
full_features,3class,random_forest,training_Utrecht_Utrecht_33,Utrecht,7,3,0,0,,True
full_features,3class,random_forest,training_Utrecht_Utrecht_37,Utrecht,7,3,2,2,,True
full_features,3class,random_forest,training_Utrecht_Utrecht_41,Utrecht,7,3,2,2,,True
full_features,3class,random_forest,training_Utrecht_Utrecht_8,Utrecht,7,3,0,0,,True
full_features,3class,random_forest,training_Amsterdam_GE3T_107,Amsterdam,7,4,0,1,,True
full_features,3class,random_forest,training_Amsterdam_GE3T_114,Amsterdam,7,4,1,2,,True
full_features,3class,random_forest,training_Amsterdam_GE3T_132,Amsterdam,7,4,2,2,,True
full_features,3class,random_forest,training_Amsterdam_GE3T_144,Amsterdam,7,4,0,0,,True
full_features,3class,random_forest,training_Singapore_Singapore_53,Singapore,7,4,0,0,,True
full_features,3class,random_forest,training_Singapore_Singapore_56,Singapore,7,4,1,2,,True
full_features,3class,random_forest,training_Singapore_Singapore_62,Singapore,7,4,2,2,,True
full_features,3class,random_forest,training_Utrecht_Utrecht_11,Utrecht,7,4,0,0,,True
full_features,3class,random_forest,training_Utrecht_Utrecht_23,Utrecht,7,4,0,0,,True
full_features,3class,random_forest,training_Utrecht_Utrecht_39,Utrecht,7,4,2,2,,True
full_features,3class,random_forest,training_Utrecht_Utrecht_4,Utrecht,7,4,2,2,,True
full_features,3class,random_forest,training_Utrecht_Utrecht_49,Utrecht,7,4,2,2,,True
full_features,3class,random_forest,training_Amsterdam_GE3T_105,Amsterdam,8,0,1,1,,True
full_features,3class,random_forest,training_Amsterdam_GE3T_106,Amsterdam,8,0,0,0,,True
full_features,3class,random_forest,training_Amsterdam_GE3T_108,Amsterdam,8,0,0,0,,True
full_features,3class,random_forest,training_Amsterdam_GE3T_112,Amsterdam,8,0,0,0,,True
full_features,3class,random_forest,training_Amsterdam_GE3T_113,Amsterdam,8,0,2,2,,True
full_features,3class,random_forest,training_Singapore_Singapore_54,Singapore,8,0,0,0,,True
full_features,3class,random_forest,training_Singapore_Singapore_68,Singapore,8,0,2,1,,True
full_features,3class,random_forest,training_Singapore_Singapore_69,Singapore,8,0,2,2,,True
full_features,3class,random_forest,training_Utrecht_Utrecht_17,Utrecht,8,0,0,0,,True
full_features,3class,random_forest,training_Utrecht_Utrecht_23,Utrecht,8,0,0,0,,True
full_features,3class,random_forest,training_Utrecht_Utrecht_39,Utrecht,8,0,2,2,,True
full_features,3class,random_forest,training_Utrecht_Utrecht_49,Utrecht,8,0,2,2,,True
full_features,3class,random_forest,training_Amsterdam_GE3T_103,Amsterdam,8,1,2,2,,True
full_features,3class,random_forest,training_Amsterdam_GE3T_104,Amsterdam,8,1,2,2,,True
full_features,3class,random_forest,training_Amsterdam_GE3T_109,Amsterdam,8,1,0,0,,True
full_features,3class,random_forest,training_Amsterdam_GE3T_137,Amsterdam,8,1,0,1,,True
full_features,3class,random_forest,training_Singapore_Singapore_50,Singapore,8,1,2,2,,True
full_features,3class,random_forest,training_Singapore_Singapore_53,Singapore,8,1,0,0,,True
full_features,3class,random_forest,training_Singapore_Singapore_56,Singapore,8,1,1,2,,True
full_features,3class,random_forest,training_Singapore_Singapore_60,Singapore,8,1,2,2,,True
full_features,3class,random_forest,training_Singapore_Singapore_61,Singapore,8,1,1,1,,True
full_features,3class,random_forest,training_Singapore_Singapore_65,Singapore,8,1,2,1,,True
full_features,3class,random_forest,training_Utrecht_Utrecht_33,Utrecht,8,1,0,0,,True
full_features,3class,random_forest,training_Utrecht_Utrecht_8,Utrecht,8,1,0,0,,True
full_features,3class,random_forest,training_Amsterdam_GE3T_102,Amsterdam,8,2,0,0,,True
full_features,3class,random_forest,training_Amsterdam_GE3T_107,Amsterdam,8,2,0,1,,True
full_features,3class,random_forest,training_Amsterdam_GE3T_144,Amsterdam,8,2,0,0,,True
full_features,3class,random_forest,training_Singapore_Singapore_59,Singapore,8,2,2,1,,True
full_features,3class,random_forest,training_Singapore_Singapore_63,Singapore,8,2,2,2,,True
full_features,3class,random_forest,training_Singapore_Singapore_64,Singapore,8,2,1,1,,True
full_features,3class,random_forest,training_Singapore_Singapore_66,Singapore,8,2,1,0,,True
full_features,3class,random_forest,training_Singapore_Singapore_67,Singapore,8,2,2,1,,True
full_features,3class,random_forest,training_Utrecht_Utrecht_11,Utrecht,8,2,0,0,,True
full_features,3class,random_forest,training_Utrecht_Utrecht_21,Utrecht,8,2,2,2,,True
full_features,3class,random_forest,training_Utrecht_Utrecht_37,Utrecht,8,2,2,2,,True
full_features,3class,random_forest,training_Utrecht_Utrecht_6,Utrecht,8,2,0,0,,True
full_features,3class,random_forest,training_Amsterdam_GE3T_100,Amsterdam,8,3,0,0,,True
full_features,3class,random_forest,training_Amsterdam_GE3T_116,Amsterdam,8,3,0,0,,True
full_features,3class,random_forest,training_Singapore_Singapore_51,Singapore,8,3,2,2,,True
full_features,3class,random_forest,training_Singapore_Singapore_55,Singapore,8,3,0,0,,True
full_features,3class,random_forest,training_Singapore_Singapore_57,Singapore,8,3,1,1,,True
full_features,3class,random_forest,training_Singapore_Singapore_58,Singapore,8,3,0,0,,True
full_features,3class,random_forest,training_Singapore_Singapore_62,Singapore,8,3,2,2,,True
full_features,3class,random_forest,training_Utrecht_Utrecht_0,Utrecht,8,3,2,2,,True
full_features,3class,random_forest,training_Utrecht_Utrecht_19,Utrecht,8,3,1,2,,True
full_features,3class,random_forest,training_Utrecht_Utrecht_29,Utrecht,8,3,2,2,,True
full_features,3class,random_forest,training_Utrecht_Utrecht_31,Utrecht,8,3,2,2,,True
full_features,3class,random_forest,training_Utrecht_Utrecht_35,Utrecht,8,3,0,0,,True
full_features,3class,random_forest,training_Amsterdam_GE3T_101,Amsterdam,8,4,0,0,,True
full_features,3class,random_forest,training_Amsterdam_GE3T_110,Amsterdam,8,4,0,0,,True
full_features,3class,random_forest,training_Amsterdam_GE3T_114,Amsterdam,8,4,1,0,,True
full_features,3class,random_forest,training_Amsterdam_GE3T_115,Amsterdam,8,4,0,0,,True
full_features,3class,random_forest,training_Amsterdam_GE3T_126,Amsterdam,8,4,1,2,,True
full_features,3class,random_forest,training_Amsterdam_GE3T_132,Amsterdam,8,4,2,2,,True
full_features,3class,random_forest,training_Singapore_Singapore_52,Singapore,8,4,0,0,,True
full_features,3class,random_forest,training_Utrecht_Utrecht_2,Utrecht,8,4,2,2,,True
full_features,3class,random_forest,training_Utrecht_Utrecht_25,Utrecht,8,4,2,2,,True
full_features,3class,random_forest,training_Utrecht_Utrecht_27,Utrecht,8,4,0,0,,True
full_features,3class,random_forest,training_Utrecht_Utrecht_4,Utrecht,8,4,2,2,,True
full_features,3class,random_forest,training_Utrecht_Utrecht_41,Utrecht,8,4,2,2,,True
full_features,3class,random_forest,training_Amsterdam_GE3T_109,Amsterdam,9,0,0,0,,True
full_features,3class,random_forest,training_Amsterdam_GE3T_113,Amsterdam,9,0,2,2,,True
full_features,3class,random_forest,training_Singapore_Singapore_52,Singapore,9,0,0,0,,True
full_features,3class,random_forest,training_Singapore_Singapore_57,Singapore,9,0,1,1,,True
full_features,3class,random_forest,training_Singapore_Singapore_62,Singapore,9,0,2,2,,True
full_features,3class,random_forest,training_Singapore_Singapore_63,Singapore,9,0,2,2,,True
full_features,3class,random_forest,training_Utrecht_Utrecht_11,Utrecht,9,0,0,0,,True
full_features,3class,random_forest,training_Utrecht_Utrecht_17,Utrecht,9,0,0,0,,True
full_features,3class,random_forest,training_Utrecht_Utrecht_27,Utrecht,9,0,0,0,,True
full_features,3class,random_forest,training_Utrecht_Utrecht_31,Utrecht,9,0,2,2,,True
full_features,3class,random_forest,training_Utrecht_Utrecht_35,Utrecht,9,0,0,0,,True
full_features,3class,random_forest,training_Utrecht_Utrecht_4,Utrecht,9,0,2,2,,True
full_features,3class,random_forest,training_Amsterdam_GE3T_100,Amsterdam,9,1,0,0,,True
full_features,3class,random_forest,training_Amsterdam_GE3T_101,Amsterdam,9,1,0,0,,True
full_features,3class,random_forest,training_Amsterdam_GE3T_104,Amsterdam,9,1,2,2,,True
full_features,3class,random_forest,training_Amsterdam_GE3T_108,Amsterdam,9,1,0,0,,True
full_features,3class,random_forest,training_Amsterdam_GE3T_126,Amsterdam,9,1,1,1,,True
full_features,3class,random_forest,training_Singapore_Singapore_54,Singapore,9,1,0,0,,True
full_features,3class,random_forest,training_Singapore_Singapore_64,Singapore,9,1,1,1,,True
full_features,3class,random_forest,training_Singapore_Singapore_65,Singapore,9,1,2,1,,True
full_features,3class,random_forest,training_Singapore_Singapore_67,Singapore,9,1,2,1,,True
full_features,3class,random_forest,training_Utrecht_Utrecht_21,Utrecht,9,1,2,2,,True
full_features,3class,random_forest,training_Utrecht_Utrecht_25,Utrecht,9,1,2,2,,True
full_features,3class,random_forest,training_Utrecht_Utrecht_33,Utrecht,9,1,0,0,,True
full_features,3class,random_forest,training_Amsterdam_GE3T_106,Amsterdam,9,2,0,0,,True
full_features,3class,random_forest,training_Amsterdam_GE3T_110,Amsterdam,9,2,0,0,,True
full_features,3class,random_forest,training_Amsterdam_GE3T_112,Amsterdam,9,2,0,0,,True
full_features,3class,random_forest,training_Amsterdam_GE3T_116,Amsterdam,9,2,0,0,,True
full_features,3class,random_forest,training_Amsterdam_GE3T_137,Amsterdam,9,2,0,1,,True
full_features,3class,random_forest,training_Singapore_Singapore_50,Singapore,9,2,2,2,,True
full_features,3class,random_forest,training_Singapore_Singapore_51,Singapore,9,2,2,2,,True
full_features,3class,random_forest,training_Singapore_Singapore_60,Singapore,9,2,2,1,,True
full_features,3class,random_forest,training_Singapore_Singapore_61,Singapore,9,2,1,1,,True
full_features,3class,random_forest,training_Singapore_Singapore_66,Singapore,9,2,1,0,,True
full_features,3class,random_forest,training_Utrecht_Utrecht_41,Utrecht,9,2,2,2,,True
full_features,3class,random_forest,training_Utrecht_Utrecht_49,Utrecht,9,2,2,2,,True
full_features,3class,random_forest,training_Amsterdam_GE3T_102,Amsterdam,9,3,0,0,,True
full_features,3class,random_forest,training_Amsterdam_GE3T_105,Amsterdam,9,3,1,1,,True
full_features,3class,random_forest,training_Amsterdam_GE3T_114,Amsterdam,9,3,1,2,,True
full_features,3class,random_forest,training_Amsterdam_GE3T_132,Amsterdam,9,3,2,2,,True
full_features,3class,random_forest,training_Amsterdam_GE3T_144,Amsterdam,9,3,0,0,,True
full_features,3class,random_forest,training_Singapore_Singapore_53,Singapore,9,3,0,0,,True
full_features,3class,random_forest,training_Singapore_Singapore_58,Singapore,9,3,0,0,,True
full_features,3class,random_forest,training_Singapore_Singapore_68,Singapore,9,3,2,1,,True
full_features,3class,random_forest,training_Utrecht_Utrecht_29,Utrecht,9,3,2,2,,True
full_features,3class,random_forest,training_Utrecht_Utrecht_37,Utrecht,9,3,2,2,,True
full_features,3class,random_forest,training_Utrecht_Utrecht_39,Utrecht,9,3,2,2,,True
full_features,3class,random_forest,training_Utrecht_Utrecht_6,Utrecht,9,3,0,0,,True
full_features,3class,random_forest,training_Amsterdam_GE3T_103,Amsterdam,9,4,2,2,,True
full_features,3class,random_forest,training_Amsterdam_GE3T_107,Amsterdam,9,4,0,1,,True
full_features,3class,random_forest,training_Amsterdam_GE3T_115,Amsterdam,9,4,0,0,,True
full_features,3class,random_forest,training_Singapore_Singapore_55,Singapore,9,4,0,0,,True
full_features,3class,random_forest,training_Singapore_Singapore_56,Singapore,9,4,1,2,,True
full_features,3class,random_forest,training_Singapore_Singapore_59,Singapore,9,4,2,1,,True
full_features,3class,random_forest,training_Singapore_Singapore_69,Singapore,9,4,2,2,,True
full_features,3class,random_forest,training_Utrecht_Utrecht_0,Utrecht,9,4,2,2,,True
full_features,3class,random_forest,training_Utrecht_Utrecht_19,Utrecht,9,4,1,2,,True
full_features,3class,random_forest,training_Utrecht_Utrecht_2,Utrecht,9,4,2,2,,True
full_features,3class,random_forest,training_Utrecht_Utrecht_23,Utrecht,9,4,0,0,,True
full_features,3class,random_forest,training_Utrecht_Utrecht_8,Utrecht,9,4,0,0,,True
